Card ID,Title,Description,Column,Swimlane,Priority,Assignee,Labels,Due Date,Weight,Created At,Created By,Last Moved At,Movement Count,Movement History,Custom: Content type,Custom: Publish date,Custom: Word count,Custom: Channels,Custom: Draft doc,Custom: SEO reviewed,Swimlane Custom: Channel owner,Swimlane Custom: Monthly target,Swimlane Custom: Cadence
1,Webinar recording edit — Running CS teams with Kanban,,Idea,Blog & SEO,high,demo2,"Event, Customer",2026-03-07,1,2026-01-09T12:00:00+00:00,demo2,2026-01-09T12:00:00+00:00,1,2026-01-09T12:00:00+00:00||Idea|demo2,Video,2026-04-11,600,YouTube; Email,https://docs.example.com/drafts/1030,false,Lucas Ferreira,4,Weekly
2,All-hands deck — annual planning kickoff,,Idea,Press & PR,low,demo1,,2026-04-08,7,2026-01-15T12:00:00+00:00,demo1,2026-01-15T12:00:00+00:00,1,2026-01-15T12:00:00+00:00||Idea|demo1,Video,2026-03-14,,YouTube,,false,Isabel Ortiz,5,Biweekly
3,Internal wiki — incident response runbook update,,Idea,Partner Content,high,demo3,,2026-04-26,7,2026-02-13T12:00:00+00:00,demo3,2026-02-13T12:00:00+00:00,1,2026-02-13T12:00:00+00:00||Idea|demo3,Video,2026-05-11,,Email; Docs site,,false,Avery Brooks,6,Monthly
4,The product manager's guide to board analytics,Content for Blog & SEO. Confirm channels and the publish date before final approval.,Assigned,Blog & SEO,medium,demo2,"Product, Thought Leadership",,1,2026-01-06T12:00:00+00:00,demo2,2026-01-31T12:00:00+00:00,2,2026-01-06T12:00:00+00:00||Idea|demo2; 2026-01-31T12:00:00+00:00|Idea|Assigned|demo3,Article,2026-04-19,300,Blog; Email,,false,Lucas Ferreira,4,Weekly
5,LinkedIn carousel — remote team collaboration tips,"Social Media piece. Draft lives in the linked doc; edits happen there, status happens here.",Assigned,Social Media,medium,demo4,"Product, Customer",,1,2026-01-07T12:00:00+00:00,demo4,2026-01-22T12:00:00+00:00,2,2026-01-07T12:00:00+00:00||Idea|demo4; 2026-01-22T12:00:00+00:00|Idea|Assigned|demo5,Video,2026-04-10,1800,LinkedIn,https://docs.example.com/drafts/1021,false,Nadia Haddad,5,Biweekly
6,Press release — HIPAA compliance certification,Content for Social Media. Confirm channels and the publish date before final approval.,Assigned,Social Media,medium,demo4,"SEO, Event",,4,2025-12-14T12:00:00+00:00,demo4,2026-01-04T12:00:00+00:00,2,2025-12-14T12:00:00+00:00||Idea|demo4; 2026-01-04T12:00:00+00:00|Idea|Assigned|demo5,Article,2026-04-25,,Docs site,https://docs.example.com/drafts/1091,false,Nadia Haddad,5,Biweekly
7,All-hands deck — product roadmap preview Q2 2026,,Assigned,Social Media,high,demo4,"Thought Leadership, Product",,7,2026-02-08T12:00:00+00:00,demo4,2026-02-18T12:00:00+00:00,2,2026-02-08T12:00:00+00:00||Idea|demo4; 2026-02-18T12:00:00+00:00|Idea|Assigned|demo5,Social post,2026-04-26,,Email,https://docs.example.com/drafts/1111,false,Nadia Haddad,5,Biweekly
8,LinkedIn carousel — 10 Kanban metrics that matter,,Assigned,Video Production,urgent,demo1,Thought Leadership,2026-04-17,3,2026-02-09T12:00:00+00:00,demo1,2026-02-16T12:00:00+00:00,2,2026-02-09T12:00:00+00:00||Idea|demo1; 2026-02-16T12:00:00+00:00|Idea|Assigned|demo2,Newsletter,2026-04-10,,Blog,https://docs.example.com/drafts/1012,false,Owen Gallagher,6,Monthly
9,Analyst briefing — Forrester Wave preparation,,Assigned,Video Production,medium,demo1,Customer,,2,2026-01-08T12:00:00+00:00,demo1,2026-01-28T12:00:00+00:00,2,2026-01-08T12:00:00+00:00||Idea|demo1; 2026-01-28T12:00:00+00:00|Idea|Assigned|demo2,Guide,2026-05-06,1600,Email; Docs site,https://docs.example.com/drafts/1092,false,Owen Gallagher,6,Monthly
10,Twitter/X thread — launch of Space+drag pan feature,"Email Campaigns piece. Draft lives in the linked doc; edits happen there, status happens here.",Assigned,Email Campaigns,high,demo3,Event,2026-04-18,8,2026-01-19T12:00:00+00:00,demo3,2026-01-27T12:00:00+00:00,2,2026-01-19T12:00:00+00:00||Idea|demo3; 2026-01-27T12:00:00+00:00|Idea|Assigned|demo4,Article,2026-03-29,2100,Blog; Docs site,https://docs.example.com/drafts/1013,false,Sofia Marino,7,Weekly
11,Instagram Reel — customer testimonial clip from TechNova,Content for Webinars & Events. Confirm channels and the publish date before final approval.,Assigned,Webinars & Events,urgent,demo4,,,2,2026-01-11T12:00:00+00:00,demo4,2026-01-23T12:00:00+00:00,2,2026-01-11T12:00:00+00:00||Idea|demo4; 2026-01-23T12:00:00+00:00|Idea|Assigned|demo5,Article,,,Blog; Email,,false,Jonas Berg,4,Weekly
12,Visiban vs competitors — YouTube comparison video,,Assigned,Webinars & Events,medium,demo4,Event,2026-04-19,3,2026-01-19T12:00:00+00:00,demo4,2026-02-04T12:00:00+00:00,2,2026-01-19T12:00:00+00:00||Idea|demo4; 2026-02-04T12:00:00+00:00|Idea|Assigned|demo5,Social post,2026-03-12,2800,YouTube; Docs site,https://docs.example.com/drafts/1026,false,Jonas Berg,4,Weekly
13,Re-engagement campaign — users inactive > 30 days,,Assigned,Partner Content,high,demo3,Product,,6,2025-12-22T12:00:00+00:00,demo3,2026-01-19T12:00:00+00:00,2,2025-12-22T12:00:00+00:00||Idea|demo3; 2026-01-19T12:00:00+00:00|Idea|Assigned|demo4,Guide,,1900,YouTube,,false,Avery Brooks,6,Monthly
14,Office hours — live Q&A with the product team,,Assigned,Partner Content,low,demo3,"Product, Event",2026-03-01,3,2026-02-12T12:00:00+00:00,demo3,2026-02-23T12:00:00+00:00,2,2026-02-12T12:00:00+00:00||Idea|demo3; 2026-02-23T12:00:00+00:00|Idea|Assigned|demo4,Newsletter,,2000,LinkedIn; YouTube,https://docs.example.com/drafts/1078,false,Avery Brooks,6,Monthly
15,Integrating Kanban with your CI/CD pipeline,,Assigned,Internal Communications,low,,,2026-03-20,2,2026-01-31T12:00:00+00:00,demo5,2026-02-08T12:00:00+00:00,2,2026-01-31T12:00:00+00:00||Idea|demo5; 2026-02-08T12:00:00+00:00|Idea|Assigned|demo1,Newsletter,2026-04-24,,Blog; Email,,false,Priya Raman,7,Weekly
16,Product launch email — Groups feature announcement,Content for Internal Communications. Confirm channels and the publish date before final approval.,Assigned,Internal Communications,low,,,,7,2026-01-09T12:00:00+00:00,demo5,2026-01-23T12:00:00+00:00,2,2026-01-09T12:00:00+00:00||Idea|demo5; 2026-01-23T12:00:00+00:00|Idea|Assigned|demo1,Article,2026-04-15,,Docs site,https://docs.example.com/drafts/1039,false,Priya Raman,7,Weekly
17,User guide — board analytics dashboard,Content for Internal Communications. Confirm channels and the publish date before final approval.,Assigned,Internal Communications,high,,Event,2026-03-07,5,2026-01-03T12:00:00+00:00,demo5,2026-01-14T12:00:00+00:00,2,2026-01-03T12:00:00+00:00||Idea|demo5; 2026-01-14T12:00:00+00:00|Idea|Assigned|demo1,Guide,2026-03-27,700,LinkedIn,https://docs.example.com/drafts/1049,false,Priya Raman,7,Weekly
18,Workshop: building a metrics-driven Kanban practice,"Internal Communications piece. Draft lives in the linked doc; edits happen there, status happens here.",Assigned,Internal Communications,urgent,,"Product, SEO",,8,2026-02-10T12:00:00+00:00,demo5,2026-02-17T12:00:00+00:00,2,2026-02-10T12:00:00+00:00||Idea|demo5; 2026-02-17T12:00:00+00:00|Idea|Assigned|demo1,Newsletter,,500,YouTube,https://docs.example.com/drafts/1079,false,Priya Raman,7,Weekly
19,Internal newsletter — March engineering highlights,"Internal Communications piece. Draft lives in the linked doc; edits happen there, status happens here.",Assigned,Internal Communications,urgent,,,2026-03-23,2,2025-12-20T12:00:00+00:00,demo5,2026-01-19T12:00:00+00:00,2,2025-12-20T12:00:00+00:00||Idea|demo5; 2026-01-19T12:00:00+00:00|Idea|Assigned|demo1,Video,2026-03-08,3100,YouTube,https://docs.example.com/drafts/1109,false,Priya Raman,7,Weekly
20,Release notes — v1.4.0 changelog,"Blog & SEO piece. Draft lives in the linked doc; edits happen there, status happens here.",Draft,Blog & SEO,urgent,demo2,,,5,2025-12-12T12:00:00+00:00,demo2,2026-01-19T12:00:00+00:00,3,2025-12-12T12:00:00+00:00||Idea|demo2; 2025-12-29T12:00:00+00:00|Idea|Assigned|demo3; 2026-01-19T12:00:00+00:00|Assigned|Draft|demo4,Newsletter,,2700,Email,,false,Lucas Ferreira,4,Weekly
21,Pinnacle Health — clinical ops workflow management,,Draft,Blog & SEO,medium,demo2,"Thought Leadership, Customer",2026-02-25,8,2025-12-10T12:00:00+00:00,demo2,2026-01-24T12:00:00+00:00,3,2025-12-10T12:00:00+00:00||Idea|demo2; 2026-01-01T12:00:00+00:00|Idea|Assigned|demo3; 2026-01-24T12:00:00+00:00|Assigned|Draft|demo4,Social post,2026-04-23,1000,Docs site,https://docs.example.com/drafts/1070,false,Lucas Ferreira,4,Weekly
22,Onboarding drip — Day 14: invite your team,Content for Social Media. Confirm channels and the publish date before final approval.,Draft,Social Media,urgent,demo4,Customer,2026-02-23,2,2026-01-13T12:00:00+00:00,demo4,2026-02-04T12:00:00+00:00,3,2026-01-13T12:00:00+00:00||Idea|demo4; 2026-01-27T12:00:00+00:00|Idea|Assigned|demo5; 2026-02-04T12:00:00+00:00|Assigned|Draft|demo1,Guide,2026-03-18,2700,Docs site,https://docs.example.com/drafts/1041,false,Nadia Haddad,5,Biweekly
23,Partner newsletter feature — Slack App Directory listing,,Draft,Social Media,medium,demo4,"SEO, Customer",2026-02-14,4,2026-01-13T12:00:00+00:00,demo4,2026-02-06T12:00:00+00:00,3,2026-01-13T12:00:00+00:00||Idea|demo4; 2026-01-25T12:00:00+00:00|Idea|Assigned|demo5; 2026-02-06T12:00:00+00:00|Assigned|Draft|demo1,Social post,2026-05-10,,Blog; Docs site,https://docs.example.com/drafts/1101,false,Nadia Haddad,5,Biweekly
24,Internal wiki — updated engineering onboarding guide,"Video Production piece. Draft lives in the linked doc; edits happen there, status happens here.",Draft,Video Production,medium,demo1,"Event, Customer",2026-03-30,6,2026-01-12T12:00:00+00:00,demo1,2026-01-30T12:00:00+00:00,3,2026-01-12T12:00:00+00:00||Idea|demo1; 2026-01-25T12:00:00+00:00|Idea|Assigned|demo2; 2026-01-30T12:00:00+00:00|Assigned|Draft|demo3,Newsletter,2026-03-14,1100,Email; Docs site,https://docs.example.com/drafts/1112,false,Owen Gallagher,6,Monthly
25,Short-form video — swimlane collapse demo for TikTok,,Draft,Email Campaigns,medium,demo3,Thought Leadership,,3,2026-01-20T12:00:00+00:00,demo3,2026-02-09T12:00:00+00:00,5,2026-01-20T12:00:00+00:00||Idea|demo3; 2026-01-27T12:00:00+00:00|Idea|Assigned|demo4; 2026-02-03T12:00:00+00:00|Assigned|Idea|demo5; 2026-02-07T12:00:00+00:00|Idea|Assigned|demo1; 2026-02-09T12:00:00+00:00|Assigned|Draft|demo2,Newsletter,2026-03-02,1600,Email,,false,Sofia Marino,7,Weekly
26,YouTube Shorts — drag and drop in action,,Draft,Email Campaigns,high,demo3,Event,,4,2026-01-31T12:00:00+00:00,demo3,2026-02-19T12:00:00+00:00,3,2026-01-31T12:00:00+00:00||Idea|demo3; 2026-02-10T12:00:00+00:00|Idea|Assigned|demo4; 2026-02-19T12:00:00+00:00|Assigned|Draft|demo5,Newsletter,2026-04-12,1900,YouTube; Docs site,,false,Sofia Marino,7,Weekly
27,Virtual workshop — swimlane strategies for agencies,,Draft,Email Campaigns,medium,demo3,Product,2026-03-25,2,2025-12-31T12:00:00+00:00,demo3,2026-01-25T12:00:00+00:00,3,2025-12-31T12:00:00+00:00||Idea|demo3; 2026-01-08T12:00:00+00:00|Idea|Assigned|demo4; 2026-01-25T12:00:00+00:00|Assigned|Draft|demo5,Article,2026-04-19,2800,LinkedIn,,false,Sofia Marino,7,Weekly
28,Product demo: real-time collaboration features,"Case Studies piece. Draft lives in the linked doc; edits happen there, status happens here.",Draft,Case Studies,medium,demo2,,,7,2025-12-27T12:00:00+00:00,demo2,2026-01-21T12:00:00+00:00,3,2025-12-27T12:00:00+00:00||Idea|demo2; 2026-01-05T12:00:00+00:00|Idea|Assigned|demo3; 2026-01-21T12:00:00+00:00|Assigned|Draft|demo4,Article,2026-05-03,1300,Blog; LinkedIn,https://docs.example.com/drafts/1035,false,Mei Lin,9,Monthly
29,Customer milestone email — 1000th card moved,Content for Case Studies. Confirm channels and the publish date before final approval.,Draft,Case Studies,low,demo2,"Event, Product",2026-04-09,5,2025-12-19T12:00:00+00:00,demo2,2026-01-19T12:00:00+00:00,3,2025-12-19T12:00:00+00:00||Idea|demo2; 2026-01-04T12:00:00+00:00|Idea|Assigned|demo3; 2026-01-19T12:00:00+00:00|Assigned|Draft|demo4,Guide,2026-03-20,1500,Docs site,https://docs.example.com/drafts/1045,false,Mei Lin,9,Monthly
30,Joint press release — strategic alliance with Atlassian,,Draft,Case Studies,high,demo2,"Thought Leadership, SEO",2026-04-15,2,2026-02-05T12:00:00+00:00,demo2,2026-02-27T12:00:00+00:00,5,2026-02-05T12:00:00+00:00||Idea|demo2; 2026-02-12T12:00:00+00:00|Idea|Assigned|demo3; 2026-02-17T12:00:00+00:00|Assigned|Idea|demo4; 2026-02-21T12:00:00+00:00|Idea|Assigned|demo5; 2026-02-27T12:00:00+00:00|Assigned|Draft|demo1,Social post,2026-03-08,3000,LinkedIn; YouTube,,false,Mei Lin,9,Monthly
31,Troubleshooting — common board loading issues,,Draft,Webinars & Events,high,demo4,Customer,,5,2026-01-16T12:00:00+00:00,demo4,2026-02-02T12:00:00+00:00,3,2026-01-16T12:00:00+00:00||Idea|demo4; 2026-01-23T12:00:00+00:00|Idea|Assigned|demo5; 2026-02-02T12:00:00+00:00|Assigned|Draft|demo1,Video,2026-04-14,,Blog; Docs site,https://docs.example.com/drafts/1056,false,Jonas Berg,4,Weekly
32,Media pitch — open-source Kanban story for TechCrunch,,Draft,Webinars & Events,urgent,demo4,Event,2026-04-04,4,2026-01-26T12:00:00+00:00,demo4,2026-02-17T12:00:00+00:00,5,2026-01-26T12:00:00+00:00||Idea|demo4; 2026-02-06T12:00:00+00:00|Idea|Assigned|demo5; 2026-02-11T12:00:00+00:00|Assigned|Idea|demo1; 2026-02-13T12:00:00+00:00|Idea|Assigned|demo2; 2026-02-17T12:00:00+00:00|Assigned|Draft|demo3,Article,2026-04-10,2100,Blog,,false,Jonas Berg,4,Weekly
33,LinkedIn post — case study highlight: BlueSky Health,,Draft,Partner Content,medium,demo3,,,5,2025-12-13T12:00:00+00:00,demo3,2026-01-15T12:00:00+00:00,3,2025-12-13T12:00:00+00:00||Idea|demo3; 2026-01-10T12:00:00+00:00|Idea|Assigned|demo4; 2026-01-15T12:00:00+00:00|Assigned|Draft|demo5,Newsletter,2026-04-16,1000,Blog; Docs site,,false,Avery Brooks,6,Monthly
34,API reference — card movement endpoint updates,"Partner Content piece. Draft lives in the linked doc; edits happen there, status happens here.",Draft,Partner Content,urgent,demo3,"Product, Customer",,7,2026-01-13T12:00:00+00:00,demo3,2026-02-10T12:00:00+00:00,5,2026-01-13T12:00:00+00:00||Idea|demo3; 2026-01-26T12:00:00+00:00|Idea|Assigned|demo4; 2026-02-01T12:00:00+00:00|Assigned|Idea|demo5; 2026-02-05T12:00:00+00:00|Idea|Assigned|demo1; 2026-02-10T12:00:00+00:00|Assigned|Draft|demo2,Article,2026-03-04,,Blog; YouTube,,false,Avery Brooks,6,Monthly
35,User guide — swimlane management best practices,,Draft,Partner Content,urgent,demo3,"Thought Leadership, SEO",2026-04-10,1,2026-01-16T12:00:00+00:00,demo3,2026-02-07T12:00:00+00:00,5,2026-01-16T12:00:00+00:00||Idea|demo3; 2026-01-26T12:00:00+00:00|Idea|Assigned|demo4; 2026-01-30T12:00:00+00:00|Assigned|Idea|demo5; 2026-02-01T12:00:00+00:00|Idea|Assigned|demo1; 2026-02-07T12:00:00+00:00|Assigned|Draft|demo2,Guide,2026-03-28,,Docs site,https://docs.example.com/drafts/1058,false,Avery Brooks,6,Monthly
36,Joint webinar — Visiban + GitHub for developer workflows,"Partner Content piece. Draft lives in the linked doc; edits happen there, status happens here.",Draft,Partner Content,medium,demo3,,2026-03-14,1,2026-02-08T12:00:00+00:00,demo3,2026-02-20T12:00:00+00:00,3,2026-02-08T12:00:00+00:00||Idea|demo3; 2026-02-18T12:00:00+00:00|Idea|Assigned|demo4; 2026-02-20T12:00:00+00:00|Assigned|Draft|demo5,Social post,,,Blog; YouTube,,false,Avery Brooks,6,Monthly
37,All-hands deck — Q1 2026 company update,,Draft,Partner Content,high,demo3,,2026-04-10,2,2026-01-30T12:00:00+00:00,demo3,2026-02-16T12:00:00+00:00,5,2026-01-30T12:00:00+00:00||Idea|demo3; 2026-02-04T12:00:00+00:00|Idea|Assigned|demo4; 2026-02-11T12:00:00+00:00|Assigned|Idea|demo5; 2026-02-13T12:00:00+00:00|Idea|Assigned|demo1; 2026-02-16T12:00:00+00:00|Assigned|Draft|demo2,Guide,2026-03-04,1000,Blog,https://docs.example.com/drafts/1108,false,Avery Brooks,6,Monthly
38,Atlas Retail Group — 200-store operations board,,Draft,Internal Communications,low,,Thought Leadership,2026-03-11,7,2026-01-05T12:00:00+00:00,demo5,2026-01-30T12:00:00+00:00,3,2026-01-05T12:00:00+00:00||Idea|demo5; 2026-01-21T12:00:00+00:00|Idea|Assigned|demo1; 2026-01-30T12:00:00+00:00|Assigned|Draft|demo2,Social post,2026-03-16,1800,LinkedIn,https://docs.example.com/drafts/1069,false,Priya Raman,7,Weekly
39,Culture post — hackathon results and demos,Content for Internal Communications. Confirm channels and the publish date before final approval.,Draft,Internal Communications,high,,Event,2026-04-27,6,2025-12-27T12:00:00+00:00,demo5,2026-02-01T12:00:00+00:00,5,2025-12-27T12:00:00+00:00||Idea|demo5; 2026-01-12T12:00:00+00:00|Idea|Assigned|demo1; 2026-01-15T12:00:00+00:00|Assigned|Idea|demo2; 2026-01-20T12:00:00+00:00|Idea|Assigned|demo3; 2026-02-01T12:00:00+00:00|Assigned|Draft|demo4,Newsletter,2026-05-04,,Email,https://docs.example.com/drafts/1119,false,Priya Raman,7,Weekly
40,Onboarding drip — Day 1: welcome and board setup,"Blog & SEO piece. Draft lives in the linked doc; edits happen there, status happens here.",Internal Review,Blog & SEO,high,demo2,"Product, Customer",,7,2025-12-10T12:00:00+00:00,demo2,2026-01-13T12:00:00+00:00,6,2025-12-10T12:00:00+00:00||Idea|demo2; 2025-12-17T12:00:00+00:00|Idea|Assigned|demo3; 2025-12-19T12:00:00+00:00|Assigned|Draft|demo4; 2025-12-22T12:00:00+00:00|Draft|Assigned|demo5; 2026-01-04T12:00:00+00:00|Assigned|Draft|demo1; 2026-01-13T12:00:00+00:00|Draft|Internal Review|demo2,Guide,,600,Blog; YouTube,https://docs.example.com/drafts/1040,false,Lucas Ferreira,4,Weekly
41,Culture post — new team member introductions,Content for Blog & SEO. Confirm channels and the publish date before final approval.,Internal Review,Blog & SEO,medium,demo2,"Product, Customer",2026-02-26,4,2026-01-26T12:00:00+00:00,demo2,2026-02-14T12:00:00+00:00,4,2026-01-26T12:00:00+00:00||Idea|demo2; 2026-02-02T12:00:00+00:00|Idea|Assigned|demo3; 2026-02-07T12:00:00+00:00|Assigned|Draft|demo4; 2026-02-14T12:00:00+00:00|Draft|Internal Review|demo5,Video,2026-03-04,400,Blog; Email,https://docs.example.com/drafts/1110,false,Lucas Ferreira,4,Weekly
42,Conference talk submission — DevOpsDays EU,"Social Media piece. Draft lives in the linked doc; edits happen there, status happens here.",Internal Review,Social Media,medium,demo4,Product,2026-04-23,4,2026-01-25T12:00:00+00:00,demo4,2026-02-14T12:00:00+00:00,4,2026-01-25T12:00:00+00:00||Idea|demo4; 2026-02-06T12:00:00+00:00|Idea|Assigned|demo5; 2026-02-10T12:00:00+00:00|Assigned|Draft|demo1; 2026-02-14T12:00:00+00:00|Draft|Internal Review|demo2,Video,2026-03-17,2700,Docs site,https://docs.example.com/drafts/1081,false,Nadia Haddad,5,Biweekly
43,Admin guide — SSO configuration with Okta,"Video Production piece. Draft lives in the linked doc; edits happen there, status happens here.",Internal Review,Video Production,low,demo1,"Product, Event",2026-04-04,7,2025-12-13T12:00:00+00:00,demo1,2026-01-06T12:00:00+00:00,6,2025-12-13T12:00:00+00:00||Idea|demo1; 2025-12-21T12:00:00+00:00|Idea|Assigned|demo2; 2025-12-25T12:00:00+00:00|Assigned|Draft|demo3; 2026-01-01T12:00:00+00:00|Draft|Assigned|demo4; 2026-01-03T12:00:00+00:00|Assigned|Draft|demo5; 2026-01-06T12:00:00+00:00|Draft|Internal Review|demo1,Article,2026-04-20,,Docs site,https://docs.example.com/drafts/1052,false,Owen Gallagher,6,Monthly
44,Integration tutorial — connecting Visiban to PagerDuty,,Internal Review,Video Production,medium,demo1,,2026-04-22,2,2026-01-05T12:00:00+00:00,demo1,2026-01-27T12:00:00+00:00,3,2026-01-05T12:00:00+00:00||Idea|demo1; 2026-01-12T12:00:00+00:00|Idea|Assigned|demo2; 2026-01-27T12:00:00+00:00|Assigned|Internal Review|demo3,Article,2026-03-14,,Blog; YouTube,,false,Owen Gallagher,6,Monthly
45,Monthly product digest — March highlights,"Email Campaigns piece. Draft lives in the linked doc; edits happen there, status happens here.",Internal Review,Email Campaigns,urgent,demo3,,,2,2026-02-01T12:00:00+00:00,demo3,2026-02-18T12:00:00+00:00,4,2026-02-01T12:00:00+00:00||Idea|demo3; 2026-02-11T12:00:00+00:00|Idea|Assigned|demo4; 2026-02-14T12:00:00+00:00|Assigned|Draft|demo5; 2026-02-18T12:00:00+00:00|Draft|Internal Review|demo1,Newsletter,2026-04-14,1100,Blog; LinkedIn,,false,Sofia Marino,7,Weekly
46,FinEdge Ltd — compliance-tracking board for fintech,,Internal Review,Email Campaigns,high,demo3,,2026-04-20,8,2026-01-13T12:00:00+00:00,demo3,2026-02-07T12:00:00+00:00,4,2026-01-13T12:00:00+00:00||Idea|demo3; 2026-01-19T12:00:00+00:00|Idea|Assigned|demo4; 2026-01-29T12:00:00+00:00|Assigned|Draft|demo5; 2026-02-07T12:00:00+00:00|Draft|Internal Review|demo1,Video,2026-04-13,1700,Docs site,https://docs.example.com/drafts/1063,false,Sofia Marino,7,Weekly
47,Co-branded infographic — state of Kanban 2026,Content for Email Campaigns. Confirm channels and the publish date before final approval.,Internal Review,Email Campaigns,low,demo3,Thought Leadership,,5,2025-12-23T12:00:00+00:00,demo3,2026-01-26T12:00:00+00:00,6,2025-12-23T12:00:00+00:00||Idea|demo3; 2026-01-03T12:00:00+00:00|Idea|Assigned|demo4; 2026-01-14T12:00:00+00:00|Assigned|Idea|demo5; 2026-01-16T12:00:00+00:00|Idea|Assigned|demo1; 2026-01-24T12:00:00+00:00|Assigned|Draft|demo2; 2026-01-26T12:00:00+00:00|Draft|Internal Review|demo3,Article,2026-03-12,1000,YouTube; Email,,false,Sofia Marino,7,Weekly
48,Product demo: board pan + keyboard shortcuts,,Internal Review,Product Documentation,high,,,,5,2025-12-29T12:00:00+00:00,demo5,2026-01-15T12:00:00+00:00,4,2025-12-29T12:00:00+00:00||Idea|demo5; 2026-01-08T12:00:00+00:00|Idea|Assigned|demo1; 2026-01-12T12:00:00+00:00|Assigned|Draft|demo2; 2026-01-15T12:00:00+00:00|Draft|Internal Review|demo3,Guide,2026-04-06,,Email,https://docs.example.com/drafts/1024,false,Tariq Aziz,8,Biweekly
49,Enterprise feature announcement — SSO and audit logs,,Internal Review,Product Documentation,low,,"Customer, Thought Leadership",2026-04-10,2,2025-12-22T12:00:00+00:00,demo5,2026-01-26T12:00:00+00:00,4,2025-12-22T12:00:00+00:00||Idea|demo5; 2025-12-31T12:00:00+00:00|Idea|Assigned|demo1; 2026-01-12T12:00:00+00:00|Assigned|Draft|demo2; 2026-01-26T12:00:00+00:00|Draft|Internal Review|demo3,Newsletter,2026-05-06,3100,Docs site,,false,Tariq Aziz,8,Biweekly
50,Analyst briefing — Gartner PPM Magic Quadrant,"Case Studies piece. Draft lives in the linked doc; edits happen there, status happens here.",Internal Review,Case Studies,medium,demo2,"Customer, Event",2026-04-21,6,2026-01-30T12:00:00+00:00,demo2,2026-02-12T12:00:00+00:00,4,2026-01-30T12:00:00+00:00||Idea|demo2; 2026-02-05T12:00:00+00:00|Idea|Assigned|demo3; 2026-02-08T12:00:00+00:00|Assigned|Draft|demo4; 2026-02-12T12:00:00+00:00|Draft|Internal Review|demo5,Video,2026-03-17,2400,Blog,https://docs.example.com/drafts/1085,false,Mei Lin,9,Monthly
51,Card movement audit trails — a compliance use case,,Internal Review,Webinars & Events,medium,demo4,,,6,2026-01-05T12:00:00+00:00,demo4,2026-02-01T12:00:00+00:00,4,2026-01-05T12:00:00+00:00||Idea|demo4; 2026-01-13T12:00:00+00:00|Idea|Assigned|demo5; 2026-01-20T12:00:00+00:00|Assigned|Draft|demo1; 2026-02-01T12:00:00+00:00|Draft|Internal Review|demo2,Social post,2026-03-26,1300,Blog; Docs site,,false,Jonas Berg,4,Weekly
52,April newsletter — product updates + case study feature,"Webinars & Events piece. Draft lives in the linked doc; edits happen there, status happens here.",Internal Review,Webinars & Events,urgent,demo4,Thought Leadership,2026-03-05,5,2025-12-21T12:00:00+00:00,demo4,2026-01-20T12:00:00+00:00,4,2025-12-21T12:00:00+00:00||Idea|demo4; 2026-01-09T12:00:00+00:00|Idea|Assigned|demo5; 2026-01-15T12:00:00+00:00|Assigned|Draft|demo1; 2026-01-20T12:00:00+00:00|Draft|Internal Review|demo2,Social post,,3100,Docs site,https://docs.example.com/drafts/1036,false,Jonas Berg,4,Weekly
53,NPS survey email — quarterly feedback request,,Internal Review,Webinars & Events,medium,demo4,"Customer, Event",,6,2026-02-10T12:00:00+00:00,demo4,2026-02-23T12:00:00+00:00,3,2026-02-10T12:00:00+00:00||Idea|demo4; 2026-02-19T12:00:00+00:00|Idea|Draft|demo5; 2026-02-23T12:00:00+00:00|Draft|Internal Review|demo1,Video,2026-03-28,,Docs site,,false,Jonas Berg,4,Weekly
54,Harbour Digital — startup scaling with Visiban,"Webinars & Events piece. Draft lives in the linked doc; edits happen there, status happens here.",Internal Review,Webinars & Events,medium,demo4,"Product, SEO",2026-04-01,6,2026-02-05T12:00:00+00:00,demo4,2026-02-21T12:00:00+00:00,4,2026-02-05T12:00:00+00:00||Idea|demo4; 2026-02-10T12:00:00+00:00|Idea|Assigned|demo5; 2026-02-16T12:00:00+00:00|Assigned|Draft|demo1; 2026-02-21T12:00:00+00:00|Draft|Internal Review|demo2,Video,2026-03-15,2200,YouTube; Email,,false,Jonas Berg,4,Weekly
55,Co-branded guide — Visiban + Slack for async teams,Content for Webinars & Events. Confirm channels and the publish date before final approval.,Internal Review,Webinars & Events,high,demo4,"Product, Customer",2026-03-16,5,2026-02-08T12:00:00+00:00,demo4,2026-02-21T12:00:00+00:00,4,2026-02-08T12:00:00+00:00||Idea|demo4; 2026-02-15T12:00:00+00:00|Idea|Assigned|demo5; 2026-02-18T12:00:00+00:00|Assigned|Draft|demo1; 2026-02-21T12:00:00+00:00|Draft|Internal Review|demo2,Newsletter,2026-04-23,1400,YouTube,https://docs.example.com/drafts/1096,false,Jonas Berg,4,Weekly
56,Integration guide — Visiban webhooks + Zapier recipes,,Internal Review,Webinars & Events,low,demo4,Event,,8,2026-01-08T12:00:00+00:00,demo4,2026-02-07T12:00:00+00:00,6,2026-01-08T12:00:00+00:00||Idea|demo4; 2026-01-13T12:00:00+00:00|Idea|Assigned|demo5; 2026-01-21T12:00:00+00:00|Assigned|Draft|demo1; 2026-01-26T12:00:00+00:00|Draft|Assigned|demo2; 2026-01-29T12:00:00+00:00|Assigned|Draft|demo3; 2026-02-07T12:00:00+00:00|Draft|Internal Review|demo4,Guide,2026-04-21,1900,LinkedIn,https://docs.example.com/drafts/1106,false,Jonas Berg,4,Weekly
57,Twitter/X thread — 5 hidden keyboard shortcuts,,Internal Review,Press & PR,high,demo1,,2026-04-07,2,2025-12-10T12:00:00+00:00,demo1,2026-01-12T12:00:00+00:00,4,2025-12-10T12:00:00+00:00||Idea|demo1; 2025-12-21T12:00:00+00:00|Idea|Assigned|demo2; 2025-12-31T12:00:00+00:00|Assigned|Draft|demo3; 2026-01-12T12:00:00+00:00|Draft|Internal Review|demo4,Social post,2026-05-05,300,Blog; Docs site,https://docs.example.com/drafts/1017,false,Isabel Ortiz,5,Biweekly
58,Onboarding drip — Day 7: advanced swimlane tips,,Internal Review,Press & PR,high,demo1,SEO,,7,2026-01-31T12:00:00+00:00,demo1,2026-02-20T12:00:00+00:00,3,2026-01-31T12:00:00+00:00||Idea|demo1; 2026-02-12T12:00:00+00:00|Idea|Assigned|demo2; 2026-02-20T12:00:00+00:00|Assigned|Internal Review|demo3,Article,2026-05-05,,YouTube; Docs site,,false,Isabel Ortiz,5,Biweekly
59,Seasonal promotion — annual plan discount,Content for Press & PR. Confirm channels and the publish date before final approval.,Internal Review,Press & PR,medium,demo1,Product,2026-04-13,3,2026-02-01T12:00:00+00:00,demo1,2026-02-24T12:00:00+00:00,6,2026-02-01T12:00:00+00:00||Idea|demo1; 2026-02-08T12:00:00+00:00|Idea|Assigned|demo2; 2026-02-12T12:00:00+00:00|Assigned|Draft|demo3; 2026-02-16T12:00:00+00:00|Draft|Assigned|demo4; 2026-02-20T12:00:00+00:00|Assigned|Draft|demo5; 2026-02-24T12:00:00+00:00|Draft|Internal Review|demo1,Newsletter,2026-04-28,1100,YouTube,https://docs.example.com/drafts/1047,false,Isabel Ortiz,5,Biweekly
60,API reference — bulk operations endpoint,Content for Press & PR. Confirm channels and the publish date before final approval.,Internal Review,Press & PR,medium,demo1,Event,,2,2026-01-25T12:00:00+00:00,demo1,2026-02-14T12:00:00+00:00,4,2026-01-25T12:00:00+00:00||Idea|demo1; 2026-01-31T12:00:00+00:00|Idea|Assigned|demo2; 2026-02-09T12:00:00+00:00|Assigned|Draft|demo3; 2026-02-14T12:00:00+00:00|Draft|Internal Review|demo4,Guide,2026-03-08,2700,YouTube,https://docs.example.com/drafts/1057,false,Isabel Ortiz,5,Biweekly
61,"Press release — 10,000 customer milestone",,Internal Review,Press & PR,medium,demo1,"Customer, Thought Leadership",2026-04-05,8,2026-02-06T12:00:00+00:00,demo1,2026-03-03T12:00:00+00:00,4,2026-02-06T12:00:00+00:00||Idea|demo1; 2026-02-18T12:00:00+00:00|Idea|Assigned|demo2; 2026-02-25T12:00:00+00:00|Assigned|Draft|demo3; 2026-03-03T12:00:00+00:00|Draft|Internal Review|demo4,Video,2026-05-09,3100,Blog; YouTube,https://docs.example.com/drafts/1087,false,Isabel Ortiz,5,Biweekly
62,Partner blog post — Zapier integration launch,"Press & PR piece. Draft lives in the linked doc; edits happen there, status happens here.",Internal Review,Press & PR,low,demo1,"Thought Leadership, Product",2026-04-01,6,2026-01-04T12:00:00+00:00,demo1,2026-01-19T12:00:00+00:00,3,2026-01-04T12:00:00+00:00||Idea|demo1; 2026-01-17T12:00:00+00:00|Idea|Draft|demo2; 2026-01-19T12:00:00+00:00|Draft|Internal Review|demo3,Newsletter,2026-04-27,400,Blog; Docs site,,false,Isabel Ortiz,5,Biweekly
63,Co-branded video — Visiban + Figma for design handoff,"Press & PR piece. Draft lives in the linked doc; edits happen there, status happens here.",Internal Review,Press & PR,low,demo1,Product,2026-04-06,5,2026-01-19T12:00:00+00:00,demo1,2026-02-05T12:00:00+00:00,3,2026-01-19T12:00:00+00:00||Idea|demo1; 2026-02-02T12:00:00+00:00|Idea|Draft|demo2; 2026-02-05T12:00:00+00:00|Draft|Internal Review|demo3,Newsletter,,1600,LinkedIn; YouTube,,false,Isabel Ortiz,5,Biweekly
64,Social poll — what is your biggest Kanban challenge?,"Internal Communications piece. Draft lives in the linked doc; edits happen there, status happens here.",Internal Review,Internal Communications,medium,,Event,2026-03-14,8,2026-01-01T12:00:00+00:00,demo5,2026-01-29T12:00:00+00:00,4,2026-01-01T12:00:00+00:00||Idea|demo5; 2026-01-08T12:00:00+00:00|Idea|Assigned|demo1; 2026-01-22T12:00:00+00:00|Assigned|Draft|demo2; 2026-01-29T12:00:00+00:00|Draft|Internal Review|demo3,Newsletter,2026-04-03,3000,YouTube,https://docs.example.com/drafts/1019,false,Priya Raman,7,Weekly
65,Getting started — self-hosted deployment guide,"Internal Communications piece. Draft lives in the linked doc; edits happen there, status happens here.",Internal Review,Internal Communications,high,,Event,2026-03-07,8,2026-01-13T12:00:00+00:00,demo5,2026-02-14T12:00:00+00:00,4,2026-01-13T12:00:00+00:00||Idea|demo5; 2026-01-27T12:00:00+00:00|Idea|Assigned|demo1; 2026-02-04T12:00:00+00:00|Assigned|Draft|demo2; 2026-02-14T12:00:00+00:00|Draft|Internal Review|demo3,Newsletter,,2400,LinkedIn; YouTube,https://docs.example.com/drafts/1059,false,Priya Raman,7,Weekly
66,Co-branded case study — TechNova uses Visiban + Datadog,,Edits,Blog & SEO,urgent,demo2,,2026-03-07,8,2025-12-28T12:00:00+00:00,demo2,2026-01-23T12:00:00+00:00,5,2025-12-28T12:00:00+00:00||Idea|demo2; 2026-01-04T12:00:00+00:00|Idea|Assigned|demo3; 2026-01-08T12:00:00+00:00|Assigned|Draft|demo4; 2026-01-12T12:00:00+00:00|Draft|Internal Review|demo5; 2026-01-23T12:00:00+00:00|Internal Review|Edits|demo1,Social post,,,Blog; LinkedIn,https://docs.example.com/drafts/1100,true,Lucas Ferreira,4,Weekly
67,BlueSky Health — HIPAA-compliant project management,,Edits,Social Media,medium,demo4,Product,2026-02-15,3,2025-12-29T12:00:00+00:00,demo4,2026-01-29T12:00:00+00:00,5,2025-12-29T12:00:00+00:00||Idea|demo4; 2026-01-10T12:00:00+00:00|Idea|Assigned|demo5; 2026-01-17T12:00:00+00:00|Assigned|Draft|demo1; 2026-01-24T12:00:00+00:00|Draft|Internal Review|demo2; 2026-01-29T12:00:00+00:00|Internal Review|Edits|demo3,Newsletter,,2200,Email; Docs site,,true,Nadia Haddad,5,Biweekly
68,Forge Analytics — engineering team velocity tracking,Content for Social Media. Confirm channels and the publish date before final approval.,Edits,Social Media,urgent,demo4,Customer,,7,2026-01-04T12:00:00+00:00,demo4,2026-01-30T12:00:00+00:00,5,2026-01-04T12:00:00+00:00||Idea|demo4; 2026-01-13T12:00:00+00:00|Idea|Assigned|demo5; 2026-01-24T12:00:00+00:00|Assigned|Draft|demo1; 2026-01-27T12:00:00+00:00|Draft|Internal Review|demo2; 2026-01-30T12:00:00+00:00|Internal Review|Edits|demo3,Guide,2026-04-21,1500,LinkedIn; Docs site,https://docs.example.com/drafts/1071,true,Nadia Haddad,5,Biweekly
69,Twitter/X launch day coverage — Groups feature,,Edits,Video Production,low,demo1,,2026-04-21,7,2025-12-18T12:00:00+00:00,demo1,2026-01-21T12:00:00+00:00,5,2025-12-18T12:00:00+00:00||Idea|demo1; 2025-12-30T12:00:00+00:00|Idea|Assigned|demo2; 2026-01-03T12:00:00+00:00|Assigned|Draft|demo3; 2026-01-11T12:00:00+00:00|Draft|Internal Review|demo4; 2026-01-21T12:00:00+00:00|Internal Review|Edits|demo5,Article,2026-03-18,2700,YouTube; Docs site,https://docs.example.com/drafts/1022,true,Owen Gallagher,6,Monthly
70,Product demo: bulk card operations feature,"Video Production piece. Draft lives in the linked doc; edits happen there, status happens here.",Edits,Video Production,high,demo1,"SEO, Product",2026-03-22,5,2026-01-09T12:00:00+00:00,demo1,2026-02-09T12:00:00+00:00,5,2026-01-09T12:00:00+00:00||Idea|demo1; 2026-01-14T12:00:00+00:00|Idea|Assigned|demo2; 2026-01-24T12:00:00+00:00|Assigned|Draft|demo3; 2026-01-30T12:00:00+00:00|Draft|Internal Review|demo4; 2026-02-09T12:00:00+00:00|Internal Review|Edits|demo5,Article,2026-04-03,2000,YouTube,https://docs.example.com/drafts/1032,true,Owen Gallagher,6,Monthly
71,Customer roundtable — quarterly product feedback,"Video Production piece. Draft lives in the linked doc; edits happen there, status happens here.",Edits,Video Production,high,demo1,"Thought Leadership, SEO",2026-03-08,5,2025-12-19T12:00:00+00:00,demo1,2026-01-17T12:00:00+00:00,4,2025-12-19T12:00:00+00:00||Idea|demo1; 2026-01-01T12:00:00+00:00|Idea|Draft|demo2; 2026-01-12T12:00:00+00:00|Draft|Internal Review|demo3; 2026-01-17T12:00:00+00:00|Internal Review|Edits|demo4,Social post,2026-04-08,,YouTube; Email,https://docs.example.com/drafts/1082,true,Owen Gallagher,6,Monthly
72,Building a remote-first team process — thought leadership,,Edits,Email Campaigns,high,demo3,"Thought Leadership, Customer",2026-03-17,4,2025-12-23T12:00:00+00:00,demo3,2026-01-04T12:00:00+00:00,4,2025-12-23T12:00:00+00:00||Idea|demo3; 2025-12-30T12:00:00+00:00|Idea|Assigned|demo4; 2026-01-02T12:00:00+00:00|Assigned|Internal Review|demo5; 2026-01-04T12:00:00+00:00|Internal Review|Edits|demo1,Newsletter,2026-03-12,300,YouTube; Email,https://docs.example.com/drafts/1003,true,Sofia Marino,7,Weekly
73,Short-form video — Visiban in 60 seconds for TikTok/Reels,,Edits,Product Documentation,high,,Event,2026-02-26,2,2026-02-09T12:00:00+00:00,demo5,2026-02-26T12:00:00+00:00,5,2026-02-09T12:00:00+00:00||Idea|demo5; 2026-02-15T12:00:00+00:00|Idea|Assigned|demo1; 2026-02-20T12:00:00+00:00|Assigned|Draft|demo2; 2026-02-24T12:00:00+00:00|Draft|Internal Review|demo3; 2026-02-26T12:00:00+00:00|Internal Review|Edits|demo4,Social post,,3100,Blog; LinkedIn,https://docs.example.com/drafts/1014,true,Tariq Aziz,8,Biweekly
74,User guide — keyboard shortcuts reference,"Product Documentation piece. Draft lives in the linked doc; edits happen there, status happens here.",Edits,Product Documentation,medium,,"Customer, Thought Leadership",2026-03-31,8,2026-02-02T12:00:00+00:00,demo5,2026-02-22T12:00:00+00:00,4,2026-02-02T12:00:00+00:00||Idea|demo5; 2026-02-15T12:00:00+00:00|Idea|Assigned|demo1; 2026-02-19T12:00:00+00:00|Assigned|Draft|demo2; 2026-02-22T12:00:00+00:00|Draft|Edits|demo3,Video,2026-04-17,2400,Docs site,,true,Tariq Aziz,8,Biweekly
75,Crisis communications plan — annual update,Content for Product Documentation. Confirm channels and the publish date before final approval.,Edits,Product Documentation,high,,Product,,8,2026-02-07T12:00:00+00:00,demo5,2026-02-27T12:00:00+00:00,5,2026-02-07T12:00:00+00:00||Idea|demo5; 2026-02-15T12:00:00+00:00|Idea|Assigned|demo1; 2026-02-19T12:00:00+00:00|Assigned|Draft|demo2; 2026-02-25T12:00:00+00:00|Draft|Internal Review|demo3; 2026-02-27T12:00:00+00:00|Internal Review|Edits|demo4,Newsletter,2026-05-10,1400,Blog; LinkedIn,https://docs.example.com/drafts/1094,true,Tariq Aziz,8,Biweekly
76,Why cycle time matters more than velocity,,Edits,Case Studies,high,demo2,Product,,2,2025-12-22T12:00:00+00:00,demo2,2026-01-25T12:00:00+00:00,5,2025-12-22T12:00:00+00:00||Idea|demo2; 2025-12-31T12:00:00+00:00|Idea|Assigned|demo3; 2026-01-11T12:00:00+00:00|Assigned|Draft|demo4; 2026-01-23T12:00:00+00:00|Draft|Internal Review|demo5; 2026-01-25T12:00:00+00:00|Internal Review|Edits|demo1,Article,2026-04-30,2800,LinkedIn,https://docs.example.com/drafts/1005,true,Mei Lin,9,Monthly
77,Webinar: migrating from Jira to Visiban,Content for Case Studies. Confirm channels and the publish date before final approval.,Edits,Case Studies,low,demo2,"Customer, Product",2026-04-05,7,2026-01-22T12:00:00+00:00,demo2,2026-02-09T12:00:00+00:00,5,2026-01-22T12:00:00+00:00||Idea|demo2; 2026-01-31T12:00:00+00:00|Idea|Assigned|demo3; 2026-02-02T12:00:00+00:00|Assigned|Draft|demo4; 2026-02-05T12:00:00+00:00|Draft|Internal Review|demo5; 2026-02-09T12:00:00+00:00|Internal Review|Edits|demo1,Guide,,2100,Docs site,https://docs.example.com/drafts/1075,true,Mei Lin,9,Monthly
78,Press release — strategic partnership announcement,,Edits,Case Studies,low,demo2,SEO,2026-04-19,8,2025-12-20T12:00:00+00:00,demo2,2026-02-03T12:00:00+00:00,5,2025-12-20T12:00:00+00:00||Idea|demo2; 2026-01-02T12:00:00+00:00|Idea|Assigned|demo3; 2026-01-09T12:00:00+00:00|Assigned|Draft|demo4; 2026-01-21T12:00:00+00:00|Draft|Internal Review|demo5; 2026-02-03T12:00:00+00:00|Internal Review|Edits|demo1,Article,2026-05-03,1100,Docs site,https://docs.example.com/drafts/1095,true,Mei Lin,9,Monthly
79,Internal newsletter — customer success stories roundup,"Case Studies piece. Draft lives in the linked doc; edits happen there, status happens here.",Edits,Case Studies,medium,demo2,SEO,2026-04-10,5,2026-01-30T12:00:00+00:00,demo2,2026-02-24T12:00:00+00:00,5,2026-01-30T12:00:00+00:00||Idea|demo2; 2026-02-10T12:00:00+00:00|Idea|Assigned|demo3; 2026-02-16T12:00:00+00:00|Assigned|Draft|demo4; 2026-02-18T12:00:00+00:00|Draft|Internal Review|demo5; 2026-02-24T12:00:00+00:00|Internal Review|Edits|demo1,Video,2026-03-02,,Blog; Email,https://docs.example.com/drafts/1115,true,Mei Lin,9,Monthly
80,Self-hosted vs cloud Kanban — comparison guide,Content for Press & PR. Confirm channels and the publish date before final approval.,Edits,Press & PR,urgent,demo1,SEO,2026-04-09,7,2025-12-29T12:00:00+00:00,demo1,2026-02-03T12:00:00+00:00,5,2025-12-29T12:00:00+00:00||Idea|demo1; 2026-01-09T12:00:00+00:00|Idea|Assigned|demo2; 2026-01-18T12:00:00+00:00|Assigned|Draft|demo3; 2026-01-29T12:00:00+00:00|Draft|Internal Review|demo4; 2026-02-03T12:00:00+00:00|Internal Review|Edits|demo5,Social post,2026-03-10,700,Email; Docs site,https://docs.example.com/drafts/1007,true,Isabel Ortiz,5,Biweekly
81,Industry award submission — SaaS Innovation Awards,"Partner Content piece. Draft lives in the linked doc; edits happen there, status happens here.",Edits,Partner Content,high,demo3,"Customer, Event",,7,2026-02-01T12:00:00+00:00,demo3,2026-02-27T12:00:00+00:00,5,2026-02-01T12:00:00+00:00||Idea|demo3; 2026-02-10T12:00:00+00:00|Idea|Assigned|demo4; 2026-02-17T12:00:00+00:00|Assigned|Draft|demo5; 2026-02-21T12:00:00+00:00|Draft|Internal Review|demo1; 2026-02-27T12:00:00+00:00|Internal Review|Edits|demo2,Social post,2026-05-14,800,Blog; LinkedIn,https://docs.example.com/drafts/1088,true,Avery Brooks,6,Monthly
82,Podcast guest pitch — CEO on open-core business model,Content for Internal Communications. Confirm channels and the publish date before final approval.,Edits,Internal Communications,high,,Event,2026-02-15,6,2025-12-25T12:00:00+00:00,demo5,2026-01-23T12:00:00+00:00,5,2025-12-25T12:00:00+00:00||Idea|demo5; 2026-01-03T12:00:00+00:00|Idea|Assigned|demo1; 2026-01-10T12:00:00+00:00|Assigned|Draft|demo2; 2026-01-14T12:00:00+00:00|Draft|Internal Review|demo3; 2026-01-23T12:00:00+00:00|Internal Review|Edits|demo4,Article,2026-05-09,1800,Blog,,true,Priya Raman,7,Weekly
83,Integration spotlight — Visiban + Jira migration tool,,Edits,Internal Communications,high,,Product,,7,2026-01-07T12:00:00+00:00,demo5,2026-01-28T12:00:00+00:00,4,2026-01-07T12:00:00+00:00||Idea|demo5; 2026-01-15T12:00:00+00:00|Idea|Draft|demo1; 2026-01-23T12:00:00+00:00|Draft|Internal Review|demo2; 2026-01-28T12:00:00+00:00|Internal Review|Edits|demo3,Article,2026-03-04,1500,Docs site,https://docs.example.com/drafts/1099,true,Priya Raman,7,Weekly
84,How we cut API latency by 80% — technical deep dive,Content for Blog & SEO. Confirm channels and the publish date before final approval.,Final Approval,Blog & SEO,high,demo2,"Thought Leadership, Customer",2026-02-15,8,2026-01-07T12:00:00+00:00,demo2,2026-02-13T12:00:00+00:00,8,2026-01-07T12:00:00+00:00||Idea|demo2; 2026-01-15T12:00:00+00:00|Idea|Assigned|demo3; 2026-01-18T12:00:00+00:00|Assigned|Draft|demo4; 2026-01-21T12:00:00+00:00|Draft|Internal Review|demo5; 2026-01-27T12:00:00+00:00|Internal Review|Edits|demo1; 2026-01-30T12:00:00+00:00|Edits|Internal Review|demo2; 2026-02-06T12:00:00+00:00|Internal Review|Edits|demo3; 2026-02-13T12:00:00+00:00|Edits|Final Approval|demo4,Social post,2026-04-04,2500,YouTube,https://docs.example.com/drafts/1000,true,Lucas Ferreira,4,Weekly
85,TechNova Inc — from Jira to Visiban in 30 days,,Final Approval,Blog & SEO,low,demo2,"Event, SEO",2026-04-25,6,2026-01-20T12:00:00+00:00,demo2,2026-02-23T12:00:00+00:00,6,2026-01-20T12:00:00+00:00||Idea|demo2; 2026-02-01T12:00:00+00:00|Idea|Assigned|demo3; 2026-02-07T12:00:00+00:00|Assigned|Draft|demo4; 2026-02-12T12:00:00+00:00|Draft|Internal Review|demo5; 2026-02-19T12:00:00+00:00|Internal Review|Edits|demo1; 2026-02-23T12:00:00+00:00|Edits|Final Approval|demo2,Video,2026-03-04,300,LinkedIn; Docs site,https://docs.example.com/drafts/1060,true,Lucas Ferreira,4,Weekly
86,Webinar replay edit — self-hosted deployment guide,,Final Approval,Blog & SEO,medium,demo2,Customer,2026-03-08,5,2026-01-22T12:00:00+00:00,demo2,2026-02-09T12:00:00+00:00,5,2026-01-22T12:00:00+00:00||Idea|demo2; 2026-01-31T12:00:00+00:00|Idea|Assigned|demo3; 2026-02-03T12:00:00+00:00|Assigned|Draft|demo4; 2026-02-07T12:00:00+00:00|Draft|Internal Review|demo5; 2026-02-09T12:00:00+00:00|Internal Review|Final Approval|demo1,Article,2026-03-03,2100,Docs site,https://docs.example.com/drafts/1080,true,Lucas Ferreira,4,Weekly
87,Explainer video — what is card movement tracking?,"Social Media piece. Draft lives in the linked doc; edits happen there, status happens here.",Final Approval,Social Media,medium,demo4,"Product, SEO",2026-04-16,7,2026-01-27T12:00:00+00:00,demo4,2026-02-18T12:00:00+00:00,6,2026-01-27T12:00:00+00:00||Idea|demo4; 2026-02-04T12:00:00+00:00|Idea|Assigned|demo5; 2026-02-07T12:00:00+00:00|Assigned|Draft|demo1; 2026-02-10T12:00:00+00:00|Draft|Internal Review|demo2; 2026-02-15T12:00:00+00:00|Internal Review|Edits|demo3; 2026-02-18T12:00:00+00:00|Edits|Final Approval|demo4,Video,2026-03-21,2100,YouTube; Email,,true,Nadia Haddad,5,Biweekly
88,5 ways to use swimlanes beyond customers — use case post,"Video Production piece. Draft lives in the linked doc; edits happen there, status happens here.",Final Approval,Video Production,high,demo1,,2026-02-14,4,2026-02-10T12:00:00+00:00,demo1,2026-02-27T12:00:00+00:00,6,2026-02-10T12:00:00+00:00||Idea|demo1; 2026-02-16T12:00:00+00:00|Idea|Assigned|demo2; 2026-02-19T12:00:00+00:00|Assigned|Draft|demo3; 2026-02-21T12:00:00+00:00|Draft|Internal Review|demo4; 2026-02-25T12:00:00+00:00|Internal Review|Edits|demo5; 2026-02-27T12:00:00+00:00|Edits|Final Approval|demo1,Newsletter,2026-04-13,,Blog; YouTube,,true,Owen Gallagher,6,Monthly
89,Win-back campaign — expired trial users,"Video Production piece. Draft lives in the linked doc; edits happen there, status happens here.",Final Approval,Video Production,low,demo1,"Thought Leadership, SEO",,5,2026-01-10T12:00:00+00:00,demo1,2026-02-07T12:00:00+00:00,5,2026-01-10T12:00:00+00:00||Idea|demo1; 2026-01-25T12:00:00+00:00|Idea|Assigned|demo2; 2026-02-02T12:00:00+00:00|Assigned|Draft|demo3; 2026-02-04T12:00:00+00:00|Draft|Internal Review|demo4; 2026-02-07T12:00:00+00:00|Internal Review|Final Approval|demo5,Newsletter,2026-05-10,2600,Blog,https://docs.example.com/drafts/1042,true,Owen Gallagher,6,Monthly
90,Webinar: Running customer success teams with Kanban,Content for Video Production. Confirm channels and the publish date before final approval.,Final Approval,Video Production,high,demo1,"Customer, SEO",,7,2026-02-05T12:00:00+00:00,demo1,2026-02-22T12:00:00+00:00,6,2026-02-05T12:00:00+00:00||Idea|demo1; 2026-02-11T12:00:00+00:00|Idea|Assigned|demo2; 2026-02-14T12:00:00+00:00|Assigned|Draft|demo3; 2026-02-17T12:00:00+00:00|Draft|Internal Review|demo4; 2026-02-20T12:00:00+00:00|Internal Review|Edits|demo5; 2026-02-22T12:00:00+00:00|Edits|Final Approval|demo1,Guide,2026-05-08,1100,LinkedIn; YouTube,https://docs.example.com/drafts/1072,true,Owen Gallagher,6,Monthly
91,Media pitch — remote work tools roundup for Wired,Content for Email Campaigns. Confirm channels and the publish date before final approval.,Final Approval,Email Campaigns,low,demo3,,,5,2026-02-08T12:00:00+00:00,demo3,2026-02-23T12:00:00+00:00,5,2026-02-08T12:00:00+00:00||Idea|demo3; 2026-02-15T12:00:00+00:00|Idea|Draft|demo4; 2026-02-19T12:00:00+00:00|Draft|Internal Review|demo5; 2026-02-21T12:00:00+00:00|Internal Review|Edits|demo1; 2026-02-23T12:00:00+00:00|Edits|Final Approval|demo2,Guide,2026-03-15,2100,YouTube,https://docs.example.com/drafts/1093,true,Sofia Marino,7,Weekly
92,The complete guide to WIP limits — SEO cornerstone,,Final Approval,Product Documentation,medium,,"Product, SEO",,4,2025-12-31T12:00:00+00:00,demo5,2026-02-03T12:00:00+00:00,6,2025-12-31T12:00:00+00:00||Idea|demo5; 2026-01-10T12:00:00+00:00|Idea|Assigned|demo1; 2026-01-13T12:00:00+00:00|Assigned|Draft|demo2; 2026-01-16T12:00:00+00:00|Draft|Internal Review|demo3; 2026-01-25T12:00:00+00:00|Internal Review|Edits|demo4; 2026-02-03T12:00:00+00:00|Edits|Final Approval|demo5,Social post,,900,Blog,,true,Tariq Aziz,8,Biweekly
93,Tutorial: advanced filtering and search,,Final Approval,Product Documentation,low,,,,6,2026-01-06T12:00:00+00:00,demo5,2026-02-02T12:00:00+00:00,6,2026-01-06T12:00:00+00:00||Idea|demo5; 2026-01-15T12:00:00+00:00|Idea|Assigned|demo1; 2026-01-18T12:00:00+00:00|Assigned|Draft|demo2; 2026-01-25T12:00:00+00:00|Draft|Internal Review|demo3; 2026-01-31T12:00:00+00:00|Internal Review|Edits|demo4; 2026-02-02T12:00:00+00:00|Edits|Final Approval|demo5,Article,2026-03-06,2100,Blog,,true,Tariq Aziz,8,Biweekly
94,Virtual workshop — advanced board configuration,"Product Documentation piece. Draft lives in the linked doc; edits happen there, status happens here.",Final Approval,Product Documentation,medium,,Customer,,6,2025-12-27T12:00:00+00:00,demo5,2026-01-26T12:00:00+00:00,6,2025-12-27T12:00:00+00:00||Idea|demo5; 2026-01-06T12:00:00+00:00|Idea|Assigned|demo1; 2026-01-10T12:00:00+00:00|Assigned|Draft|demo2; 2026-01-13T12:00:00+00:00|Draft|Internal Review|demo3; 2026-01-19T12:00:00+00:00|Internal Review|Edits|demo4; 2026-01-26T12:00:00+00:00|Edits|Final Approval|demo5,Guide,,,YouTube; Docs site,,true,Tariq Aziz,8,Biweekly
95,Press release — Series A funding announcement,,Final Approval,Product Documentation,medium,,Event,2026-03-06,7,2026-01-20T12:00:00+00:00,demo5,2026-02-21T12:00:00+00:00,6,2026-01-20T12:00:00+00:00||Idea|demo5; 2026-01-29T12:00:00+00:00|Idea|Assigned|demo1; 2026-02-05T12:00:00+00:00|Assigned|Draft|demo2; 2026-02-11T12:00:00+00:00|Draft|Internal Review|demo3; 2026-02-16T12:00:00+00:00|Internal Review|Edits|demo4; 2026-02-21T12:00:00+00:00|Edits|Final Approval|demo5,Guide,,1300,Blog,https://docs.example.com/drafts/1084,true,Tariq Aziz,8,Biweekly
96,Tutorial series: Visiban for beginners — Episode 3,Content for Case Studies. Confirm channels and the publish date before final approval.,Final Approval,Case Studies,high,demo2,"Event, Product",,4,2026-01-23T12:00:00+00:00,demo2,2026-02-22T12:00:00+00:00,6,2026-01-23T12:00:00+00:00||Idea|demo2; 2026-02-02T12:00:00+00:00|Idea|Assigned|demo3; 2026-02-05T12:00:00+00:00|Assigned|Draft|demo4; 2026-02-11T12:00:00+00:00|Draft|Internal Review|demo5; 2026-02-17T12:00:00+00:00|Internal Review|Edits|demo1; 2026-02-22T12:00:00+00:00|Edits|Final Approval|demo2,Guide,2026-05-02,1400,YouTube,,true,Mei Lin,9,Monthly
97,Launch event — Groups feature live demo,,Final Approval,Webinars & Events,medium,demo4,"SEO, Thought Leadership",2026-03-07,7,2025-12-24T12:00:00+00:00,demo4,2026-01-24T12:00:00+00:00,5,2025-12-24T12:00:00+00:00||Idea|demo4; 2026-01-02T12:00:00+00:00|Idea|Assigned|demo5; 2026-01-11T12:00:00+00:00|Assigned|Draft|demo1; 2026-01-14T12:00:00+00:00|Draft|Edits|demo2; 2026-01-24T12:00:00+00:00|Edits|Final Approval|demo3,Article,,800,YouTube; Docs site,https://docs.example.com/drafts/1076,true,Jonas Berg,4,Weekly
98,Policy update — revised PTO and parental leave,Content for Webinars & Events. Confirm channels and the publish date before final approval.,Final Approval,Webinars & Events,high,demo4,,,6,2026-01-23T12:00:00+00:00,demo4,2026-02-14T12:00:00+00:00,6,2026-01-23T12:00:00+00:00||Idea|demo4; 2026-01-31T12:00:00+00:00|Idea|Assigned|demo5; 2026-02-02T12:00:00+00:00|Assigned|Draft|demo1; 2026-02-05T12:00:00+00:00|Draft|Internal Review|demo2; 2026-02-07T12:00:00+00:00|Internal Review|Edits|demo3; 2026-02-14T12:00:00+00:00|Edits|Final Approval|demo4,Social post,2026-05-01,2700,Blog; YouTube,https://docs.example.com/drafts/1116,true,Jonas Berg,4,Weekly
99,Nordic Finance Group — SOC 2 evidence tracking,,Final Approval,Press & PR,high,demo1,,2026-04-08,5,2026-02-06T12:00:00+00:00,demo1,2026-02-26T12:00:00+00:00,6,2026-02-06T12:00:00+00:00||Idea|demo1; 2026-02-14T12:00:00+00:00|Idea|Assigned|demo2; 2026-02-16T12:00:00+00:00|Assigned|Draft|demo3; 2026-02-20T12:00:00+00:00|Draft|Internal Review|demo4; 2026-02-22T12:00:00+00:00|Internal Review|Edits|demo5; 2026-02-26T12:00:00+00:00|Edits|Final Approval|demo1,Article,2026-04-19,3100,YouTube; Docs site,,true,Isabel Ortiz,5,Biweekly
100,Partner webinar — Visiban + Slack integration deep dive,"Press & PR piece. Draft lives in the linked doc; edits happen there, status happens here.",Final Approval,Press & PR,low,demo1,Customer,2026-03-07,5,2026-01-12T12:00:00+00:00,demo1,2026-01-30T12:00:00+00:00,5,2026-01-12T12:00:00+00:00||Idea|demo1; 2026-01-21T12:00:00+00:00|Idea|Draft|demo2; 2026-01-24T12:00:00+00:00|Draft|Internal Review|demo3; 2026-01-28T12:00:00+00:00|Internal Review|Edits|demo4; 2026-01-30T12:00:00+00:00|Edits|Final Approval|demo5,Newsletter,2026-03-19,,YouTube; Docs site,https://docs.example.com/drafts/1077,true,Isabel Ortiz,5,Biweekly
101,Behind-the-scenes — a day in the life of our engineering team,,Scheduled,Blog & SEO,medium,demo2,Event,,7,2025-12-21T12:00:00+00:00,demo2,2026-01-26T12:00:00+00:00,7,2025-12-21T12:00:00+00:00||Idea|demo2; 2025-12-27T12:00:00+00:00|Idea|Assigned|demo3; 2026-01-01T12:00:00+00:00|Assigned|Draft|demo4; 2026-01-10T12:00:00+00:00|Draft|Internal Review|demo5; 2026-01-13T12:00:00+00:00|Internal Review|Edits|demo1; 2026-01-16T12:00:00+00:00|Edits|Final Approval|demo2; 2026-01-26T12:00:00+00:00|Final Approval|Scheduled|demo3,Video,2026-05-09,300,Email; Docs site,,true,Lucas Ferreira,4,Weekly
102,Kanban vs Scrum: which fits your team? — SEO pillar,"Social Media piece. Draft lives in the linked doc; edits happen there, status happens here.",Scheduled,Social Media,medium,demo4,,2026-03-28,7,2026-01-21T12:00:00+00:00,demo4,2026-02-24T12:00:00+00:00,9,2026-01-21T12:00:00+00:00||Idea|demo4; 2026-01-26T12:00:00+00:00|Idea|Assigned|demo5; 2026-01-31T12:00:00+00:00|Assigned|Idea|demo1; 2026-02-03T12:00:00+00:00|Idea|Assigned|demo2; 2026-02-07T12:00:00+00:00|Assigned|Draft|demo3; 2026-02-12T12:00:00+00:00|Draft|Internal Review|demo4; 2026-02-16T12:00:00+00:00|Internal Review|Edits|demo5; 2026-02-20T12:00:00+00:00|Edits|Final Approval|demo1; 2026-02-24T12:00:00+00:00|Final Approval|Scheduled|demo2,Guide,,,Email; Docs site,,true,Nadia Haddad,5,Biweekly
103,Migration guide — upgrading from v1.3 to v1.4,"Social Media piece. Draft lives in the linked doc; edits happen there, status happens here.",Scheduled,Social Media,medium,demo4,Thought Leadership,2026-03-14,4,2026-01-15T12:00:00+00:00,demo4,2026-02-17T12:00:00+00:00,9,2026-01-15T12:00:00+00:00||Idea|demo4; 2026-01-19T12:00:00+00:00|Idea|Assigned|demo5; 2026-01-24T12:00:00+00:00|Assigned|Draft|demo1; 2026-01-28T12:00:00+00:00|Draft|Internal Review|demo2; 2026-02-02T12:00:00+00:00|Internal Review|Draft|demo3; 2026-02-05T12:00:00+00:00|Draft|Internal Review|demo4; 2026-02-10T12:00:00+00:00|Internal Review|Edits|demo5; 2026-02-13T12:00:00+00:00|Edits|Final Approval|demo1; 2026-02-17T12:00:00+00:00|Final Approval|Scheduled|demo2,Newsletter,2026-04-14,1800,LinkedIn,https://docs.example.com/drafts/1051,true,Nadia Haddad,5,Biweekly
104,Mosaic Creative — 30-person agency using swimlanes per client,Content for Video Production. Confirm channels and the publish date before final approval.,Scheduled,Video Production,medium,demo1,Product,,4,2026-01-04T12:00:00+00:00,demo1,2026-02-12T12:00:00+00:00,7,2026-01-04T12:00:00+00:00||Idea|demo1; 2026-01-13T12:00:00+00:00|Idea|Assigned|demo2; 2026-01-16T12:00:00+00:00|Assigned|Draft|demo3; 2026-01-20T12:00:00+00:00|Draft|Internal Review|demo4; 2026-01-28T12:00:00+00:00|Internal Review|Edits|demo5; 2026-02-05T12:00:00+00:00|Edits|Final Approval|demo1; 2026-02-12T12:00:00+00:00|Final Approval|Scheduled|demo2,Guide,2026-03-05,,Email,,true,Owen Gallagher,6,Monthly
105,Conference talk submission — KanbanConf 2026,"Email Campaigns piece. Draft lives in the linked doc; edits happen there, status happens here.",Scheduled,Email Campaigns,high,demo3,"Customer, SEO",2026-04-17,4,2025-12-12T12:00:00+00:00,demo3,2026-01-26T12:00:00+00:00,7,2025-12-12T12:00:00+00:00||Idea|demo3; 2025-12-19T12:00:00+00:00|Idea|Assigned|demo4; 2025-12-22T12:00:00+00:00|Assigned|Draft|demo5; 2025-12-30T12:00:00+00:00|Draft|Internal Review|demo1; 2026-01-10T12:00:00+00:00|Internal Review|Edits|demo2; 2026-01-18T12:00:00+00:00|Edits|Final Approval|demo3; 2026-01-26T12:00:00+00:00|Final Approval|Scheduled|demo4,Social post,2026-03-12,1800,LinkedIn,,true,Sofia Marino,7,Weekly
106,Partner blog post — Visiban + Linear for dual-track teams,,Scheduled,Product Documentation,medium,,"Customer, SEO",2026-02-20,4,2025-12-18T12:00:00+00:00,demo5,2026-01-20T12:00:00+00:00,6,2025-12-18T12:00:00+00:00||Idea|demo5; 2026-01-01T12:00:00+00:00|Idea|Assigned|demo1; 2026-01-04T12:00:00+00:00|Assigned|Internal Review|demo2; 2026-01-07T12:00:00+00:00|Internal Review|Edits|demo3; 2026-01-11T12:00:00+00:00|Edits|Final Approval|demo4; 2026-01-20T12:00:00+00:00|Final Approval|Scheduled|demo5,Article,,700,Blog; YouTube,,true,Tariq Aziz,8,Biweekly
107,Culture post — remote work anniversary celebration,,Scheduled,Product Documentation,high,,"Thought Leadership, Product",2026-02-18,7,2026-01-13T12:00:00+00:00,demo5,2026-02-10T12:00:00+00:00,7,2026-01-13T12:00:00+00:00||Idea|demo5; 2026-01-23T12:00:00+00:00|Idea|Assigned|demo1; 2026-01-26T12:00:00+00:00|Assigned|Draft|demo2; 2026-01-29T12:00:00+00:00|Draft|Internal Review|demo3; 2026-02-04T12:00:00+00:00|Internal Review|Edits|demo4; 2026-02-08T12:00:00+00:00|Edits|Final Approval|demo5; 2026-02-10T12:00:00+00:00|Final Approval|Scheduled|demo1,Video,,,LinkedIn; Email,https://docs.example.com/drafts/1114,true,Tariq Aziz,8,Biweekly
108,LinkedIn thought leadership — CEO post series (3 posts),Content for Case Studies. Confirm channels and the publish date before final approval.,Scheduled,Case Studies,medium,demo2,Event,2026-03-05,6,2025-12-14T12:00:00+00:00,demo2,2026-02-03T12:00:00+00:00,7,2025-12-14T12:00:00+00:00||Idea|demo2; 2025-12-23T12:00:00+00:00|Idea|Assigned|demo3; 2026-01-03T12:00:00+00:00|Assigned|Draft|demo4; 2026-01-11T12:00:00+00:00|Draft|Internal Review|demo5; 2026-01-20T12:00:00+00:00|Internal Review|Edits|demo1; 2026-01-25T12:00:00+00:00|Edits|Final Approval|demo2; 2026-02-03T12:00:00+00:00|Final Approval|Scheduled|demo3,Social post,2026-03-11,300,Email,https://docs.example.com/drafts/1015,true,Mei Lin,9,Monthly
109,Admin guide — role-based access control setup,Content for Case Studies. Confirm channels and the publish date before final approval.,Scheduled,Case Studies,medium,demo2,"Event, Thought Leadership",2026-03-07,1,2026-01-01T12:00:00+00:00,demo2,2026-02-06T12:00:00+00:00,7,2026-01-01T12:00:00+00:00||Idea|demo2; 2026-01-10T12:00:00+00:00|Idea|Assigned|demo3; 2026-01-18T12:00:00+00:00|Assigned|Draft|demo4; 2026-01-21T12:00:00+00:00|Draft|Internal Review|demo5; 2026-01-27T12:00:00+00:00|Internal Review|Edits|demo1; 2026-01-30T12:00:00+00:00|Edits|Final Approval|demo2; 2026-02-06T12:00:00+00:00|Final Approval|Scheduled|demo3,Guide,2026-03-17,,LinkedIn; YouTube,https://docs.example.com/drafts/1055,true,Mei Lin,9,Monthly
110,Apex Manufacturing — factory floor visual management,"Case Studies piece. Draft lives in the linked doc; edits happen there, status happens here.",Scheduled,Case Studies,medium,demo2,,,6,2026-01-16T12:00:00+00:00,demo2,2026-02-19T12:00:00+00:00,7,2026-01-16T12:00:00+00:00||Idea|demo2; 2026-01-23T12:00:00+00:00|Idea|Assigned|demo3; 2026-01-29T12:00:00+00:00|Assigned|Draft|demo4; 2026-02-03T12:00:00+00:00|Draft|Internal Review|demo5; 2026-02-08T12:00:00+00:00|Internal Review|Edits|demo1; 2026-02-14T12:00:00+00:00|Edits|Final Approval|demo2; 2026-02-19T12:00:00+00:00|Final Approval|Scheduled|demo3,Newsletter,2026-04-12,,Blog; Email,https://docs.example.com/drafts/1065,true,Mei Lin,9,Monthly
111,Customer interview video — TechNova CTO,Content for Press & PR. Confirm channels and the publish date before final approval.,Scheduled,Press & PR,high,demo1,,2026-04-10,3,2025-12-26T12:00:00+00:00,demo1,2026-02-06T12:00:00+00:00,7,2025-12-26T12:00:00+00:00||Idea|demo1; 2026-01-09T12:00:00+00:00|Idea|Assigned|demo2; 2026-01-18T12:00:00+00:00|Assigned|Draft|demo3; 2026-01-25T12:00:00+00:00|Draft|Internal Review|demo4; 2026-01-29T12:00:00+00:00|Internal Review|Edits|demo5; 2026-02-04T12:00:00+00:00|Edits|Final Approval|demo1; 2026-02-06T12:00:00+00:00|Final Approval|Scheduled|demo2,Newsletter,,,LinkedIn; Docs site,https://docs.example.com/drafts/1027,true,Isabel Ortiz,5,Biweekly
112,How TechNova reduced cycle time by 34%,Content for Partner Content. Confirm channels and the publish date before final approval.,Scheduled,Partner Content,medium,demo3,"Thought Leadership, Customer",,8,2026-01-28T12:00:00+00:00,demo3,2026-02-16T12:00:00+00:00,6,2026-01-28T12:00:00+00:00||Idea|demo3; 2026-02-03T12:00:00+00:00|Idea|Assigned|demo4; 2026-02-05T12:00:00+00:00|Assigned|Internal Review|demo5; 2026-02-07T12:00:00+00:00|Internal Review|Edits|demo1; 2026-02-12T12:00:00+00:00|Edits|Final Approval|demo2; 2026-02-16T12:00:00+00:00|Final Approval|Scheduled|demo3,Guide,2026-04-11,,Blog; Docs site,https://docs.example.com/drafts/1008,true,Avery Brooks,6,Monthly
113,Tutorial: setting up your first board in 5 minutes,"Internal Communications piece. Draft lives in the linked doc; edits happen there, status happens here.",Scheduled,Internal Communications,low,,SEO,2026-04-20,6,2025-12-25T12:00:00+00:00,demo5,2026-02-01T12:00:00+00:00,7,2025-12-25T12:00:00+00:00||Idea|demo5; 2026-01-07T12:00:00+00:00|Idea|Assigned|demo1; 2026-01-12T12:00:00+00:00|Assigned|Draft|demo2; 2026-01-17T12:00:00+00:00|Draft|Internal Review|demo3; 2026-01-24T12:00:00+00:00|Internal Review|Edits|demo4; 2026-01-27T12:00:00+00:00|Edits|Final Approval|demo5; 2026-02-01T12:00:00+00:00|Final Approval|Scheduled|demo1,Guide,2026-05-10,1700,Blog; LinkedIn,,true,Priya Raman,7,Weekly
114,Media kit refresh — new brand assets and boilerplate,"Blog & SEO piece. Draft lives in the linked doc; edits happen there, status happens here.",Published,Blog & SEO,low,demo2,Thought Leadership,,7,2026-01-19T12:00:00+00:00,demo2,2026-02-28T12:00:00+00:00,10,2026-01-19T12:00:00+00:00||Idea|demo2; 2026-01-29T12:00:00+00:00|Idea|Assigned|demo3; 2026-02-03T12:00:00+00:00|Assigned|Draft|demo4; 2026-02-08T12:00:00+00:00|Draft|Internal Review|demo5; 2026-02-10T12:00:00+00:00|Internal Review|Edits|demo1; 2026-02-15T12:00:00+00:00|Edits|Final Approval|demo2; 2026-02-17T12:00:00+00:00|Final Approval|Scheduled|demo3; 2026-02-22T12:00:00+00:00|Scheduled|Final Approval|demo4; 2026-02-24T12:00:00+00:00|Final Approval|Scheduled|demo5; 2026-02-28T12:00:00+00:00|Scheduled|Published|demo1,Social post,2026-04-22,900,Blog; YouTube,,true,Lucas Ferreira,4,Weekly
115,10 Kanban anti-patterns and how to fix them,"Social Media piece. Draft lives in the linked doc; edits happen there, status happens here.",Published,Social Media,medium,demo4,Product,2026-04-25,4,2026-01-10T12:00:00+00:00,demo4,2026-02-26T12:00:00+00:00,9,2026-01-10T12:00:00+00:00||Idea|demo4; 2026-01-17T12:00:00+00:00|Idea|Assigned|demo5; 2026-01-22T12:00:00+00:00|Assigned|Draft|demo1; 2026-01-26T12:00:00+00:00|Draft|Internal Review|demo2; 2026-02-02T12:00:00+00:00|Internal Review|Edits|demo3; 2026-02-05T12:00:00+00:00|Edits|Final Approval|demo4; 2026-02-11T12:00:00+00:00|Final Approval|Scheduled|demo5; 2026-02-18T12:00:00+00:00|Scheduled|Published|demo1; 2026-02-26T12:00:00+00:00|Published|Published|demo1,Article,2026-03-26,2300,LinkedIn,,true,Nadia Haddad,5,Biweekly
116,Developer guide — webhook setup and payloads,,Published,Email Campaigns,high,demo3,,,3,2026-01-20T12:00:00+00:00,demo3,2026-02-24T12:00:00+00:00,8,2026-01-20T12:00:00+00:00||Idea|demo3; 2026-01-30T12:00:00+00:00|Idea|Assigned|demo4; 2026-02-05T12:00:00+00:00|Assigned|Draft|demo5; 2026-02-08T12:00:00+00:00|Draft|Internal Review|demo1; 2026-02-13T12:00:00+00:00|Internal Review|Edits|demo2; 2026-02-19T12:00:00+00:00|Edits|Final Approval|demo3; 2026-02-21T12:00:00+00:00|Final Approval|Scheduled|demo4; 2026-02-24T12:00:00+00:00|Scheduled|Published|demo5,Newsletter,2026-03-29,2900,LinkedIn,,true,Sofia Marino,7,Weekly
117,Town hall summary — CEO Q&A recap,,Published,Email Campaigns,urgent,demo3,"Product, Event",2026-03-10,4,2026-02-06T12:00:00+00:00,demo3,2026-03-03T12:00:00+00:00,10,2026-02-06T12:00:00+00:00||Idea|demo3; 2026-02-12T12:00:00+00:00|Idea|Assigned|demo4; 2026-02-14T12:00:00+00:00|Assigned|Draft|demo5; 2026-02-16T12:00:00+00:00|Draft|Assigned|demo1; 2026-02-18T12:00:00+00:00|Assigned|Draft|demo2; 2026-02-21T12:00:00+00:00|Draft|Internal Review|demo3; 2026-02-24T12:00:00+00:00|Internal Review|Edits|demo4; 2026-02-26T12:00:00+00:00|Edits|Final Approval|demo5; 2026-03-01T12:00:00+00:00|Final Approval|Scheduled|demo1; 2026-03-03T12:00:00+00:00|Scheduled|Published|demo2,Video,2026-03-02,2400,Email,,true,Sofia Marino,7,Weekly
118,Redwood Therapeutics — lab management with Kanban,,Published,Product Documentation,medium,,"SEO, Thought Leadership",2026-03-21,4,2026-01-04T12:00:00+00:00,demo5,2026-02-14T12:00:00+00:00,7,2026-01-04T12:00:00+00:00||Idea|demo5; 2026-01-14T12:00:00+00:00|Idea|Assigned|demo1; 2026-01-18T12:00:00+00:00|Assigned|Draft|demo2; 2026-01-25T12:00:00+00:00|Draft|Internal Review|demo3; 2026-02-01T12:00:00+00:00|Internal Review|Edits|demo4; 2026-02-08T12:00:00+00:00|Edits|Scheduled|demo5; 2026-02-14T12:00:00+00:00|Scheduled|Published|demo1,Newsletter,,2800,Blog; YouTube,https://docs.example.com/drafts/1064,true,Tariq Aziz,8,Biweekly
119,Product demo: analytics dashboard walkthrough,,Published,Partner Content,urgent,demo3,"Product, Customer",2026-03-13,2,2026-02-04T12:00:00+00:00,demo3,2026-02-28T12:00:00+00:00,10,2026-02-04T12:00:00+00:00||Idea|demo3; 2026-02-10T12:00:00+00:00|Idea|Assigned|demo4; 2026-02-12T12:00:00+00:00|Assigned|Draft|demo5; 2026-02-14T12:00:00+00:00|Draft|Internal Review|demo1; 2026-02-17T12:00:00+00:00|Internal Review|Edits|demo2; 2026-02-19T12:00:00+00:00|Edits|Final Approval|demo3; 2026-02-21T12:00:00+00:00|Final Approval|Edits|demo4; 2026-02-24T12:00:00+00:00|Edits|Final Approval|demo5; 2026-02-26T12:00:00+00:00|Final Approval|Scheduled|demo1; 2026-02-28T12:00:00+00:00|Scheduled|Published|demo2,Guide,2026-03-13,1600,Blog,,true,Avery Brooks,6,Monthly
120,Southern Cross Media — content calendar at scale,"Partner Content piece. Draft lives in the linked doc; edits happen there, status happens here.",Published,Partner Content,high,demo3,"SEO, Event",2026-04-26,3,2026-01-12T12:00:00+00:00,demo3,2026-02-15T12:00:00+00:00,8,2026-01-12T12:00:00+00:00||Idea|demo3; 2026-01-20T12:00:00+00:00|Idea|Assigned|demo4; 2026-01-25T12:00:00+00:00|Assigned|Draft|demo5; 2026-01-30T12:00:00+00:00|Draft|Internal Review|demo1; 2026-02-02T12:00:00+00:00|Internal Review|Edits|demo2; 2026-02-07T12:00:00+00:00|Edits|Final Approval|demo3; 2026-02-10T12:00:00+00:00|Final Approval|Scheduled|demo4; 2026-02-15T12:00:00+00:00|Scheduled|Published|demo5,Article,2026-03-22,1900,Blog; YouTube,https://docs.example.com/drafts/1068,true,Avery Brooks,6,Monthly
