Card ID,Title,Description,Column,Swimlane,Priority,Assignee,Labels,Due Date,Weight,Created At,Created By,Last Moved At,Movement Count,Movement History,Custom: Health score,Custom: ARR at stake,Custom: Next QBR,Custom: Products adopted,Custom: Risk driver,Custom: Exec sponsor engaged,Swimlane Custom: CS lead,Swimlane Custom: Book of business,Swimlane Custom: Gross retention target,Swimlane Custom: Max renewal discount
1,Bright Solutions Inc -- Kickoff onboarding 150 seats,Americas segment motion. Review the health score and adoption before the next customer touchpoint.,Onboarding,Americas,medium,demo2,,,6,2026-01-11T12:00:00+00:00,demo2,2026-01-11T12:00:00+00:00,1,2026-01-11T12:00:00+00:00||Onboarding|demo2,93,24000,,Boards; Analytics; SSO; API,,false,Hana Kobayashi,1200000,90,5
2,Polaris Engineering GmbH -- Onboarding SSO and DPA,EMEA segment motion. Review the health score and adoption before the next customer touchpoint.,Onboarding,EMEA,urgent,demo1,"Renewal Due, QBR Needed",,3,2026-01-05T12:00:00+00:00,demo1,2026-01-05T12:00:00+00:00,1,2026-01-05T12:00:00+00:00||Onboarding|demo1,66,58000,2026-05-19,Boards,,true,Lucas Ferreira,1510000,91,10
3,National Parks Service -- Onboarding: maintenance tracking,EMEA segment motion. Review the health score and adoption before the next customer touchpoint.,Onboarding,EMEA,high,demo3,Expansion Opportunity,,4,2026-01-14T12:00:00+00:00,demo3,2026-01-14T12:00:00+00:00,1,2026-01-14T12:00:00+00:00||Onboarding|demo3,70,44000,2026-04-26,Automation; SSO,,true,Lucas Ferreira,1510000,91,10
4,Nexus Software -- Onboarding 50-seat Singapore firm,,Onboarding,APAC,high,,At Risk,2026-03-29,7,2026-01-16T12:00:00+00:00,demo5,2026-01-16T12:00:00+00:00,1,2026-01-16T12:00:00+00:00||Onboarding|demo5,21,228000,2026-04-08,Boards; Analytics; Automation; SSO,Champion left,true,Nadia Haddad,1820000,92,15
5,Bayshore Pediatrics -- Onboarding: intake workflow boards,,Onboarding,APAC,medium,demo2,"QBR Needed, At Risk",2026-03-26,1,2026-01-27T12:00:00+00:00,demo2,2026-01-27T12:00:00+00:00,1,2026-01-27T12:00:00+00:00||Onboarding|demo2,33,264000,2026-06-03,Analytics; SSO; API,Product gap,true,Nadia Haddad,1820000,92,15
6,QuickShip Logistics -- Onboarding: 15-seat ops team,Enterprise Accounts segment motion. Review the health score and adoption before the next customer touchpoint.,Onboarding,Enterprise Accounts,medium,demo3,Renewal Due,,5,2025-12-11T12:00:00+00:00,demo3,2025-12-11T12:00:00+00:00,1,2025-12-11T12:00:00+00:00||Onboarding|demo3,91,296000,2026-05-26,Boards; Analytics; SSO; API,,false,Owen Gallagher,2130000,93,5
7,Redwood Agency -- Onboarding 25-seat creative agency,Mid-Market segment motion. Review the health score and adoption before the next customer touchpoint.,Onboarding,Mid-Market,medium,demo3,Champion,2026-03-15,2,2026-02-12T12:00:00+00:00,demo3,2026-02-12T12:00:00+00:00,1,2026-02-12T12:00:00+00:00||Onboarding|demo3,68,136000,2026-06-11,Analytics; API,,true,Sofia Marino,2440000,90,10
8,Maple Creek Software -- Onboarding technical training,Strategic Partners segment motion. Review the health score and adoption before the next customer touchpoint.,Onboarding,Strategic Partners,medium,demo2,"Champion, QBR Needed",2026-03-20,5,2025-12-13T12:00:00+00:00,demo2,2025-12-13T12:00:00+00:00,1,2025-12-13T12:00:00+00:00||Onboarding|demo2,65,294000,2026-05-13,Boards; SSO,,false,Tariq Aziz,2750000,91,15
9,Sapphire Social Media -- Onboarding: content calendar boards,,Onboarding,Strategic Partners,medium,demo4,,,7,2026-01-20T12:00:00+00:00,demo4,2026-01-20T12:00:00+00:00,1,2026-01-20T12:00:00+00:00||Onboarding|demo4,86,344000,2026-05-24,Analytics; Automation; SSO; API,,true,Tariq Aziz,2750000,91,15
10,Orbit Technology Alliance -- Partner enablement training,Lifecycle work for a Government & Edu account. Note risk drivers and the executive sponsor's position in comments.,Onboarding,Government & Edu,high,demo4,At Risk,2026-04-08,3,2025-12-20T12:00:00+00:00,demo4,2025-12-20T12:00:00+00:00,1,2025-12-20T12:00:00+00:00||Onboarding|demo4,27,110000,,Analytics; Automation; API,Champion left,true,Mei Lin,3060000,92,5
11,State DOT Highway Division -- Onboarding project boards,Government & Edu segment motion. Review the health score and adoption before the next customer touchpoint.,Onboarding,Government & Edu,low,demo1,Renewal Due,2026-02-23,8,2026-01-27T12:00:00+00:00,demo1,2026-01-27T12:00:00+00:00,1,2026-01-27T12:00:00+00:00||Onboarding|demo1,85,68000,2026-05-01,Boards; API,,true,Mei Lin,3060000,92,5
12,Coral Bay Hotels -- Onboarding property management boards,Lifecycle work for a Healthcare account. Note risk drivers and the executive sponsor's position in comments.,Onboarding,Healthcare,medium,,"Renewal Due, Champion",2026-04-29,2,2026-01-21T12:00:00+00:00,demo5,2026-01-21T12:00:00+00:00,1,2026-01-21T12:00:00+00:00||Onboarding|demo5,94,344000,,Boards; Analytics; Automation; SSO,,false,Jonas Berg,3370000,93,10
13,Sunrise Medical Center -- Onboarding patient flow boards,,Onboarding,Healthcare,urgent,,"Champion, Renewal Due",2026-03-22,4,2026-02-10T12:00:00+00:00,demo5,2026-02-10T12:00:00+00:00,1,2026-02-10T12:00:00+00:00||Onboarding|demo5,89,338000,2026-03-30,Analytics; Automation; SSO,,true,Jonas Berg,3370000,93,10
14,Aegean Maritime -- Onboarding 200-seat fleet ops,Financial Services segment motion. Review the health score and adoption before the next customer touchpoint.,Onboarding,Financial Services,medium,,QBR Needed,2026-02-13,1,2026-01-29T12:00:00+00:00,demo5,2026-01-29T12:00:00+00:00,1,2026-01-29T12:00:00+00:00||Onboarding|demo5,67,252000,2026-04-09,Boards; Analytics; SSO; API,,true,Isabel Ortiz,3680000,90,15
15,Summit Financial -- Onboarding compliance workflow,,Onboarding,Financial Services,medium,demo4,"Renewal Due, At Risk",2026-04-20,6,2026-01-16T12:00:00+00:00,demo4,2026-01-16T12:00:00+00:00,1,2026-01-16T12:00:00+00:00||Onboarding|demo4,25,228000,2026-04-13,API,Low usage,true,Isabel Ortiz,3680000,90,15
16,Prism Design Studio -- Onboarding: 30-seat design team,Lifecycle work for a Financial Services account. Note risk drivers and the executive sponsor's position in comments.,Onboarding,Financial Services,low,demo1,"Champion, At Risk",2026-04-16,4,2026-02-07T12:00:00+00:00,demo1,2026-02-07T12:00:00+00:00,1,2026-02-07T12:00:00+00:00||Onboarding|demo1,37,146000,,Boards; Automation,Budget cut,true,Isabel Ortiz,3680000,90,15
17,Continental Bank -- Onboarding: compliance workflow boards,Financial Services segment motion. Review the health score and adoption before the next customer touchpoint.,Onboarding,Financial Services,medium,demo4,"Expansion Opportunity, At Risk",,1,2026-01-03T12:00:00+00:00,demo4,2026-01-03T12:00:00+00:00,1,2026-01-03T12:00:00+00:00||Onboarding|demo4,15,324000,2026-03-22,Boards,Budget cut,false,Isabel Ortiz,3680000,90,15
18,Prism SI Partners -- Onboarding partner technical team,Startup & SMB segment motion. Review the health score and adoption before the next customer touchpoint.,Onboarding,Startup & SMB,medium,,"Champion, At Risk",,2,2025-12-21T12:00:00+00:00,demo5,2025-12-21T12:00:00+00:00,1,2025-12-21T12:00:00+00:00||Onboarding|demo5,24,22000,2026-05-14,API,Budget cut,true,Avery Brooks,3990000,91,5
19,ByteForge -- Onboarding: 8-seat engineering team,Lifecycle work for a Startup & SMB account. Note risk drivers and the executive sponsor's position in comments.,Onboarding,Startup & SMB,urgent,demo3,QBR Needed,2026-04-11,8,2025-12-21T12:00:00+00:00,demo3,2025-12-21T12:00:00+00:00,1,2025-12-21T12:00:00+00:00||Onboarding|demo3,96,168000,2026-04-15,Boards; Automation; SSO; API,,false,Avery Brooks,3990000,91,5
20,Horizon Aerospace -- Onboarding ITAR-compliant environment,,Onboarding,Agency & Creative,high,demo2,,2026-02-22,8,2025-12-13T12:00:00+00:00,demo2,2025-12-13T12:00:00+00:00,1,2025-12-13T12:00:00+00:00||Onboarding|demo2,63,290000,,Automation,,false,Priya Raman,4300000,92,10
21,Wildfire Creative -- Onboarding: campaign sprint boards,Agency & Creative segment motion. Review the health score and adoption before the next customer touchpoint.,Onboarding,Agency & Creative,low,demo2,,2026-03-03,8,2026-02-08T12:00:00+00:00,demo2,2026-02-08T12:00:00+00:00,1,2026-02-08T12:00:00+00:00||Onboarding|demo2,73,102000,,Boards; Analytics; SSO,,false,Priya Raman,4300000,92,10
22,Lakewood Media Group -- Adoption enablement session,,Adoption,Americas,medium,demo4,,2026-03-04,3,2026-01-31T12:00:00+00:00,demo4,2026-02-18T12:00:00+00:00,2,2026-01-31T12:00:00+00:00||Onboarding|demo4; 2026-02-18T12:00:00+00:00|Onboarding|Adoption|demo5,56,168000,,Analytics; API,,true,Hana Kobayashi,1200000,90,5
23,Baltic Shipping Corp -- Adoption: logistics teams lagging,,Adoption,Americas,urgent,demo1,,2026-03-01,1,2025-12-24T12:00:00+00:00,demo1,2026-01-15T12:00:00+00:00,2,2025-12-24T12:00:00+00:00||Onboarding|demo1; 2026-01-15T12:00:00+00:00|Onboarding|Adoption|demo2,57,104000,2026-05-29,Analytics; Automation; SSO; API,,false,Hana Kobayashi,1200000,90,5
24,Forge Analytics -- At-risk: stakeholder turnover,Americas segment motion. Review the health score and adoption before the next customer touchpoint.,Adoption,Americas,urgent,,"Renewal Due, QBR Needed",2026-02-24,5,2026-01-09T12:00:00+00:00,demo5,2026-02-01T12:00:00+00:00,2,2026-01-09T12:00:00+00:00||Onboarding|demo5; 2026-02-01T12:00:00+00:00|Onboarding|Adoption|demo1,82,50000,2026-03-24,Boards; SSO,,true,Hana Kobayashi,1200000,90,5
25,Driftwood Hospitality -- Adoption: restaurant teams training,,Adoption,Americas,medium,demo2,"Champion, QBR Needed",,8,2025-12-20T12:00:00+00:00,demo2,2026-01-02T12:00:00+00:00,2,2025-12-20T12:00:00+00:00||Onboarding|demo2; 2026-01-02T12:00:00+00:00|Onboarding|Adoption|demo3,89,224000,,Boards; SSO; API,,true,Hana Kobayashi,1200000,90,5
26,City Transit Authority -- At-risk: procurement delays,,Adoption,Americas,medium,demo1,At Risk,2026-04-26,1,2026-01-29T12:00:00+00:00,demo1,2026-02-07T12:00:00+00:00,2,2026-01-29T12:00:00+00:00||Onboarding|demo1; 2026-02-07T12:00:00+00:00|Onboarding|Adoption|demo2,38,332000,2026-04-14,Analytics; Automation; SSO; API,Budget cut,true,Hana Kobayashi,1200000,90,5
27,Neon Studios -- Adoption: design team training session,Americas segment motion. Review the health score and adoption before the next customer touchpoint.,Adoption,Americas,urgent,demo4,"Renewal Due, At Risk",2026-04-23,3,2026-01-31T12:00:00+00:00,demo4,2026-02-15T12:00:00+00:00,2,2026-01-31T12:00:00+00:00||Onboarding|demo4; 2026-02-15T12:00:00+00:00|Onboarding|Adoption|demo5,38,158000,2026-04-18,Boards; Automation; SSO,Product gap,true,Hana Kobayashi,1200000,90,5
28,RocketOps LLC -- Adoption review at 30 days,,Adoption,EMEA,high,demo4,At Risk,,1,2026-01-02T12:00:00+00:00,demo4,2026-01-17T12:00:00+00:00,2,2026-01-02T12:00:00+00:00||Onboarding|demo4; 2026-01-17T12:00:00+00:00|Onboarding|Adoption|demo5,25,308000,,Boards; Automation; SSO; API,Champion left,false,Lucas Ferreira,1510000,91,10
29,Phoenix Manufacturing -- At-risk: champion departed,,Adoption,EMEA,urgent,,"Champion, Expansion Opportunity",2026-04-25,4,2025-12-30T12:00:00+00:00,demo5,2026-01-18T12:00:00+00:00,2,2025-12-30T12:00:00+00:00||Onboarding|demo5; 2026-01-18T12:00:00+00:00|Onboarding|Adoption|demo1,75,312000,2026-03-26,Boards; Analytics; SSO,,false,Lucas Ferreira,1510000,91,10
30,Granite Construction -- At-risk: low engagement after onboarding,,Adoption,EMEA,medium,demo4,,2026-04-19,1,2026-01-16T12:00:00+00:00,demo4,2026-01-29T12:00:00+00:00,2,2026-01-16T12:00:00+00:00||Onboarding|demo4; 2026-01-29T12:00:00+00:00|Onboarding|Adoption|demo5,84,228000,,Analytics,,false,Lucas Ferreira,1510000,91,10
31,Compass Technology Partners -- At-risk: low co-sell activity,EMEA segment motion. Review the health score and adoption before the next customer touchpoint.,Adoption,EMEA,high,demo1,"Expansion Opportunity, QBR Needed",2026-02-21,2,2025-12-10T12:00:00+00:00,demo1,2025-12-17T12:00:00+00:00,2,2025-12-10T12:00:00+00:00||Onboarding|demo1; 2025-12-17T12:00:00+00:00|Onboarding|Adoption|demo2,55,356000,,Analytics; Automation; SSO; API,,false,Lucas Ferreira,1510000,91,10
32,Mountain View Rehab -- At-risk: HIPAA audit finding open,,Adoption,EMEA,medium,,QBR Needed,2026-03-24,6,2026-01-25T12:00:00+00:00,demo5,2026-02-07T12:00:00+00:00,2,2026-01-25T12:00:00+00:00||Onboarding|demo5; 2026-02-07T12:00:00+00:00|Onboarding|Adoption|demo1,91,270000,2026-06-05,Boards; API,,false,Lucas Ferreira,1510000,91,10
33,Meridian Consulting UK -- At-risk: 35% DAU at day 60,,Adoption,APAC,low,demo3,Champion,,4,2025-12-17T12:00:00+00:00,demo3,2025-12-25T12:00:00+00:00,2,2025-12-17T12:00:00+00:00||Onboarding|demo3; 2025-12-25T12:00:00+00:00|Onboarding|Adoption|demo4,55,22000,,Analytics; Automation; SSO; API,,false,Nadia Haddad,1820000,92,15
34,Vanguard Logistics -- Adoption: warehouse teams onboarding,,Adoption,APAC,high,demo4,QBR Needed,,3,2026-01-20T12:00:00+00:00,demo4,2026-01-29T12:00:00+00:00,2,2026-01-20T12:00:00+00:00||Onboarding|demo4; 2026-01-29T12:00:00+00:00|Onboarding|Adoption|demo5,68,194000,2026-04-11,Automation,,true,Nadia Haddad,1820000,92,15
35,Metro Mortgage Lending -- At-risk: key stakeholder departed,,Adoption,APAC,medium,demo4,Champion,,5,2025-12-18T12:00:00+00:00,demo4,2025-12-29T12:00:00+00:00,2,2025-12-18T12:00:00+00:00||Onboarding|demo4; 2025-12-29T12:00:00+00:00|Onboarding|Adoption|demo5,90,264000,2026-04-14,Boards; API,,true,Nadia Haddad,1820000,92,15
36,Harbor Tech -- Adoption review: advanced features underused,Enterprise Accounts segment motion. Review the health score and adoption before the next customer touchpoint.,Adoption,Enterprise Accounts,medium,demo2,"Renewal Due, Champion",,1,2026-01-30T12:00:00+00:00,demo2,2026-02-12T12:00:00+00:00,2,2026-01-30T12:00:00+00:00||Onboarding|demo2; 2026-02-12T12:00:00+00:00|Onboarding|Adoption|demo3,72,316000,,Automation; API,,true,Owen Gallagher,2130000,93,5
37,Summit Integration Co -- Adoption: partner portal underused,,Adoption,Enterprise Accounts,medium,,"At Risk, Renewal Due",2026-04-29,1,2026-02-06T12:00:00+00:00,demo5,2026-02-15T12:00:00+00:00,2,2026-02-06T12:00:00+00:00||Onboarding|demo5; 2026-02-15T12:00:00+00:00|Onboarding|Adoption|demo1,24,282000,2026-05-23,Boards; Analytics; SSO; API,Budget cut,false,Owen Gallagher,2130000,93,5
38,Military Base Operations -- Adoption: security clearance bottleneck,,Adoption,Enterprise Accounts,high,demo2,"At Risk, QBR Needed",,2,2026-01-29T12:00:00+00:00,demo2,2026-02-04T12:00:00+00:00,2,2026-01-29T12:00:00+00:00||Onboarding|demo2; 2026-02-04T12:00:00+00:00|Onboarding|Adoption|demo3,34,154000,,Automation; SSO,Product gap,true,Owen Gallagher,2130000,93,5
39,Prairie Home Health -- Adoption: field nurse team training,Enterprise Accounts segment motion. Review the health score and adoption before the next customer touchpoint.,Adoption,Enterprise Accounts,high,demo4,Expansion Opportunity,2026-04-22,2,2026-01-09T12:00:00+00:00,demo4,2026-01-27T12:00:00+00:00,2,2026-01-09T12:00:00+00:00||Onboarding|demo4; 2026-01-27T12:00:00+00:00|Onboarding|Adoption|demo5,95,330000,2026-04-03,Boards; Analytics; Automation; SSO,,true,Owen Gallagher,2130000,93,5
40,BlueSky Health -- Adoption across clinical teams,,Adoption,Mid-Market,medium,demo1,"Expansion Opportunity, QBR Needed",,2,2026-02-01T12:00:00+00:00,demo1,2026-02-14T12:00:00+00:00,2,2026-02-01T12:00:00+00:00||Onboarding|demo1; 2026-02-14T12:00:00+00:00|Onboarding|Adoption|demo2,60,354000,2026-06-10,Boards; Analytics; Automation; SSO,,true,Sofia Marino,2440000,90,10
41,Valley Savings Bank -- Adoption: branch operations lagging,Mid-Market segment motion. Review the health score and adoption before the next customer touchpoint.,Adoption,Mid-Market,urgent,demo3,"At Risk, QBR Needed",,5,2026-01-24T12:00:00+00:00,demo3,2026-01-30T12:00:00+00:00,2,2026-01-24T12:00:00+00:00||Onboarding|demo3; 2026-01-30T12:00:00+00:00|Onboarding|Adoption|demo4,38,270000,2026-05-19,Boards; Analytics; Automation; SSO,Low usage,false,Sofia Marino,2440000,90,10
42,Driftwood Branding -- At-risk: CEO questioning ROI,,Adoption,Mid-Market,medium,demo2,,2026-03-21,3,2025-12-19T12:00:00+00:00,demo2,2026-01-05T12:00:00+00:00,2,2025-12-19T12:00:00+00:00||Onboarding|demo2; 2026-01-05T12:00:00+00:00|Onboarding|Adoption|demo3,87,192000,2026-04-09,Boards; Analytics; Automation; API,,true,Sofia Marino,2440000,90,10
43,Ironside Manufacturing -- Adoption: no champion identified,,Adoption,Strategic Partners,medium,,QBR Needed,2026-03-24,8,2025-12-12T12:00:00+00:00,demo5,2025-12-31T12:00:00+00:00,2,2025-12-12T12:00:00+00:00||Onboarding|demo5; 2025-12-31T12:00:00+00:00|Onboarding|Adoption|demo1,70,66000,2026-04-19,Analytics; Automation; API,,true,Tariq Aziz,2750000,91,15
44,MicroBrew Software -- Adoption: only founder is active,Strategic Partners segment motion. Review the health score and adoption before the next customer touchpoint.,Adoption,Strategic Partners,high,demo2,QBR Needed,2026-03-09,2,2026-02-09T12:00:00+00:00,demo2,2026-02-18T12:00:00+00:00,2,2026-02-09T12:00:00+00:00||Onboarding|demo2; 2026-02-18T12:00:00+00:00|Onboarding|Adoption|demo3,91,22000,,Boards; Automation; SSO; API,,true,Tariq Aziz,2750000,91,15
45,Rhine Pharma AG -- Adoption across clinical teams,,Adoption,Government & Edu,medium,demo1,QBR Needed,2026-02-14,5,2026-01-31T12:00:00+00:00,demo1,2026-02-05T12:00:00+00:00,2,2026-01-31T12:00:00+00:00||Onboarding|demo1; 2026-02-05T12:00:00+00:00|Onboarding|Adoption|demo2,76,104000,2026-05-20,Boards; Automation; SSO; API,,true,Mei Lin,3060000,92,5
46,Granite Publishing -- Adoption: editorial workflow underused,,Adoption,Government & Edu,low,demo1,"Expansion Opportunity, QBR Needed",2026-03-21,7,2026-01-01T12:00:00+00:00,demo1,2026-01-12T12:00:00+00:00,2,2026-01-01T12:00:00+00:00||Onboarding|demo1; 2026-01-12T12:00:00+00:00|Onboarding|Adoption|demo2,89,194000,2026-05-11,Analytics; Automation; SSO; API,,false,Mei Lin,3060000,92,5
47,Cascade Consulting -- At-risk: 22% DAU at day 60,,Adoption,Healthcare,high,demo1,,2026-03-23,3,2026-02-03T12:00:00+00:00,demo1,2026-02-18T12:00:00+00:00,2,2026-02-03T12:00:00+00:00||Onboarding|demo1; 2026-02-18T12:00:00+00:00|Onboarding|Adoption|demo2,63,124000,,Analytics,,false,Jonas Berg,3370000,93,10
48,Catalyst Integration Partners -- Co-sell pipeline review,,Adoption,Healthcare,medium,demo1,"QBR Needed, Expansion Opportunity",2026-04-08,5,2026-02-01T12:00:00+00:00,demo1,2026-02-19T12:00:00+00:00,2,2026-02-01T12:00:00+00:00||Onboarding|demo1; 2026-02-19T12:00:00+00:00|Onboarding|Adoption|demo2,71,224000,,Automation; API,,true,Jonas Berg,3370000,93,10
49,Metro School District -- Adoption: curriculum planning boards,Healthcare segment motion. Review the health score and adoption before the next customer touchpoint.,Adoption,Healthcare,high,demo3,,2026-03-29,7,2026-01-16T12:00:00+00:00,demo3,2026-01-30T12:00:00+00:00,2,2026-01-16T12:00:00+00:00||Onboarding|demo3; 2026-01-30T12:00:00+00:00|Onboarding|Adoption|demo4,89,358000,,API,,true,Jonas Berg,3370000,93,10
50,Coastal Clinic Network -- Adoption: nurse scheduling boards,Financial Services segment motion. Review the health score and adoption before the next customer touchpoint.,Adoption,Financial Services,medium,demo2,"Expansion Opportunity, QBR Needed",2026-04-08,4,2026-01-08T12:00:00+00:00,demo2,2026-01-15T12:00:00+00:00,2,2026-01-08T12:00:00+00:00||Onboarding|demo2; 2026-01-15T12:00:00+00:00|Onboarding|Adoption|demo3,71,192000,2026-05-23,Analytics; Automation; API,,true,Isabel Ortiz,3680000,90,15
51,SwiftCode Dev -- At-risk: switched to free tier competitor,Financial Services segment motion. Review the health score and adoption before the next customer touchpoint.,Adoption,Financial Services,high,demo3,"QBR Needed, At Risk",,7,2026-02-09T12:00:00+00:00,demo3,2026-02-19T12:00:00+00:00,2,2026-02-09T12:00:00+00:00||Onboarding|demo3; 2026-02-19T12:00:00+00:00|Onboarding|Adoption|demo4,31,300000,2026-04-11,Boards; Analytics; SSO,Champion left,true,Isabel Ortiz,3680000,90,15
52,Pacific Credit Union -- Adoption: loan processing boards,Lifecycle work for a Startup & SMB account. Note risk drivers and the executive sponsor's position in comments.,Adoption,Startup & SMB,low,demo1,QBR Needed,,2,2026-01-15T12:00:00+00:00,demo1,2026-01-23T12:00:00+00:00,2,2026-01-15T12:00:00+00:00||Onboarding|demo1; 2026-01-23T12:00:00+00:00|Onboarding|Adoption|demo2,93,192000,2026-04-25,Analytics; Automation; SSO,,false,Avery Brooks,3990000,91,5
53,Orient Express Travel -- Adoption: ops team training needed,,Adoption,Agency & Creative,medium,demo1,"At Risk, Expansion Opportunity",2026-03-01,3,2026-02-12T12:00:00+00:00,demo1,2026-02-24T12:00:00+00:00,2,2026-02-12T12:00:00+00:00||Onboarding|demo1; 2026-02-24T12:00:00+00:00|Onboarding|Adoption|demo2,27,310000,2026-03-23,Analytics; Automation; SSO; API,Champion left,true,Priya Raman,4300000,92,10
54,PixelCraft Studios -- Adoption: sprint board underused,Agency & Creative segment motion. Review the health score and adoption before the next customer touchpoint.,Adoption,Agency & Creative,high,,At Risk,2026-02-19,8,2025-12-27T12:00:00+00:00,demo5,2026-01-04T12:00:00+00:00,2,2025-12-27T12:00:00+00:00||Onboarding|demo5; 2026-01-04T12:00:00+00:00|Onboarding|Adoption|demo1,33,164000,2026-06-05,Analytics,Low usage,false,Priya Raman,4300000,92,10
55,"CloudNine SaaS -- Healthy: 95% DAU, founder is champion",Americas segment motion. Review the health score and adoption before the next customer touchpoint.,Healthy,Americas,medium,demo2,"QBR Needed, At Risk",2026-04-22,2,2026-01-06T12:00:00+00:00,demo2,2026-02-08T12:00:00+00:00,5,2026-01-06T12:00:00+00:00||Onboarding|demo2; 2026-01-11T12:00:00+00:00|Onboarding|Adoption|demo3; 2026-01-22T12:00:00+00:00|Adoption|Onboarding|demo4; 2026-02-01T12:00:00+00:00|Onboarding|Adoption|demo5; 2026-02-08T12:00:00+00:00|Adoption|Healthy|demo1,22,20000,2026-04-19,Analytics; Automation,Low usage,true,Hana Kobayashi,1200000,90,5
56,"Ember & Oak Design -- Healthy: 15 active boards, strong usage",,Healthy,EMEA,high,demo1,Renewal Due,2026-04-21,7,2025-12-31T12:00:00+00:00,demo1,2026-01-15T12:00:00+00:00,3,2025-12-31T12:00:00+00:00||Onboarding|demo1; 2026-01-13T12:00:00+00:00|Onboarding|Adoption|demo2; 2026-01-15T12:00:00+00:00|Adoption|Healthy|demo3,84,236000,2026-06-03,Boards; Automation; API,,true,Lucas Ferreira,1510000,91,10
57,"Cirrus Analytics -- Healthy: 80% DAU, champion VP Product",,Healthy,APAC,medium,demo1,Expansion Opportunity,,5,2026-01-23T12:00:00+00:00,demo1,2026-02-04T12:00:00+00:00,3,2026-01-23T12:00:00+00:00||Onboarding|demo1; 2026-01-31T12:00:00+00:00|Onboarding|Adoption|demo2; 2026-02-04T12:00:00+00:00|Adoption|Healthy|demo3,92,158000,2026-06-02,Boards,,true,Nadia Haddad,1820000,92,15
58,Velvet Media -- Healthy: strong board activity metrics,APAC segment motion. Review the health score and adoption before the next customer touchpoint.,Healthy,APAC,medium,demo1,"Renewal Due, Champion",,4,2025-12-26T12:00:00+00:00,demo1,2026-01-18T12:00:00+00:00,3,2025-12-26T12:00:00+00:00||Onboarding|demo1; 2026-01-07T12:00:00+00:00|Onboarding|Adoption|demo2; 2026-01-18T12:00:00+00:00|Adoption|Healthy|demo3,71,138000,,Boards; SSO,,false,Nadia Haddad,1820000,92,15
59,Pinnacle Resellers -- Healthy: 12 joint deals closed,APAC segment motion. Review the health score and adoption before the next customer touchpoint.,Healthy,APAC,urgent,demo3,"QBR Needed, Renewal Due",,5,2025-12-25T12:00:00+00:00,demo3,2026-01-23T12:00:00+00:00,5,2025-12-25T12:00:00+00:00||Onboarding|demo3; 2026-01-09T12:00:00+00:00|Onboarding|Adoption|demo4; 2026-01-18T12:00:00+00:00|Adoption|Onboarding|demo5; 2026-01-20T12:00:00+00:00|Onboarding|Adoption|demo1; 2026-01-23T12:00:00+00:00|Adoption|Healthy|demo2,57,164000,2026-05-27,Boards; SSO,,true,Nadia Haddad,1820000,92,15
60,State Education Board -- QBR: academic year planning review,APAC segment motion. Review the health score and adoption before the next customer touchpoint.,Healthy,APAC,medium,,"Expansion Opportunity, Renewal Due",2026-03-19,7,2026-01-11T12:00:00+00:00,demo5,2026-02-12T12:00:00+00:00,3,2026-01-11T12:00:00+00:00||Onboarding|demo5; 2026-01-31T12:00:00+00:00|Onboarding|Adoption|demo1; 2026-02-12T12:00:00+00:00|Adoption|Healthy|demo2,87,52000,2026-04-17,Automation,,true,Nadia Haddad,1820000,92,15
61,"Solaris Digital -- Healthy: self-service, 85% utilization",Lifecycle work for a Enterprise Accounts account. Note risk drivers and the executive sponsor's position in comments.,Healthy,Enterprise Accounts,high,,,2026-03-28,7,2026-01-16T12:00:00+00:00,demo5,2026-02-10T12:00:00+00:00,3,2026-01-16T12:00:00+00:00||Onboarding|demo5; 2026-01-30T12:00:00+00:00|Onboarding|Adoption|demo1; 2026-02-10T12:00:00+00:00|Adoption|Healthy|demo2,86,282000,2026-04-12,Boards; Automation; SSO,,true,Owen Gallagher,2130000,93,5
62,"TechNova Inc -- Healthy: 500 seats, CTO sponsor",,Healthy,Enterprise Accounts,high,demo4,Expansion Opportunity,,4,2026-01-07T12:00:00+00:00,demo4,2026-01-28T12:00:00+00:00,3,2026-01-07T12:00:00+00:00||Onboarding|demo4; 2026-01-24T12:00:00+00:00|Onboarding|Adoption|demo5; 2026-01-28T12:00:00+00:00|Adoption|Healthy|demo1,82,226000,2026-03-25,Analytics; Automation; SSO,,false,Owen Gallagher,2130000,93,5
63,Apex Manufacturing -- Healthy: factory floor adoption strong,Enterprise Accounts segment motion. Review the health score and adoption before the next customer touchpoint.,Healthy,Enterprise Accounts,urgent,demo1,Expansion Opportunity,,8,2025-12-20T12:00:00+00:00,demo1,2026-01-09T12:00:00+00:00,3,2025-12-20T12:00:00+00:00||Onboarding|demo1; 2026-01-04T12:00:00+00:00|Onboarding|Adoption|demo2; 2026-01-09T12:00:00+00:00|Adoption|Healthy|demo3,67,208000,,Boards; Automation; SSO; API,,false,Owen Gallagher,2130000,93,5
64,Sapphire Tech -- QBR: discuss product roadmap alignment,,Healthy,Enterprise Accounts,urgent,demo3,,,7,2026-01-05T12:00:00+00:00,demo3,2026-02-04T12:00:00+00:00,5,2026-01-05T12:00:00+00:00||Onboarding|demo3; 2026-01-20T12:00:00+00:00|Onboarding|Adoption|demo4; 2026-01-24T12:00:00+00:00|Adoption|Onboarding|demo5; 2026-01-29T12:00:00+00:00|Onboarding|Adoption|demo1; 2026-02-04T12:00:00+00:00|Adoption|Healthy|demo2,78,172000,2026-06-09,Boards; Analytics; Automation,,false,Owen Gallagher,2130000,93,5
65,Summit Investment Partners -- QBR: regulatory change impact review,,Healthy,Enterprise Accounts,medium,demo1,"Expansion Opportunity, Champion",2026-04-12,6,2026-01-12T12:00:00+00:00,demo1,2026-01-26T12:00:00+00:00,3,2026-01-12T12:00:00+00:00||Onboarding|demo1; 2026-01-21T12:00:00+00:00|Onboarding|Adoption|demo2; 2026-01-26T12:00:00+00:00|Adoption|Healthy|demo3,59,18000,2026-04-09,Analytics,,true,Owen Gallagher,2130000,93,5
66,GreenLeaf Energy -- QBR preparation Q2,,Healthy,Mid-Market,medium,,"Expansion Opportunity, Renewal Due",2026-03-24,5,2026-01-29T12:00:00+00:00,demo5,2026-02-21T12:00:00+00:00,3,2026-01-29T12:00:00+00:00||Onboarding|demo5; 2026-02-12T12:00:00+00:00|Onboarding|Adoption|demo1; 2026-02-21T12:00:00+00:00|Adoption|Healthy|demo2,72,50000,,SSO,,true,Sofia Marino,2440000,90,10
67,"Pacific Ventures -- Healthy: NPS 9, Head of Product champion",,Healthy,Mid-Market,high,demo4,"Expansion Opportunity, QBR Needed",2026-04-19,4,2026-01-10T12:00:00+00:00,demo4,2026-02-12T12:00:00+00:00,5,2026-01-10T12:00:00+00:00||Onboarding|demo4; 2026-01-19T12:00:00+00:00|Onboarding|Adoption|demo5; 2026-01-27T12:00:00+00:00|Adoption|Onboarding|demo1; 2026-02-04T12:00:00+00:00|Onboarding|Adoption|demo2; 2026-02-12T12:00:00+00:00|Adoption|Healthy|demo3,60,224000,,Boards; Analytics; Automation; SSO,,false,Sofia Marino,2440000,90,10
68,Public Library System -- Healthy: cataloging workflow active,,Healthy,Mid-Market,medium,demo4,QBR Needed,2026-03-21,8,2026-01-26T12:00:00+00:00,demo4,2026-02-12T12:00:00+00:00,3,2026-01-26T12:00:00+00:00||Onboarding|demo4; 2026-02-02T12:00:00+00:00|Onboarding|Adoption|demo5; 2026-02-12T12:00:00+00:00|Adoption|Healthy|demo1,83,84000,2026-04-01,Analytics; Automation; SSO,,false,Sofia Marino,2440000,90,10
69,Riverdale Oncology -- QBR: treatment pathway board review,Lifecycle work for a Mid-Market account. Note risk drivers and the executive sponsor's position in comments.,Healthy,Mid-Market,urgent,demo1,"Expansion Opportunity, Champion",,4,2026-02-05T12:00:00+00:00,demo1,2026-02-27T12:00:00+00:00,3,2026-02-05T12:00:00+00:00||Onboarding|demo1; 2026-02-18T12:00:00+00:00|Onboarding|Adoption|demo2; 2026-02-27T12:00:00+00:00|Adoption|Healthy|demo3,75,194000,,Boards; Analytics; SSO; API,,true,Sofia Marino,2440000,90,10
70,DataSpark Analytics -- Healthy: power user in every department,Lifecycle work for a Mid-Market account. Note risk drivers and the executive sponsor's position in comments.,Healthy,Mid-Market,high,,Champion,,6,2026-01-05T12:00:00+00:00,demo5,2026-02-04T12:00:00+00:00,5,2026-01-05T12:00:00+00:00||Onboarding|demo5; 2026-01-18T12:00:00+00:00|Onboarding|Adoption|demo1; 2026-01-27T12:00:00+00:00|Adoption|Onboarding|demo2; 2026-02-02T12:00:00+00:00|Onboarding|Adoption|demo3; 2026-02-04T12:00:00+00:00|Adoption|Healthy|demo4,79,140000,,Boards; Analytics,,false,Sofia Marino,2440000,90,10
71,Nordic Ventures -- QBR with board of directors,Strategic Partners segment motion. Review the health score and adoption before the next customer touchpoint.,Healthy,Strategic Partners,high,demo4,At Risk,2026-02-19,2,2026-01-23T12:00:00+00:00,demo4,2026-02-07T12:00:00+00:00,3,2026-01-23T12:00:00+00:00||Onboarding|demo4; 2026-01-29T12:00:00+00:00|Onboarding|Adoption|demo5; 2026-02-07T12:00:00+00:00|Adoption|Healthy|demo1,18,142000,2026-03-26,Automation; API,Budget cut,false,Tariq Aziz,2750000,91,15
72,Zenith Consulting Partners -- Joint success plan review,Strategic Partners segment motion. Review the health score and adoption before the next customer touchpoint.,Healthy,Strategic Partners,medium,demo2,"Renewal Due, Expansion Opportunity",,7,2026-01-06T12:00:00+00:00,demo2,2026-02-01T12:00:00+00:00,3,2026-01-06T12:00:00+00:00||Onboarding|demo2; 2026-01-18T12:00:00+00:00|Onboarding|Adoption|demo3; 2026-02-01T12:00:00+00:00|Adoption|Healthy|demo4,87,76000,,Automation; SSO; API,,true,Tariq Aziz,2750000,91,15
73,Harbor Dental Group -- Healthy: appointment scheduling active,Lifecycle work for a Strategic Partners account. Note risk drivers and the executive sponsor's position in comments.,Healthy,Strategic Partners,medium,demo3,Renewal Due,2026-04-24,3,2026-01-21T12:00:00+00:00,demo3,2026-02-11T12:00:00+00:00,3,2026-01-21T12:00:00+00:00||Onboarding|demo3; 2026-01-29T12:00:00+00:00|Onboarding|Adoption|demo4; 2026-02-11T12:00:00+00:00|Adoption|Healthy|demo5,68,202000,2026-03-28,Analytics; SSO; API,,false,Tariq Aziz,2750000,91,15
74,"Harborview Financial -- Healthy: 92% utilization, strong champion",Lifecycle work for a Strategic Partners account. Note risk drivers and the executive sponsor's position in comments.,Healthy,Strategic Partners,high,,Expansion Opportunity,,7,2026-02-10T12:00:00+00:00,demo5,2026-02-17T12:00:00+00:00,3,2026-02-10T12:00:00+00:00||Onboarding|demo5; 2026-02-15T12:00:00+00:00|Onboarding|Adoption|demo1; 2026-02-17T12:00:00+00:00|Adoption|Healthy|demo2,90,88000,2026-05-14,Boards; Automation,,false,Tariq Aziz,2750000,91,15
75,"Skyline Retail -- Healthy: 60% DAU, Ops Manager champion",Lifecycle work for a Government & Edu account. Note risk drivers and the executive sponsor's position in comments.,Healthy,Government & Edu,urgent,demo2,,2026-04-05,4,2026-01-25T12:00:00+00:00,demo2,2026-02-19T12:00:00+00:00,3,2026-01-25T12:00:00+00:00||Onboarding|demo2; 2026-02-09T12:00:00+00:00|Onboarding|Adoption|demo3; 2026-02-19T12:00:00+00:00|Adoption|Healthy|demo4,62,18000,,Boards; Analytics; Automation,,true,Mei Lin,3060000,92,5
76,RapidForm Inc -- QBR: discuss upgrade to mid-market tier,Government & Edu segment motion. Review the health score and adoption before the next customer touchpoint.,Healthy,Government & Edu,high,demo4,"Champion, Renewal Due",2026-02-16,6,2026-01-02T12:00:00+00:00,demo4,2026-01-18T12:00:00+00:00,3,2026-01-02T12:00:00+00:00||Onboarding|demo4; 2026-01-10T12:00:00+00:00|Onboarding|Adoption|demo5; 2026-01-18T12:00:00+00:00|Adoption|Healthy|demo1,58,110000,2026-05-16,Automation,,true,Mei Lin,3060000,92,5
77,Acme Corp -- QBR Q2 executive review,Lifecycle work for a Healthcare account. Note risk drivers and the executive sponsor's position in comments.,Healthy,Healthcare,low,demo2,At Risk,2026-03-29,8,2026-01-10T12:00:00+00:00,demo2,2026-01-24T12:00:00+00:00,3,2026-01-10T12:00:00+00:00||Onboarding|demo2; 2026-01-16T12:00:00+00:00|Onboarding|Adoption|demo3; 2026-01-24T12:00:00+00:00|Adoption|Healthy|demo4,15,148000,,Analytics; Automation; SSO; API,Low usage,true,Jonas Berg,3370000,93,10
78,Velvet Photography -- Healthy: client project boards active,Lifecycle work for a Healthcare account. Note risk drivers and the executive sponsor's position in comments.,Healthy,Healthcare,high,demo3,,2026-04-17,3,2026-01-15T12:00:00+00:00,demo3,2026-02-04T12:00:00+00:00,5,2026-01-15T12:00:00+00:00||Onboarding|demo3; 2026-01-26T12:00:00+00:00|Onboarding|Adoption|demo4; 2026-01-28T12:00:00+00:00|Adoption|Onboarding|demo5; 2026-01-30T12:00:00+00:00|Onboarding|Adoption|demo1; 2026-02-04T12:00:00+00:00|Adoption|Healthy|demo2,80,212000,2026-04-13,Boards; Analytics,,true,Jonas Berg,3370000,93,10
79,Dragon Fintech -- QBR preparation quarterly review,,Healthy,Financial Services,medium,demo2,Champion,,3,2025-12-11T12:00:00+00:00,demo2,2026-01-05T12:00:00+00:00,3,2025-12-11T12:00:00+00:00||Onboarding|demo2; 2025-12-27T12:00:00+00:00|Onboarding|Adoption|demo3; 2026-01-05T12:00:00+00:00|Adoption|Healthy|demo4,80,158000,2026-03-30,Analytics; SSO,,true,Isabel Ortiz,3680000,90,15
80,Nexus Reseller Network -- QBR partner performance metrics,,Healthy,Financial Services,medium,demo3,"Expansion Opportunity, QBR Needed",2026-04-25,8,2026-01-04T12:00:00+00:00,demo3,2026-02-06T12:00:00+00:00,3,2026-01-04T12:00:00+00:00||Onboarding|demo3; 2026-01-24T12:00:00+00:00|Onboarding|Adoption|demo4; 2026-02-06T12:00:00+00:00|Adoption|Healthy|demo5,95,330000,2026-06-13,Analytics,,true,Isabel Ortiz,3680000,90,15
81,Copper Ink Creative -- QBR: discuss board template needs,Lifecycle work for a Financial Services account. Note risk drivers and the executive sponsor's position in comments.,Healthy,Financial Services,low,,Expansion Opportunity,2026-04-25,4,2026-02-06T12:00:00+00:00,demo5,2026-02-24T12:00:00+00:00,5,2026-02-06T12:00:00+00:00||Onboarding|demo5; 2026-02-14T12:00:00+00:00|Onboarding|Adoption|demo1; 2026-02-18T12:00:00+00:00|Adoption|Onboarding|demo2; 2026-02-20T12:00:00+00:00|Onboarding|Adoption|demo3; 2026-02-24T12:00:00+00:00|Adoption|Healthy|demo4,69,82000,2026-04-09,SSO; API,,true,Isabel Ortiz,3680000,90,15
82,"Silver Ridge Analytics -- Healthy: NPS 9, reference candidate",Lifecycle work for a Startup & SMB account. Note risk drivers and the executive sponsor's position in comments.,Healthy,Startup & SMB,medium,,"Expansion Opportunity, QBR Needed",,5,2026-02-12T12:00:00+00:00,demo5,2026-02-25T12:00:00+00:00,3,2026-02-12T12:00:00+00:00||Onboarding|demo5; 2026-02-22T12:00:00+00:00|Onboarding|Adoption|demo1; 2026-02-25T12:00:00+00:00|Adoption|Healthy|demo2,65,32000,2026-05-24,Boards; Automation; SSO; API,,false,Avery Brooks,3990000,91,5
83,Jade Capital Partners -- Healthy: 90% utilization,,Healthy,Startup & SMB,medium,demo4,,2026-04-19,5,2026-01-23T12:00:00+00:00,demo4,2026-02-10T12:00:00+00:00,5,2026-01-23T12:00:00+00:00||Onboarding|demo4; 2026-01-29T12:00:00+00:00|Onboarding|Adoption|demo5; 2026-02-02T12:00:00+00:00|Adoption|Onboarding|demo1; 2026-02-07T12:00:00+00:00|Onboarding|Adoption|demo2; 2026-02-10T12:00:00+00:00|Adoption|Healthy|demo3,56,258000,2026-03-25,Automation,,false,Avery Brooks,3990000,91,5
84,Brightwave Systems -- Healthy: 95% seat utilization,,Healthy,Startup & SMB,high,demo1,,,7,2026-01-26T12:00:00+00:00,demo1,2026-02-23T12:00:00+00:00,5,2026-01-26T12:00:00+00:00||Onboarding|demo1; 2026-02-04T12:00:00+00:00|Onboarding|Adoption|demo2; 2026-02-11T12:00:00+00:00|Adoption|Onboarding|demo3; 2026-02-18T12:00:00+00:00|Onboarding|Adoption|demo4; 2026-02-23T12:00:00+00:00|Adoption|Healthy|demo5,74,350000,2026-05-08,SSO,,false,Avery Brooks,3990000,91,5
85,"Valley Health System -- Healthy: 88% utilization, HIPAA compliant",,Healthy,Startup & SMB,medium,demo4,"Champion, Expansion Opportunity",2026-04-12,8,2026-01-06T12:00:00+00:00,demo4,2026-02-06T12:00:00+00:00,5,2026-01-06T12:00:00+00:00||Onboarding|demo4; 2026-01-15T12:00:00+00:00|Onboarding|Adoption|demo5; 2026-01-19T12:00:00+00:00|Adoption|Onboarding|demo1; 2026-01-28T12:00:00+00:00|Onboarding|Adoption|demo2; 2026-02-06T12:00:00+00:00|Adoption|Healthy|demo3,95,82000,2026-06-11,Analytics; Automation; SSO; API,,true,Avery Brooks,3990000,91,5
86,Alpine Retail GmbH -- Healthy: champion is VP Operations,,Healthy,Agency & Creative,medium,demo4,,2026-04-10,5,2026-01-10T12:00:00+00:00,demo4,2026-02-08T12:00:00+00:00,5,2026-01-10T12:00:00+00:00||Onboarding|demo4; 2026-01-23T12:00:00+00:00|Onboarding|Adoption|demo5; 2026-01-28T12:00:00+00:00|Adoption|Onboarding|demo1; 2026-02-03T12:00:00+00:00|Onboarding|Adoption|demo2; 2026-02-08T12:00:00+00:00|Adoption|Healthy|demo3,80,188000,2026-05-18,Automation; API,,true,Priya Raman,4300000,92,10
87,University of Westfield -- Healthy: IT and admissions boards,Agency & Creative segment motion. Review the health score and adoption before the next customer touchpoint.,Healthy,Agency & Creative,urgent,demo4,Renewal Due,2026-04-09,7,2026-01-31T12:00:00+00:00,demo4,2026-02-15T12:00:00+00:00,3,2026-01-31T12:00:00+00:00||Onboarding|demo4; 2026-02-13T12:00:00+00:00|Onboarding|Adoption|demo5; 2026-02-15T12:00:00+00:00|Adoption|Healthy|demo1,90,64000,2026-03-19,Analytics; Automation; SSO,,false,Priya Raman,4300000,92,10
88,Apex Wealth Management -- Healthy: portfolio review boards active,,Healthy,Agency & Creative,high,demo3,QBR Needed,2026-04-08,2,2026-01-22T12:00:00+00:00,demo3,2026-02-07T12:00:00+00:00,3,2026-01-22T12:00:00+00:00||Onboarding|demo3; 2026-02-04T12:00:00+00:00|Onboarding|Adoption|demo4; 2026-02-07T12:00:00+00:00|Adoption|Healthy|demo5,92,186000,,API,,false,Priya Raman,4300000,92,10
89,Beacon Advisory Group -- Expansion into new vertical,Lifecycle work for a Americas account. Note risk drivers and the executive sponsor's position in comments.,Expansion,Americas,medium,demo4,QBR Needed,2026-04-20,5,2025-12-22T12:00:00+00:00,demo4,2026-01-24T12:00:00+00:00,3,2025-12-22T12:00:00+00:00||Onboarding|demo4; 2026-01-04T12:00:00+00:00|Onboarding|Healthy|demo5; 2026-01-24T12:00:00+00:00|Healthy|Expansion|demo1,62,190000,,Analytics,,false,Hana Kobayashi,1200000,90,5
90,Northern Trust Services -- Expansion: add private banking division,,Expansion,Americas,medium,,,,6,2026-02-06T12:00:00+00:00,demo5,2026-02-19T12:00:00+00:00,4,2026-02-06T12:00:00+00:00||Onboarding|demo5; 2026-02-10T12:00:00+00:00|Onboarding|Adoption|demo1; 2026-02-17T12:00:00+00:00|Adoption|Healthy|demo2; 2026-02-19T12:00:00+00:00|Healthy|Expansion|demo3,85,350000,2026-04-25,Boards; Analytics; SSO; API,,true,Hana Kobayashi,1200000,90,5
91,GigaStack -- Expansion from 10 to 20 seats,Lifecycle work for a EMEA account. Note risk drivers and the executive sponsor's position in comments.,Expansion,EMEA,medium,demo4,Renewal Due,2026-03-28,7,2026-02-11T12:00:00+00:00,demo4,2026-02-27T12:00:00+00:00,3,2026-02-11T12:00:00+00:00||Onboarding|demo4; 2026-02-20T12:00:00+00:00|Onboarding|Adoption|demo5; 2026-02-27T12:00:00+00:00|Adoption|Expansion|demo1,83,38000,2026-03-19,Boards; Automation; API,,true,Lucas Ferreira,1510000,91,10
92,Tidal Wave Media -- Expansion: content team growing,APAC segment motion. Review the health score and adoption before the next customer touchpoint.,Expansion,APAC,high,demo2,,2026-04-10,4,2026-01-13T12:00:00+00:00,demo2,2026-02-09T12:00:00+00:00,4,2026-01-13T12:00:00+00:00||Onboarding|demo2; 2026-01-17T12:00:00+00:00|Onboarding|Adoption|demo3; 2026-01-28T12:00:00+00:00|Adoption|Healthy|demo4; 2026-02-09T12:00:00+00:00|Healthy|Expansion|demo5,85,132000,2026-03-27,Boards; Analytics; Automation; API,,false,Nadia Haddad,1820000,92,15
93,Prism Motion Graphics -- Expansion: add video production team,,Expansion,APAC,urgent,demo3,Renewal Due,2026-03-03,3,2026-02-06T12:00:00+00:00,demo3,2026-02-22T12:00:00+00:00,3,2026-02-06T12:00:00+00:00||Onboarding|demo3; 2026-02-13T12:00:00+00:00|Onboarding|Healthy|demo4; 2026-02-22T12:00:00+00:00|Healthy|Expansion|demo5,81,346000,2026-06-09,Boards,,true,Nadia Haddad,1820000,92,15
94,Vertex Media -- Expansion proposal 80 to 150 seats,,Expansion,Enterprise Accounts,medium,demo3,,2026-02-14,8,2026-01-04T12:00:00+00:00,demo3,2026-02-11T12:00:00+00:00,4,2026-01-04T12:00:00+00:00||Onboarding|demo3; 2026-01-21T12:00:00+00:00|Onboarding|Adoption|demo4; 2026-01-30T12:00:00+00:00|Adoption|Healthy|demo5; 2026-02-11T12:00:00+00:00|Healthy|Expansion|demo1,62,154000,2026-05-12,Boards; Automation,,true,Owen Gallagher,2130000,93,5
95,Copper Hill Logistics -- Expansion: 3 new warehouses,,Expansion,Mid-Market,low,,,2026-03-01,1,2026-01-27T12:00:00+00:00,demo5,2026-02-14T12:00:00+00:00,4,2026-01-27T12:00:00+00:00||Onboarding|demo5; 2026-02-05T12:00:00+00:00|Onboarding|Adoption|demo1; 2026-02-11T12:00:00+00:00|Adoption|Healthy|demo2; 2026-02-14T12:00:00+00:00|Healthy|Expansion|demo3,56,160000,2026-05-18,Boards; SSO,,true,Sofia Marino,2440000,90,10
96,Lighthouse Consulting -- Joint roadmap alignment session,Mid-Market segment motion. Review the health score and adoption before the next customer touchpoint.,Expansion,Mid-Market,medium,demo2,,,7,2026-02-01T12:00:00+00:00,demo2,2026-02-25T12:00:00+00:00,4,2026-02-01T12:00:00+00:00||Onboarding|demo2; 2026-02-13T12:00:00+00:00|Onboarding|Adoption|demo3; 2026-02-17T12:00:00+00:00|Adoption|Healthy|demo4; 2026-02-25T12:00:00+00:00|Healthy|Expansion|demo5,60,196000,2026-05-22,Boards; API,,false,Sofia Marino,2440000,90,10
97,Global Freight Co -- Expansion 300 to 500 seats,Lifecycle work for a Strategic Partners account. Note risk drivers and the executive sponsor's position in comments.,Expansion,Strategic Partners,urgent,demo3,"QBR Needed, Champion",2026-04-16,6,2025-12-13T12:00:00+00:00,demo3,2026-01-26T12:00:00+00:00,4,2025-12-13T12:00:00+00:00||Onboarding|demo3; 2026-01-03T12:00:00+00:00|Onboarding|Adoption|demo4; 2026-01-13T12:00:00+00:00|Adoption|Healthy|demo5; 2026-01-26T12:00:00+00:00|Healthy|Expansion|demo1,80,158000,2026-03-31,Boards; Analytics; SSO; API,,true,Tariq Aziz,2750000,91,15
98,Meridian MSP Partners -- Partner certification program launch,Strategic Partners segment motion. Review the health score and adoption before the next customer touchpoint.,Expansion,Strategic Partners,urgent,demo4,"Champion, Expansion Opportunity",2026-04-24,3,2026-02-06T12:00:00+00:00,demo4,2026-02-22T12:00:00+00:00,3,2026-02-06T12:00:00+00:00||Onboarding|demo4; 2026-02-13T12:00:00+00:00|Onboarding|Healthy|demo5; 2026-02-22T12:00:00+00:00|Healthy|Expansion|demo1,89,124000,2026-05-10,Boards; API,,false,Tariq Aziz,2750000,91,15
99,Community College Network -- Expansion: 12 new campuses,Strategic Partners segment motion. Review the health score and adoption before the next customer touchpoint.,Expansion,Strategic Partners,high,demo1,"QBR Needed, Renewal Due",2026-04-23,3,2026-01-19T12:00:00+00:00,demo1,2026-02-12T12:00:00+00:00,4,2026-01-19T12:00:00+00:00||Onboarding|demo1; 2026-01-29T12:00:00+00:00|Onboarding|Adoption|demo2; 2026-02-01T12:00:00+00:00|Adoption|Healthy|demo3; 2026-02-12T12:00:00+00:00|Healthy|Expansion|demo4,64,158000,,Analytics; Automation; SSO; API,,true,Tariq Aziz,2750000,91,15
100,Sakura Robotics -- Expansion from 60 to 120 seats,,Expansion,Government & Edu,low,demo3,"At Risk, Expansion Opportunity",2026-03-06,8,2026-01-08T12:00:00+00:00,demo3,2026-01-30T12:00:00+00:00,4,2026-01-08T12:00:00+00:00||Onboarding|demo3; 2026-01-25T12:00:00+00:00|Onboarding|Adoption|demo4; 2026-01-27T12:00:00+00:00|Adoption|Healthy|demo5; 2026-01-30T12:00:00+00:00|Healthy|Expansion|demo1,32,350000,2026-05-30,Boards; Analytics; Automation; API,Budget cut,true,Mei Lin,3060000,92,5
101,Westside Cardiology -- Expansion: research division onboarding,,Expansion,Government & Edu,high,,"QBR Needed, Champion",2026-02-21,7,2026-01-03T12:00:00+00:00,demo5,2026-02-06T12:00:00+00:00,4,2026-01-03T12:00:00+00:00||Onboarding|demo5; 2026-01-18T12:00:00+00:00|Onboarding|Adoption|demo1; 2026-01-29T12:00:00+00:00|Adoption|Healthy|demo2; 2026-02-06T12:00:00+00:00|Healthy|Expansion|demo3,91,38000,2026-06-06,Automation,,true,Mei Lin,3060000,92,5
102,Redwood Capital Group -- Expansion: M&A integration boards,,Expansion,Government & Edu,medium,demo2,"Renewal Due, Champion",,2,2026-01-27T12:00:00+00:00,demo2,2026-02-18T12:00:00+00:00,4,2026-01-27T12:00:00+00:00||Onboarding|demo2; 2026-02-08T12:00:00+00:00|Onboarding|Adoption|demo3; 2026-02-11T12:00:00+00:00|Adoption|Healthy|demo4; 2026-02-18T12:00:00+00:00|Healthy|Expansion|demo5,60,204000,,Boards; Analytics; Automation; API,,false,Mei Lin,3060000,92,5
103,Frontier Retail -- Expansion to 5 new store regions,,Expansion,Financial Services,high,demo3,,,3,2026-01-18T12:00:00+00:00,demo3,2026-02-05T12:00:00+00:00,4,2026-01-18T12:00:00+00:00||Onboarding|demo3; 2026-01-29T12:00:00+00:00|Onboarding|Adoption|demo4; 2026-01-31T12:00:00+00:00|Adoption|Healthy|demo5; 2026-02-05T12:00:00+00:00|Healthy|Expansion|demo1,87,226000,,API,,true,Isabel Ortiz,3680000,90,15
104,Danube Fintech -- Expansion from 40 to 100 seats,Lifecycle work for a Startup & SMB account. Note risk drivers and the executive sponsor's position in comments.,Expansion,Startup & SMB,low,demo2,"Expansion Opportunity, Renewal Due",,4,2026-02-03T12:00:00+00:00,demo2,2026-02-27T12:00:00+00:00,6,2026-02-03T12:00:00+00:00||Onboarding|demo2; 2026-02-11T12:00:00+00:00|Onboarding|Adoption|demo3; 2026-02-16T12:00:00+00:00|Adoption|Onboarding|demo4; 2026-02-20T12:00:00+00:00|Onboarding|Adoption|demo5; 2026-02-22T12:00:00+00:00|Adoption|Healthy|demo1; 2026-02-27T12:00:00+00:00|Healthy|Expansion|demo2,58,338000,2026-04-03,Boards; Automation; SSO; API,,false,Avery Brooks,3990000,91,5
105,Cobalt Engineering -- Expansion from 50 to 80 seats,Startup & SMB segment motion. Review the health score and adoption before the next customer touchpoint.,Expansion,Startup & SMB,high,demo3,,2026-04-20,5,2025-12-13T12:00:00+00:00,demo3,2026-01-12T12:00:00+00:00,6,2025-12-13T12:00:00+00:00||Onboarding|demo3; 2025-12-29T12:00:00+00:00|Onboarding|Adoption|demo4; 2025-12-31T12:00:00+00:00|Adoption|Healthy|demo5; 2026-01-02T12:00:00+00:00|Healthy|Adoption|demo1; 2026-01-08T12:00:00+00:00|Adoption|Healthy|demo2; 2026-01-12T12:00:00+00:00|Healthy|Expansion|demo3,79,76000,2026-05-14,Analytics; API,,false,Avery Brooks,3990000,91,5
106,County Public Health -- Expansion: 3 additional departments,,Expansion,Startup & SMB,medium,demo2,,2026-03-08,3,2026-02-05T12:00:00+00:00,demo2,2026-02-17T12:00:00+00:00,3,2026-02-05T12:00:00+00:00||Onboarding|demo2; 2026-02-12T12:00:00+00:00|Onboarding|Healthy|demo3; 2026-02-17T12:00:00+00:00|Healthy|Expansion|demo4,70,200000,,Boards; Analytics; Automation,,true,Avery Brooks,3990000,91,5
107,BrightNode AI -- Expansion: ML team wants dedicated boards,Startup & SMB segment motion. Review the health score and adoption before the next customer touchpoint.,Expansion,Startup & SMB,high,,"Renewal Due, Expansion Opportunity",2026-04-03,1,2026-02-03T12:00:00+00:00,demo5,2026-02-22T12:00:00+00:00,4,2026-02-03T12:00:00+00:00||Onboarding|demo5; 2026-02-11T12:00:00+00:00|Onboarding|Adoption|demo1; 2026-02-15T12:00:00+00:00|Adoption|Healthy|demo2; 2026-02-22T12:00:00+00:00|Healthy|Expansion|demo3,80,312000,,Boards; Automation; SSO,,true,Avery Brooks,3990000,91,5
108,Sterling Advertising -- Expansion: 2 new client teams,,Expansion,Startup & SMB,urgent,demo2,,2026-03-27,6,2025-12-31T12:00:00+00:00,demo2,2026-01-24T12:00:00+00:00,4,2025-12-31T12:00:00+00:00||Onboarding|demo2; 2026-01-09T12:00:00+00:00|Onboarding|Adoption|demo3; 2026-01-13T12:00:00+00:00|Adoption|Healthy|demo4; 2026-01-24T12:00:00+00:00|Healthy|Expansion|demo5,59,152000,,Boards,,true,Avery Brooks,3990000,91,5
109,Redwood Therapeutics -- Expansion into lab division,,Expansion,Agency & Creative,high,demo3,QBR Needed,2026-03-25,1,2025-12-29T12:00:00+00:00,demo3,2026-01-20T12:00:00+00:00,3,2025-12-29T12:00:00+00:00||Onboarding|demo3; 2026-01-15T12:00:00+00:00|Onboarding|Healthy|demo4; 2026-01-20T12:00:00+00:00|Healthy|Expansion|demo5,60,298000,2026-05-09,Analytics; Automation; API,,true,Priya Raman,4300000,92,10
110,Metro Hospital Group -- Expansion: add 3 new facilities,,Expansion,Agency & Creative,medium,demo1,"Expansion Opportunity, Renewal Due",2026-04-07,5,2026-01-09T12:00:00+00:00,demo1,2026-02-07T12:00:00+00:00,3,2026-01-09T12:00:00+00:00||Onboarding|demo1; 2026-01-23T12:00:00+00:00|Onboarding|Healthy|demo2; 2026-02-07T12:00:00+00:00|Healthy|Expansion|demo3,86,60000,2026-05-15,Analytics; Automation; API,,false,Priya Raman,4300000,92,10
111,Bamboo Health Systems -- Renewal 1-year extension,Lifecycle work for a Americas account. Note risk drivers and the executive sponsor's position in comments.,Renewal,Americas,high,demo3,Champion,2026-04-02,3,2026-02-11T12:00:00+00:00,demo3,2026-02-24T12:00:00+00:00,4,2026-02-11T12:00:00+00:00||Onboarding|demo3; 2026-02-16T12:00:00+00:00|Onboarding|Adoption|demo4; 2026-02-18T12:00:00+00:00|Adoption|Expansion|demo5; 2026-02-24T12:00:00+00:00|Expansion|Renewal|demo1,59,146000,2026-04-08,SSO,,true,Hana Kobayashi,1200000,90,5
112,Lakeside Urgent Care -- Renewal: 2-year deal discussion,,Renewal,Americas,medium,demo3,"Renewal Due, At Risk",2026-04-14,3,2025-12-11T12:00:00+00:00,demo3,2026-01-14T12:00:00+00:00,4,2025-12-11T12:00:00+00:00||Onboarding|demo3; 2026-01-03T12:00:00+00:00|Onboarding|Adoption|demo4; 2026-01-07T12:00:00+00:00|Adoption|Healthy|demo5; 2026-01-14T12:00:00+00:00|Healthy|Renewal|demo1,15,134000,2026-04-24,Boards; Analytics; API,Low usage,false,Hana Kobayashi,1200000,90,5
113,NovaGen Biotech -- Renewal discussion started,EMEA segment motion. Review the health score and adoption before the next customer touchpoint.,Renewal,EMEA,medium,demo2,,,5,2026-01-22T12:00:00+00:00,demo2,2026-02-23T12:00:00+00:00,7,2026-01-22T12:00:00+00:00||Onboarding|demo2; 2026-01-30T12:00:00+00:00|Onboarding|Adoption|demo3; 2026-02-04T12:00:00+00:00|Adoption|Healthy|demo4; 2026-02-10T12:00:00+00:00|Healthy|Expansion|demo5; 2026-02-15T12:00:00+00:00|Expansion|Healthy|demo1; 2026-02-19T12:00:00+00:00|Healthy|Expansion|demo2; 2026-02-23T12:00:00+00:00|Expansion|Renewal|demo3,57,158000,,Analytics; API,,true,Lucas Ferreira,1510000,91,10
114,Coastal Insurance Group -- Renewal: SOC 2 audit passed,,Renewal,EMEA,medium,demo2,"Expansion Opportunity, Renewal Due",2026-04-26,4,2025-12-19T12:00:00+00:00,demo2,2026-01-17T12:00:00+00:00,5,2025-12-19T12:00:00+00:00||Onboarding|demo2; 2025-12-25T12:00:00+00:00|Onboarding|Adoption|demo3; 2026-01-01T12:00:00+00:00|Adoption|Healthy|demo4; 2026-01-04T12:00:00+00:00|Healthy|Expansion|demo5; 2026-01-17T12:00:00+00:00|Expansion|Renewal|demo1,67,230000,2026-05-03,Analytics; API,,true,Lucas Ferreira,1510000,91,10
115,Cobalt Content Agency -- Renewal: 1-year extension discussion,Enterprise Accounts segment motion. Review the health score and adoption before the next customer touchpoint.,Renewal,Enterprise Accounts,medium,,"At Risk, QBR Needed",2026-04-29,8,2026-02-07T12:00:00+00:00,demo5,2026-02-28T12:00:00+00:00,7,2026-02-07T12:00:00+00:00||Onboarding|demo5; 2026-02-13T12:00:00+00:00|Onboarding|Adoption|demo1; 2026-02-17T12:00:00+00:00|Adoption|Healthy|demo2; 2026-02-20T12:00:00+00:00|Healthy|Adoption|demo3; 2026-02-24T12:00:00+00:00|Adoption|Healthy|demo4; 2026-02-26T12:00:00+00:00|Healthy|Expansion|demo5; 2026-02-28T12:00:00+00:00|Expansion|Renewal|demo1,28,304000,2026-05-18,Boards; Analytics; SSO; API,Champion left,true,Owen Gallagher,2130000,93,5
116,Atlas Logistics BV -- Renewal + 30-seat expansion,Mid-Market segment motion. Review the health score and adoption before the next customer touchpoint.,Renewal,Mid-Market,medium,demo2,QBR Needed,,3,2025-12-10T12:00:00+00:00,demo2,2026-01-11T12:00:00+00:00,4,2025-12-10T12:00:00+00:00||Onboarding|demo2; 2025-12-17T12:00:00+00:00|Onboarding|Adoption|demo3; 2025-12-27T12:00:00+00:00|Adoption|Expansion|demo4; 2026-01-11T12:00:00+00:00|Expansion|Renewal|demo5,92,180000,,Automation,,false,Sofia Marino,2440000,90,10
117,Ironclad Legal -- Renewal negotiation 2-year deal,,Renewal,Government & Edu,high,demo4,,2026-02-16,8,2026-01-09T12:00:00+00:00,demo4,2026-02-11T12:00:00+00:00,7,2026-01-09T12:00:00+00:00||Onboarding|demo4; 2026-01-17T12:00:00+00:00|Onboarding|Adoption|demo5; 2026-01-19T12:00:00+00:00|Adoption|Healthy|demo1; 2026-01-23T12:00:00+00:00|Healthy|Expansion|demo2; 2026-01-31T12:00:00+00:00|Expansion|Healthy|demo3; 2026-02-04T12:00:00+00:00|Healthy|Expansion|demo4; 2026-02-11T12:00:00+00:00|Expansion|Renewal|demo5,73,44000,,Automation; SSO,,true,Mei Lin,3060000,92,5
118,Pinnacle Finance -- Renewal 3-year deal with locked pricing,Lifecycle work for a Government & Edu account. Note risk drivers and the executive sponsor's position in comments.,Renewal,Government & Edu,low,,"Champion, Renewal Due",2026-03-12,6,2025-12-17T12:00:00+00:00,demo5,2026-01-24T12:00:00+00:00,4,2025-12-17T12:00:00+00:00||Onboarding|demo5; 2026-01-02T12:00:00+00:00|Onboarding|Adoption|demo1; 2026-01-19T12:00:00+00:00|Adoption|Expansion|demo2; 2026-01-24T12:00:00+00:00|Expansion|Renewal|demo3,65,186000,,Automation; API,,true,Mei Lin,3060000,92,5
119,Municipal Water Authority -- Renewal: annual contract due,Lifecycle work for a Government & Edu account. Note risk drivers and the executive sponsor's position in comments.,Renewal,Government & Edu,medium,demo3,"Renewal Due, Expansion Opportunity",2026-03-14,2,2025-12-12T12:00:00+00:00,demo3,2026-01-26T12:00:00+00:00,7,2025-12-12T12:00:00+00:00||Onboarding|demo3; 2025-12-25T12:00:00+00:00|Onboarding|Adoption|demo4; 2025-12-28T12:00:00+00:00|Adoption|Healthy|demo5; 2026-01-06T12:00:00+00:00|Healthy|Adoption|demo1; 2026-01-14T12:00:00+00:00|Adoption|Healthy|demo2; 2026-01-22T12:00:00+00:00|Healthy|Expansion|demo3; 2026-01-26T12:00:00+00:00|Expansion|Renewal|demo4,91,278000,,Boards; Analytics; API,,true,Mei Lin,3060000,92,5
120,Celtic Insurance Group -- Renewal due end of quarter,,Renewal,Healthcare,urgent,demo3,"Champion, At Risk",2026-03-10,6,2025-12-17T12:00:00+00:00,demo3,2026-01-30T12:00:00+00:00,4,2025-12-17T12:00:00+00:00||Onboarding|demo3; 2026-01-07T12:00:00+00:00|Onboarding|Healthy|demo4; 2026-01-20T12:00:00+00:00|Healthy|Expansion|demo5; 2026-01-30T12:00:00+00:00|Expansion|Renewal|demo1,19,112000,2026-04-10,Analytics; Automation; SSO; API,Low usage,true,Jonas Berg,3370000,93,10
121,Evergreen Insurance -- Renewal: multi-year proposal sent,Lifecycle work for a Healthcare account. Note risk drivers and the executive sponsor's position in comments.,Renewal,Healthcare,medium,demo4,Champion,2026-04-27,4,2026-01-21T12:00:00+00:00,demo4,2026-02-15T12:00:00+00:00,5,2026-01-21T12:00:00+00:00||Onboarding|demo4; 2026-01-29T12:00:00+00:00|Onboarding|Adoption|demo5; 2026-02-06T12:00:00+00:00|Adoption|Healthy|demo1; 2026-02-09T12:00:00+00:00|Healthy|Expansion|demo2; 2026-02-15T12:00:00+00:00|Expansion|Renewal|demo3,91,194000,2026-05-22,Boards; Analytics; Automation; API,,true,Jonas Berg,3370000,93,10
122,TinyCloud Hosting -- Renewal: annual plan due,,Renewal,Healthcare,low,demo1,,2026-02-14,5,2026-01-02T12:00:00+00:00,demo1,2026-02-01T12:00:00+00:00,5,2026-01-02T12:00:00+00:00||Onboarding|demo1; 2026-01-09T12:00:00+00:00|Onboarding|Adoption|demo2; 2026-01-18T12:00:00+00:00|Adoption|Healthy|demo3; 2026-01-21T12:00:00+00:00|Healthy|Expansion|demo4; 2026-02-01T12:00:00+00:00|Expansion|Renewal|demo5,61,152000,,API,,true,Jonas Berg,3370000,93,10
123,Federal Research Lab -- Renewal: FedRAMP compliance review,Financial Services segment motion. Review the health score and adoption before the next customer touchpoint.,Renewal,Financial Services,high,,"Expansion Opportunity, QBR Needed",2026-03-11,7,2026-01-05T12:00:00+00:00,demo5,2026-02-04T12:00:00+00:00,5,2026-01-05T12:00:00+00:00||Onboarding|demo5; 2026-01-16T12:00:00+00:00|Onboarding|Adoption|demo1; 2026-01-27T12:00:00+00:00|Adoption|Healthy|demo2; 2026-02-01T12:00:00+00:00|Healthy|Expansion|demo3; 2026-02-04T12:00:00+00:00|Expansion|Renewal|demo4,59,124000,2026-05-25,Automation,,true,Isabel Ortiz,3680000,90,15
124,Ember Analytics -- Renewal: annual contract due,,Renewal,Agency & Creative,urgent,,Renewal Due,2026-04-15,1,2025-12-31T12:00:00+00:00,demo5,2026-01-21T12:00:00+00:00,5,2025-12-31T12:00:00+00:00||Onboarding|demo5; 2026-01-06T12:00:00+00:00|Onboarding|Adoption|demo1; 2026-01-12T12:00:00+00:00|Adoption|Healthy|demo2; 2026-01-16T12:00:00+00:00|Healthy|Expansion|demo3; 2026-01-21T12:00:00+00:00|Expansion|Renewal|demo4,87,160000,,Boards; Analytics; Automation; SSO,,false,Priya Raman,4300000,92,10
125,Keystone Channel Partners -- Renewal: 2-year agreement,Agency & Creative segment motion. Review the health score and adoption before the next customer touchpoint.,Renewal,Agency & Creative,high,demo2,"QBR Needed, At Risk",2026-04-03,7,2025-12-16T12:00:00+00:00,demo2,2026-01-13T12:00:00+00:00,5,2025-12-16T12:00:00+00:00||Onboarding|demo2; 2025-12-30T12:00:00+00:00|Onboarding|Adoption|demo3; 2026-01-01T12:00:00+00:00|Adoption|Healthy|demo4; 2026-01-11T12:00:00+00:00|Healthy|Expansion|demo5; 2026-01-13T12:00:00+00:00|Expansion|Renewal|demo1,26,154000,2026-05-08,Analytics; Automation; SSO; API,Champion left,true,Priya Raman,4300000,92,10
126,Iberian Software SL -- Churned: migrated to competitor,EMEA segment motion. Review the health score and adoption before the next customer touchpoint.,Churned,EMEA,medium,demo3,,2026-03-01,8,2025-12-12T12:00:00+00:00,demo3,2026-01-20T12:00:00+00:00,7,2025-12-12T12:00:00+00:00||Onboarding|demo3; 2025-12-26T12:00:00+00:00|Onboarding|Adoption|demo4; 2025-12-28T12:00:00+00:00|Adoption|Healthy|demo5; 2026-01-09T12:00:00+00:00|Healthy|Expansion|demo1; 2026-01-14T12:00:00+00:00|Expansion|Renewal|demo2; 2026-01-17T12:00:00+00:00|Renewal|Churned|demo3; 2026-01-20T12:00:00+00:00|Churned|Churned|demo3,34,272000,2026-03-29,Automation,Product gap,false,Lucas Ferreira,1510000,91,10
127,NanoTech Labs -- Churned: team dissolved after pivot,,Churned,APAC,high,demo1,"QBR Needed, Expansion Opportunity",2026-03-15,3,2025-12-30T12:00:00+00:00,demo1,2026-02-04T12:00:00+00:00,6,2025-12-30T12:00:00+00:00||Onboarding|demo1; 2026-01-06T12:00:00+00:00|Onboarding|Adoption|demo2; 2026-01-16T12:00:00+00:00|Adoption|Expansion|demo3; 2026-01-27T12:00:00+00:00|Expansion|Renewal|demo4; 2026-02-01T12:00:00+00:00|Renewal|Churned|demo5; 2026-02-04T12:00:00+00:00|Churned|Churned|demo5,33,278000,,Boards; Analytics; SSO; API,Champion left,true,Nadia Haddad,1820000,92,15
128,"Koala Systems -- Churned: price sensitivity, low adoption",,Churned,Strategic Partners,medium,demo1,At Risk,2026-04-14,6,2026-02-01T12:00:00+00:00,demo1,2026-02-19T12:00:00+00:00,5,2026-02-01T12:00:00+00:00||Onboarding|demo1; 2026-02-09T12:00:00+00:00|Onboarding|Adoption|demo2; 2026-02-12T12:00:00+00:00|Adoption|Healthy|demo3; 2026-02-15T12:00:00+00:00|Healthy|Renewal|demo4; 2026-02-19T12:00:00+00:00|Renewal|Churned|demo5,36,184000,2026-05-22,API,Product gap,false,Tariq Aziz,2750000,91,15
129,Fusion Labs -- Churned: consolidated to Notion,Healthcare segment motion. Review the health score and adoption before the next customer touchpoint.,Churned,Healthcare,urgent,demo4,Renewal Due,2026-03-22,3,2026-01-24T12:00:00+00:00,demo4,2026-02-17T12:00:00+00:00,8,2026-01-24T12:00:00+00:00||Onboarding|demo4; 2026-01-30T12:00:00+00:00|Onboarding|Adoption|demo5; 2026-02-01T12:00:00+00:00|Adoption|Healthy|demo1; 2026-02-06T12:00:00+00:00|Healthy|Expansion|demo2; 2026-02-08T12:00:00+00:00|Expansion|Healthy|demo3; 2026-02-11T12:00:00+00:00|Healthy|Expansion|demo4; 2026-02-15T12:00:00+00:00|Expansion|Renewal|demo5; 2026-02-17T12:00:00+00:00|Renewal|Churned|demo1,27,164000,2026-05-05,Boards; SSO; API,Budget cut,true,Jonas Berg,3370000,93,10
130,Northshore Elder Care -- Churned: switched to EMR-integrated tool,,Churned,Healthcare,medium,demo2,At Risk,2026-02-17,4,2026-02-05T12:00:00+00:00,demo2,2026-02-22T12:00:00+00:00,5,2026-02-05T12:00:00+00:00||Onboarding|demo2; 2026-02-10T12:00:00+00:00|Onboarding|Adoption|demo3; 2026-02-12T12:00:00+00:00|Adoption|Expansion|demo4; 2026-02-17T12:00:00+00:00|Expansion|Renewal|demo5; 2026-02-22T12:00:00+00:00|Renewal|Churned|demo1,20,190000,2026-04-14,Analytics; Automation; API,Champion left,true,Jonas Berg,3370000,93,10
131,Crestview Advisors -- Churned: acquired by larger firm,Financial Services segment motion. Review the health score and adoption before the next customer touchpoint.,Churned,Financial Services,urgent,demo1,At Risk,2026-04-01,3,2025-12-15T12:00:00+00:00,demo1,2026-01-25T12:00:00+00:00,6,2025-12-15T12:00:00+00:00||Onboarding|demo1; 2025-12-30T12:00:00+00:00|Onboarding|Adoption|demo2; 2026-01-09T12:00:00+00:00|Adoption|Healthy|demo3; 2026-01-13T12:00:00+00:00|Healthy|Expansion|demo4; 2026-01-16T12:00:00+00:00|Expansion|Renewal|demo5; 2026-01-25T12:00:00+00:00|Renewal|Churned|demo1,26,74000,2026-05-31,Automation; SSO; API,Champion left,false,Isabel Ortiz,3680000,90,15
132,Jade Marketing Group -- Churned: consolidated to project management suite,Agency & Creative segment motion. Review the health score and adoption before the next customer touchpoint.,Churned,Agency & Creative,high,demo4,"At Risk, Expansion Opportunity",2026-04-22,6,2025-12-25T12:00:00+00:00,demo4,2026-02-01T12:00:00+00:00,7,2025-12-25T12:00:00+00:00||Onboarding|demo4; 2025-12-30T12:00:00+00:00|Onboarding|Adoption|demo5; 2026-01-02T12:00:00+00:00|Adoption|Healthy|demo1; 2026-01-08T12:00:00+00:00|Healthy|Expansion|demo2; 2026-01-18T12:00:00+00:00|Expansion|Renewal|demo3; 2026-01-23T12:00:00+00:00|Renewal|Churned|demo4; 2026-02-01T12:00:00+00:00|Churned|Churned|demo4,35,354000,2026-05-20,Boards; Analytics; Automation; API,Low usage,true,Priya Raman,4300000,92,10
