Card ID,Title,Description,Column,Swimlane,Priority,Assignee,Labels,Due Date,Weight,Created At,Created By,Last Moved At,Movement Count,Movement History,Custom: Severity,Custom: Ticket,Custom: Users affected,Custom: SLA due,Custom: Components,Custom: Reproduced,Swimlane Custom: Support plan,Swimlane Custom: CSM,Swimlane Custom: ARR,Swimlane Custom: Renewal date,Swimlane Custom: Escalation contact
1,TKT-8029: Request -- board templates marketplace,Ticket for TechNova Inc. Update the customer in the helpdesk thread whenever the status changes.,New,TechNova Inc,high,demo4,Security,,3,2026-02-13T12:00:00+00:00,demo4,2026-02-13T12:00:00+00:00,1,2026-02-13T12:00:00+00:00||New|demo4,S2,https://help.example.com/tickets/1077,250,2026-03-11,API; Notifications,false,Premier,Elena Petrova,48000,2026-04-14,VP Support (Nadia Haddad)
2,TKT-4035: Card comment @mention autocomplete not filtering HIPAA users,Ticket for Apex Retail Group. Update the customer in the helpdesk thread whenever the status changes.,New,Apex Retail Group,high,demo3,Billing,,7,2026-01-01T12:00:00+00:00,demo3,2026-01-01T12:00:00+00:00,1,2026-01-01T12:00:00+00:00||New|demo3,S2,https://help.example.com/tickets/1034,,2026-03-15,SSO; Notifications,false,Business,Kwame Mensah,71000,2026-05-01,VP Support (Owen Gallagher)
3,TKT-3051: Board export includes archived cards despite filter,Reported by FinEdge Ltd. Capture reproduction steps and the affected component before escalating.,New,FinEdge Ltd,medium,demo3,"Security, Performance",2026-03-02,7,2025-12-16T12:00:00+00:00,demo3,2025-12-16T12:00:00+00:00,1,2025-12-16T12:00:00+00:00||New|demo3,S3,https://help.example.com/tickets/1024,250,2026-03-23,API; SSO,false,Standard,Hana Kobayashi,94000,2026-05-18,VP Support (Sofia Marino)
4,TKT-6029: Request -- API endpoint for bulk card creation,Reported by FinEdge Ltd. Capture reproduction steps and the affected component before escalating.,New,FinEdge Ltd,low,demo4,Security,2026-04-23,6,2025-12-20T12:00:00+00:00,demo4,2025-12-20T12:00:00+00:00,1,2025-12-20T12:00:00+00:00||New|demo4,S4,https://help.example.com/tickets/1057,,2026-03-14,Web app; Billing,false,Standard,Hana Kobayashi,94000,2026-05-18,VP Support (Sofia Marino)
5,TKT-4043: Request -- PHI redaction on board export,Reported by BlueSky Health. Capture reproduction steps and the affected component before escalating.,New,BlueSky Health,urgent,demo2,Bug,2026-02-13,7,2025-12-20T12:00:00+00:00,demo2,2025-12-20T12:00:00+00:00,1,2025-12-20T12:00:00+00:00||New|demo2,S1,https://help.example.com/tickets/1036,12,2026-03-20,SSO; Billing,false,Premier,Lucas Ferreira,117000,2026-06-04,VP Support (Tariq Aziz)
6,TKT-6033: Board duplication loses label colors,,New,BlueSky Health,urgent,demo1,,2026-03-16,5,2026-01-14T12:00:00+00:00,demo1,2026-01-14T12:00:00+00:00,1,2026-01-14T12:00:00+00:00||New|demo1,S1,https://help.example.com/tickets/1058,1200,2026-03-20,Notifications,false,Premier,Lucas Ferreira,117000,2026-06-04,VP Support (Tariq Aziz)
7,TKT-2046: Mobile web board view cuts off last swimlane,Reported by Mosaic Creative. Capture reproduction steps and the affected component before escalating.,New,Mosaic Creative,medium,,,2026-03-07,1,2026-01-09T12:00:00+00:00,demo5,2026-01-09T12:00:00+00:00,1,2026-01-09T12:00:00+00:00||New|demo5,S3,https://help.example.com/tickets/1015,3,,Mobile; Notifications,false,Business,Nadia Haddad,140000,2026-06-21,VP Support (Mei Lin)
8,TKT-3061: API token scope too broad for read-only integrations,,New,Mosaic Creative,high,demo2,Performance,2026-02-15,4,2026-01-31T12:00:00+00:00,demo2,2026-01-31T12:00:00+00:00,1,2026-01-31T12:00:00+00:00||New|demo2,S2,https://help.example.com/tickets/1026,1,2026-03-10,Web app; Notifications,false,Business,Nadia Haddad,140000,2026-06-21,VP Support (Mei Lin)
9,TKT-5039: Request -- recurring card due dates,Ticket for Mosaic Creative. Update the customer in the helpdesk thread whenever the status changes.,New,Mosaic Creative,high,demo1,"Performance, Bug",2026-04-05,7,2025-12-20T12:00:00+00:00,demo1,2025-12-20T12:00:00+00:00,1,2025-12-20T12:00:00+00:00||New|demo1,S2,https://help.example.com/tickets/1048,1200,2026-03-18,API,false,Business,Nadia Haddad,140000,2026-06-21,VP Support (Mei Lin)
10,TKT-8001: Board sharing link expiry not configurable,,New,Mosaic Creative,urgent,,Security,,7,2026-02-02T12:00:00+00:00,demo5,2026-02-02T12:00:00+00:00,1,2026-02-02T12:00:00+00:00||New|demo5,S1,https://help.example.com/tickets/1070,12,,Web app; Billing,false,Business,Nadia Haddad,140000,2026-06-21,VP Support (Mei Lin)
11,TKT-7001: Compliance export PDF formatting broken on A3 paper size,,New,Global Freight Co,urgent,,,2026-03-03,6,2026-01-28T12:00:00+00:00,demo5,2026-01-28T12:00:00+00:00,1,2026-01-28T12:00:00+00:00||New|demo5,S1,https://help.example.com/tickets/1060,,2026-03-12,Mobile; Notifications,false,Premier,Owen Gallagher,163000,2026-07-08,VP Support (Jonas Berg)
12,TKT-8005: Card due date not showing in board calendar view,Ticket for Global Freight Co. Update the customer in the helpdesk thread whenever the status changes.,New,Global Freight Co,low,demo2,,2026-03-12,1,2026-02-04T12:00:00+00:00,demo2,2026-02-04T12:00:00+00:00,1,2026-02-04T12:00:00+00:00||New|demo2,S4,https://help.example.com/tickets/1071,1200,2026-03-25,Web app,false,Premier,Owen Gallagher,163000,2026-07-08,VP Support (Jonas Berg)
13,TKT-11017: Card due date notification not sent for unassigned cards,Ticket for Global Freight Co. Update the customer in the helpdesk thread whenever the status changes.,New,Global Freight Co,urgent,demo3,"Feature Request, Performance",,3,2026-02-07T12:00:00+00:00,demo3,2026-02-07T12:00:00+00:00,1,2026-02-07T12:00:00+00:00||New|demo3,S1,https://help.example.com/tickets/1104,,2026-03-14,API; Notifications,false,Premier,Owen Gallagher,163000,2026-07-08,VP Support (Jonas Berg)
14,TKT-1063: Due date reminder email sent twice,,New,Pinnacle Finance,medium,demo2,Billing,,8,2026-02-09T12:00:00+00:00,demo2,2026-02-09T12:00:00+00:00,1,2026-02-09T12:00:00+00:00||New|demo2,S3,https://help.example.com/tickets/1006,250,,Web app,false,Business,Sofia Marino,186000,2026-07-25,VP Support (Isabel Ortiz)
15,TKT-11021: Board invitation QR code too small to scan,,New,Pinnacle Finance,medium,,,2026-04-09,4,2026-02-12T12:00:00+00:00,demo5,2026-02-12T12:00:00+00:00,1,2026-02-12T12:00:00+00:00||New|demo5,S3,https://help.example.com/tickets/1105,,2026-03-15,SSO; Billing,false,Business,Sofia Marino,186000,2026-07-25,VP Support (Isabel Ortiz)
16,TKT-7009: Card comment edit history not available via API,,New,Redwood Agency,urgent,demo4,"Billing, Bug",,2,2026-01-24T12:00:00+00:00,demo4,2026-01-24T12:00:00+00:00,1,2026-01-24T12:00:00+00:00||New|demo4,S1,https://help.example.com/tickets/1062,3,2026-03-16,API; Mobile,false,Standard,Tariq Aziz,209000,2026-08-11,VP Support (Avery Brooks)
17,TKT-1071: Card description markdown preview not rendering tables,Ticket for Atlas Logistics BV. Update the customer in the helpdesk thread whenever the status changes.,New,Atlas Logistics BV,medium,demo1,"Feature Request, Security",2026-04-28,4,2026-02-02T12:00:00+00:00,demo1,2026-02-02T12:00:00+00:00,1,2026-02-02T12:00:00+00:00||New|demo1,S3,https://help.example.com/tickets/1008,1200,2026-03-13,API; Mobile,false,Premier,Mei Lin,232000,2026-08-28,VP Support (Priya Raman)
18,TKT-2062: Board archive button missing for admin users on mobile,Reported by Atlas Logistics BV. Capture reproduction steps and the affected component before escalating.,New,Atlas Logistics BV,low,demo3,"Bug, Billing",2026-03-05,7,2025-12-19T12:00:00+00:00,demo3,2025-12-19T12:00:00+00:00,1,2025-12-19T12:00:00+00:00||New|demo3,S4,https://help.example.com/tickets/1019,1,2026-03-12,SSO,false,Premier,Mei Lin,232000,2026-08-28,VP Support (Priya Raman)
19,TKT-9025: Column color not visible in high-contrast mode,Ticket for Vertex Media. Update the customer in the helpdesk thread whenever the status changes.,New,Vertex Media,medium,demo2,Performance,2026-04-07,4,2026-01-18T12:00:00+00:00,demo2,2026-01-18T12:00:00+00:00,1,2026-01-18T12:00:00+00:00||New|demo2,S3,https://help.example.com/tickets/1086,,2026-03-19,API; Notifications,false,Business,Jonas Berg,255000,2026-09-14,VP Support (Marcus Hale)
20,TKT-10029: Card weight field accepts negative values via API,Reported by Vertex Media. Capture reproduction steps and the affected component before escalating.,New,Vertex Media,medium,demo4,,,3,2026-02-11T12:00:00+00:00,demo4,2026-02-11T12:00:00+00:00,1,2026-02-11T12:00:00+00:00||New|demo4,S3,https://help.example.com/tickets/1097,,,Web app,false,Business,Jonas Berg,255000,2026-09-14,VP Support (Marcus Hale)
21,TKT-2019: Request -- bulk card move between swimlanes,,Triaged,Apex Retail Group,medium,demo4,"Billing, Security",,2,2026-02-04T12:00:00+00:00,demo4,2026-02-12T12:00:00+00:00,2,2026-02-04T12:00:00+00:00||New|demo4; 2026-02-12T12:00:00+00:00|New|Triaged|demo5,S3,https://help.example.com/tickets/1012,12,2026-03-19,Web app; Billing,false,Business,Kwame Mensah,71000,2026-05-01,VP Support (Owen Gallagher)
22,TKT-5031: Request -- card cover images from attachments,Ticket for FinEdge Ltd. Update the customer in the helpdesk thread whenever the status changes.,Triaged,FinEdge Ltd,low,demo2,"Billing, Security",2026-02-13,7,2026-01-02T12:00:00+00:00,demo2,2026-01-21T12:00:00+00:00,2,2026-01-02T12:00:00+00:00||New|demo2; 2026-01-21T12:00:00+00:00|New|Triaged|demo3,S4,https://help.example.com/tickets/1046,,2026-03-24,Web app,false,Standard,Hana Kobayashi,94000,2026-05-18,VP Support (Sofia Marino)
23,TKT-2041: Card filter by label returns stale results,Reported by BlueSky Health. Capture reproduction steps and the affected component before escalating.,Triaged,BlueSky Health,low,demo3,Performance,,2,2026-01-23T12:00:00+00:00,demo3,2026-01-30T12:00:00+00:00,2,2026-01-23T12:00:00+00:00||New|demo3; 2026-01-30T12:00:00+00:00|New|Triaged|demo4,S4,https://help.example.com/tickets/1014,40,,Mobile; Notifications,false,Premier,Lucas Ferreira,117000,2026-06-04,VP Support (Tariq Aziz)
24,TKT-5035: Swimlane color picker doesn't show current color,,Triaged,BlueSky Health,urgent,demo4,Performance,2026-02-27,4,2025-12-21T12:00:00+00:00,demo4,2026-01-12T12:00:00+00:00,2,2025-12-21T12:00:00+00:00||New|demo4; 2026-01-12T12:00:00+00:00|New|Triaged|demo5,S1,https://help.example.com/tickets/1047,1200,2026-03-10,Notifications,false,Premier,Lucas Ferreira,117000,2026-06-04,VP Support (Tariq Aziz)
25,TKT-7037: Request -- two-person approval for card movement to final column,,Triaged,BlueSky Health,low,demo3,Feature Request,,4,2026-01-31T12:00:00+00:00,demo3,2026-02-08T12:00:00+00:00,2,2026-01-31T12:00:00+00:00||New|demo3; 2026-02-08T12:00:00+00:00|New|Triaged|demo4,S4,https://help.example.com/tickets/1069,1,2026-03-20,SSO; Notifications,false,Premier,Lucas Ferreira,117000,2026-06-04,VP Support (Tariq Aziz)
26,TKT-9001: Board load slow during EU business hours peak,Reported by BlueSky Health. Capture reproduction steps and the affected component before escalating.,Triaged,BlueSky Health,medium,,"Billing, Security",,7,2026-02-10T12:00:00+00:00,demo5,2026-02-16T12:00:00+00:00,2,2026-02-10T12:00:00+00:00||New|demo5; 2026-02-16T12:00:00+00:00|New|Triaged|demo1,S3,https://help.example.com/tickets/1080,40,2026-03-25,API; Billing,false,Premier,Lucas Ferreira,117000,2026-06-04,VP Support (Tariq Aziz)
27,TKT-11009: Request -- barcode scan to open card on mobile,Reported by BlueSky Health. Capture reproduction steps and the affected component before escalating.,Triaged,BlueSky Health,urgent,demo4,Bug,2026-02-20,3,2026-02-07T12:00:00+00:00,demo4,2026-02-21T12:00:00+00:00,2,2026-02-07T12:00:00+00:00||New|demo4; 2026-02-21T12:00:00+00:00|New|Triaged|demo5,S1,https://help.example.com/tickets/1102,40,2026-03-23,Billing,false,Premier,Lucas Ferreira,117000,2026-06-04,VP Support (Tariq Aziz)
28,TKT-9005: GDPR data export missing card comment attachments,Reported by Mosaic Creative. Capture reproduction steps and the affected component before escalating.,Triaged,Mosaic Creative,low,demo2,"Bug, Performance",2026-03-11,8,2026-01-28T12:00:00+00:00,demo2,2026-02-07T12:00:00+00:00,2,2026-01-28T12:00:00+00:00||New|demo2; 2026-02-07T12:00:00+00:00|New|Triaged|demo3,S4,https://help.example.com/tickets/1081,12,2026-03-11,Notifications,false,Business,Nadia Haddad,140000,2026-06-21,VP Support (Mei Lin)
29,TKT-2049: CSV import maps columns incorrectly on retry,Ticket for Global Freight Co. Update the customer in the helpdesk thread whenever the status changes.,Triaged,Global Freight Co,low,demo2,Billing,2026-04-12,5,2025-12-29T12:00:00+00:00,demo2,2026-01-07T12:00:00+00:00,2,2025-12-29T12:00:00+00:00||New|demo2; 2026-01-07T12:00:00+00:00|New|Triaged|demo3,S4,https://help.example.com/tickets/1016,1200,2026-03-25,Web app,false,Premier,Owen Gallagher,163000,2026-07-08,VP Support (Jonas Berg)
30,TKT-4051: Card due date reminder goes to wrong timezone,Reported by Global Freight Co. Capture reproduction steps and the affected component before escalating.,Triaged,Global Freight Co,urgent,demo1,"Security, Performance",,1,2026-01-03T12:00:00+00:00,demo1,2026-01-09T12:00:00+00:00,2,2026-01-03T12:00:00+00:00||New|demo1; 2026-01-09T12:00:00+00:00|New|Triaged|demo2,S1,https://help.example.com/tickets/1038,1,2026-03-20,API,false,Premier,Owen Gallagher,163000,2026-07-08,VP Support (Jonas Berg)
31,TKT-9009: Swimlane position reset after board duplicate,Ticket for Global Freight Co. Update the customer in the helpdesk thread whenever the status changes.,Triaged,Global Freight Co,medium,demo4,Bug,2026-04-05,8,2026-02-02T12:00:00+00:00,demo4,2026-02-15T12:00:00+00:00,2,2026-02-02T12:00:00+00:00||New|demo4; 2026-02-15T12:00:00+00:00|New|Triaged|demo5,S3,https://help.example.com/tickets/1082,,2026-03-12,Billing,false,Premier,Owen Gallagher,163000,2026-07-08,VP Support (Jonas Berg)
32,TKT-9013: Request -- multi-language card title support validation,Reported by Pinnacle Finance. Capture reproduction steps and the affected component before escalating.,Triaged,Pinnacle Finance,low,demo1,"Billing, Bug",2026-03-13,3,2025-12-12T12:00:00+00:00,demo1,2026-01-17T12:00:00+00:00,2,2025-12-12T12:00:00+00:00||New|demo1; 2026-01-17T12:00:00+00:00|New|Triaged|demo2,S4,https://help.example.com/tickets/1083,3,,Notifications,false,Business,Sofia Marino,186000,2026-07-25,VP Support (Isabel Ortiz)
33,TKT-5018: Colors not saving on card labels,,Triaged,Redwood Agency,high,,,2026-02-17,3,2025-12-23T12:00:00+00:00,demo5,2026-01-10T12:00:00+00:00,2,2025-12-23T12:00:00+00:00||New|demo5; 2026-01-10T12:00:00+00:00|New|Triaged|demo1,S2,https://help.example.com/tickets/1040,3,2026-03-13,SSO,false,Standard,Tariq Aziz,209000,2026-08-11,VP Support (Avery Brooks)
34,TKT-9017: Card movement via API not triggering webhook,Ticket for Redwood Agency. Update the customer in the helpdesk thread whenever the status changes.,Triaged,Redwood Agency,high,demo3,,2026-03-01,2,2026-01-20T12:00:00+00:00,demo3,2026-02-02T12:00:00+00:00,2,2026-01-20T12:00:00+00:00||New|demo3; 2026-02-02T12:00:00+00:00|New|Triaged|demo4,S2,https://help.example.com/tickets/1084,,2026-03-23,SSO,false,Standard,Tariq Aziz,209000,2026-08-11,VP Support (Avery Brooks)
35,TKT-11025: Request -- simplified card view for non-technical users,Reported by Redwood Agency. Capture reproduction steps and the affected component before escalating.,Triaged,Redwood Agency,high,demo2,"Performance, Billing",,2,2026-01-27T12:00:00+00:00,demo2,2026-02-15T12:00:00+00:00,2,2026-01-27T12:00:00+00:00||New|demo2; 2026-02-15T12:00:00+00:00|New|Triaged|demo3,S2,https://help.example.com/tickets/1106,3,2026-03-11,SSO,false,Standard,Tariq Aziz,209000,2026-08-11,VP Support (Avery Brooks)
36,TKT-8017: Label delete confirmation dialog missing,Reported by Atlas Logistics BV. Capture reproduction steps and the affected component before escalating.,Triaged,Atlas Logistics BV,medium,demo3,"Bug, Performance",2026-03-18,3,2026-01-04T12:00:00+00:00,demo3,2026-01-16T12:00:00+00:00,2,2026-01-04T12:00:00+00:00||New|demo3; 2026-01-16T12:00:00+00:00|New|Triaged|demo4,S3,https://help.example.com/tickets/1074,250,2026-03-24,API; SSO,false,Premier,Mei Lin,232000,2026-08-28,VP Support (Priya Raman)
37,TKT-9021: Board member invite email landing in spam (DKIM issue),Reported by Atlas Logistics BV. Capture reproduction steps and the affected component before escalating.,Triaged,Atlas Logistics BV,high,,"Feature Request, Billing",2026-04-04,8,2025-12-25T12:00:00+00:00,demo5,2026-01-05T12:00:00+00:00,2,2025-12-25T12:00:00+00:00||New|demo5; 2026-01-05T12:00:00+00:00|New|Triaged|demo1,S2,https://help.example.com/tickets/1085,,2026-03-14,Mobile; SSO,false,Premier,Mei Lin,232000,2026-08-28,VP Support (Priya Raman)
38,TKT-7017: Webhook payload missing card weight field,,Triaged,Vertex Media,medium,demo3,Bug,2026-03-31,5,2026-01-24T12:00:00+00:00,demo3,2026-01-30T12:00:00+00:00,2,2026-01-24T12:00:00+00:00||New|demo3; 2026-01-30T12:00:00+00:00|New|Triaged|demo4,S3,https://help.example.com/tickets/1064,250,2026-03-17,API; SSO,false,Business,Jonas Berg,255000,2026-09-14,VP Support (Marcus Hale)
39,TKT-8021: Board export JSON schema undocumented,,Triaged,Vertex Media,medium,,Bug,2026-02-26,2,2026-01-21T12:00:00+00:00,demo5,2026-01-27T12:00:00+00:00,2,2026-01-21T12:00:00+00:00||New|demo5; 2026-01-27T12:00:00+00:00|New|Triaged|demo1,S3,https://help.example.com/tickets/1075,1200,2026-03-15,Web app; Billing,false,Business,Jonas Berg,255000,2026-09-14,VP Support (Marcus Hale)
40,TKT-3038: 2FA enforcement not applying to SSO users,,Triaged,Ironside Manufacturing,high,demo2,Performance,2026-03-26,8,2026-01-11T12:00:00+00:00,demo2,2026-02-03T12:00:00+00:00,2,2026-01-11T12:00:00+00:00||New|demo2; 2026-02-03T12:00:00+00:00|New|Triaged|demo3,S2,https://help.example.com/tickets/1021,40,2026-03-16,Web app,false,Premier,Isabel Ortiz,278000,2026-10-01,VP Support (Elena Petrova)
41,TKT-5003: Due date filter returning no results,Ticket for Ironside Manufacturing. Update the customer in the helpdesk thread whenever the status changes.,Triaged,Ironside Manufacturing,medium,demo1,"Security, Billing",2026-02-26,2,2025-12-31T12:00:00+00:00,demo1,2026-01-26T12:00:00+00:00,2,2025-12-31T12:00:00+00:00||New|demo1; 2026-01-26T12:00:00+00:00|New|Triaged|demo2,S3,https://help.example.com/tickets/1043,1,2026-03-14,Web app,false,Premier,Isabel Ortiz,278000,2026-10-01,VP Support (Elena Petrova)
42,TKT-10033: Request -- card aging visualization by column dwell time,Ticket for Ironside Manufacturing. Update the customer in the helpdesk thread whenever the status changes.,Triaged,Ironside Manufacturing,low,demo1,"Billing, Bug",,1,2026-01-08T12:00:00+00:00,demo1,2026-01-26T12:00:00+00:00,2,2026-01-08T12:00:00+00:00||New|demo1; 2026-01-26T12:00:00+00:00|New|Triaged|demo2,S4,https://help.example.com/tickets/1098,,2026-03-24,API,false,Premier,Isabel Ortiz,278000,2026-10-01,VP Support (Elena Petrova)
43,TKT-11037: Request -- read-only board view for TV dashboards,Reported by Ironside Manufacturing. Capture reproduction steps and the affected component before escalating.,Triaged,Ironside Manufacturing,high,demo3,Feature Request,2026-03-26,5,2026-01-30T12:00:00+00:00,demo3,2026-02-06T12:00:00+00:00,2,2026-01-30T12:00:00+00:00||New|demo3; 2026-02-06T12:00:00+00:00|New|Triaged|demo4,S2,https://help.example.com/tickets/1109,250,2026-03-11,Mobile,false,Premier,Isabel Ortiz,278000,2026-10-01,VP Support (Elena Petrova)
44,TKT-1041: Board load hangs after 300+ cards,Ticket for TechNova Inc. Update the customer in the helpdesk thread whenever the status changes.,Investigating,TechNova Inc,high,,Billing,2026-04-10,7,2026-01-02T12:00:00+00:00,demo5,2026-01-26T12:00:00+00:00,5,2026-01-02T12:00:00+00:00||New|demo5; 2026-01-15T12:00:00+00:00|New|Triaged|demo1; 2026-01-18T12:00:00+00:00|Triaged|New|demo2; 2026-01-21T12:00:00+00:00|New|Triaged|demo3; 2026-01-26T12:00:00+00:00|Triaged|Investigating|demo4,S2,https://help.example.com/tickets/1000,12,2026-03-18,Billing,true,Premier,Elena Petrova,48000,2026-04-14,VP Support (Nadia Haddad)
45,TKT-3025: API rate limit headers missing from responses,,Investigating,TechNova Inc,low,demo4,Performance,2026-04-19,7,2026-02-06T12:00:00+00:00,demo4,2026-02-15T12:00:00+00:00,3,2026-02-06T12:00:00+00:00||New|demo4; 2026-02-11T12:00:00+00:00|New|Triaged|demo5; 2026-02-15T12:00:00+00:00|Triaged|Investigating|demo1,S4,https://help.example.com/tickets/1022,1,2026-03-21,Web app,true,Premier,Elena Petrova,48000,2026-04-14,VP Support (Nadia Haddad)
46,TKT-5023: Card drag ghost image too small on 4K displays,Ticket for TechNova Inc. Update the customer in the helpdesk thread whenever the status changes.,Investigating,TechNova Inc,high,demo3,Performance,2026-02-26,1,2026-02-12T12:00:00+00:00,demo3,2026-03-01T12:00:00+00:00,5,2026-02-12T12:00:00+00:00||New|demo3; 2026-02-18T12:00:00+00:00|New|Triaged|demo4; 2026-02-22T12:00:00+00:00|Triaged|New|demo5; 2026-02-24T12:00:00+00:00|New|Triaged|demo1; 2026-03-01T12:00:00+00:00|Triaged|Investigating|demo2,S2,https://help.example.com/tickets/1044,,2026-03-16,Notifications,true,Premier,Elena Petrova,48000,2026-04-14,VP Support (Nadia Haddad)
47,TKT-6021: Board member role change not reflected until re-login,Reported by TechNova Inc. Capture reproduction steps and the affected component before escalating.,Investigating,TechNova Inc,medium,,,2026-04-11,1,2026-02-13T12:00:00+00:00,demo5,2026-02-22T12:00:00+00:00,3,2026-02-13T12:00:00+00:00||New|demo5; 2026-02-20T12:00:00+00:00|New|Triaged|demo1; 2026-02-22T12:00:00+00:00|Triaged|Investigating|demo2,S3,https://help.example.com/tickets/1055,12,2026-03-23,API; Mobile,true,Premier,Elena Petrova,48000,2026-04-14,VP Support (Nadia Haddad)
48,TKT-7025: Request -- mandatory card fields per column,Ticket for TechNova Inc. Update the customer in the helpdesk thread whenever the status changes.,Investigating,TechNova Inc,high,demo2,"Feature Request, Bug",2026-03-04,7,2025-12-17T12:00:00+00:00,demo2,2026-01-06T12:00:00+00:00,3,2025-12-17T12:00:00+00:00||New|demo2; 2025-12-28T12:00:00+00:00|New|Triaged|demo3; 2026-01-06T12:00:00+00:00|Triaged|Investigating|demo4,S2,https://help.example.com/tickets/1066,1200,2026-03-15,Billing; Notifications,true,Premier,Elena Petrova,48000,2026-04-14,VP Support (Nadia Haddad)
49,TKT-7029: Activity export CSV date format inconsistent with ISO 8601,,Investigating,Apex Retail Group,medium,demo4,Feature Request,2026-03-02,4,2026-01-16T12:00:00+00:00,demo4,2026-02-07T12:00:00+00:00,5,2026-01-16T12:00:00+00:00||New|demo4; 2026-01-27T12:00:00+00:00|New|Triaged|demo5; 2026-01-29T12:00:00+00:00|Triaged|New|demo1; 2026-02-04T12:00:00+00:00|New|Triaged|demo2; 2026-02-07T12:00:00+00:00|Triaged|Investigating|demo3,S3,https://help.example.com/tickets/1067,1,2026-03-10,API,true,Business,Kwame Mensah,71000,2026-05-01,VP Support (Owen Gallagher)
50,TKT-2011: Board permissions not applying to new members,Ticket for FinEdge Ltd. Update the customer in the helpdesk thread whenever the status changes.,Investigating,FinEdge Ltd,high,demo1,,2026-03-02,1,2026-02-12T12:00:00+00:00,demo1,2026-03-02T12:00:00+00:00,5,2026-02-12T12:00:00+00:00||New|demo1; 2026-02-19T12:00:00+00:00|New|Triaged|demo2; 2026-02-21T12:00:00+00:00|Triaged|New|demo3; 2026-02-26T12:00:00+00:00|New|Triaged|demo4; 2026-03-02T12:00:00+00:00|Triaged|Investigating|demo5,S2,https://help.example.com/tickets/1013,40,2026-03-10,Mobile,true,Standard,Hana Kobayashi,94000,2026-05-18,VP Support (Sofia Marino)
51,TKT-4039: Board template creation fails with 500 for HIPAA tenant,Reported by FinEdge Ltd. Capture reproduction steps and the affected component before escalating.,Investigating,FinEdge Ltd,medium,,"Feature Request, Bug",,6,2026-01-06T12:00:00+00:00,demo5,2026-02-12T12:00:00+00:00,5,2026-01-06T12:00:00+00:00||New|demo5; 2026-01-20T12:00:00+00:00|New|Triaged|demo1; 2026-01-29T12:00:00+00:00|Triaged|New|demo2; 2026-02-08T12:00:00+00:00|New|Triaged|demo3; 2026-02-12T12:00:00+00:00|Triaged|Investigating|demo4,S3,https://help.example.com/tickets/1035,250,2026-03-25,Web app; Mobile,true,Standard,Hana Kobayashi,94000,2026-05-18,VP Support (Sofia Marino)
52,TKT-10001: Board activity feed missing card label change events,Ticket for FinEdge Ltd. Update the customer in the helpdesk thread whenever the status changes.,Investigating,FinEdge Ltd,urgent,,"Billing, Bug",,3,2025-12-30T12:00:00+00:00,demo5,2026-01-28T12:00:00+00:00,5,2025-12-30T12:00:00+00:00||New|demo5; 2026-01-09T12:00:00+00:00|New|Triaged|demo1; 2026-01-17T12:00:00+00:00|Triaged|New|demo2; 2026-01-21T12:00:00+00:00|New|Triaged|demo3; 2026-01-28T12:00:00+00:00|Triaged|Investigating|demo4,S1,https://help.example.com/tickets/1090,,,Web app,true,Standard,Hana Kobayashi,94000,2026-05-18,VP Support (Sofia Marino)
53,TKT-11013: Column header wraps incorrectly on narrow tablet screens,,Investigating,Mosaic Creative,urgent,demo1,,2026-04-24,1,2026-01-29T12:00:00+00:00,demo1,2026-02-07T12:00:00+00:00,3,2026-01-29T12:00:00+00:00||New|demo1; 2026-02-02T12:00:00+00:00|New|Triaged|demo2; 2026-02-07T12:00:00+00:00|Triaged|Investigating|demo3,S1,https://help.example.com/tickets/1103,,2026-03-20,Web app; API,true,Business,Nadia Haddad,140000,2026-06-21,VP Support (Mei Lin)
54,TKT-5043: Board member list not sorted alphabetically,Ticket for Global Freight Co. Update the customer in the helpdesk thread whenever the status changes.,Investigating,Global Freight Co,urgent,demo3,Security,2026-02-14,2,2025-12-27T12:00:00+00:00,demo3,2026-01-30T12:00:00+00:00,5,2025-12-27T12:00:00+00:00||New|demo3; 2026-01-13T12:00:00+00:00|New|Triaged|demo4; 2026-01-24T12:00:00+00:00|Triaged|New|demo5; 2026-01-27T12:00:00+00:00|New|Triaged|demo1; 2026-01-30T12:00:00+00:00|Triaged|Investigating|demo2,S1,https://help.example.com/tickets/1049,,2026-03-11,Notifications,true,Premier,Owen Gallagher,163000,2026-07-08,VP Support (Jonas Berg)
55,TKT-6001: Board load timeout on boards with 15+ swimlanes,,Investigating,Pinnacle Finance,medium,,Security,2026-03-11,8,2026-01-31T12:00:00+00:00,demo5,2026-02-25T12:00:00+00:00,5,2026-01-31T12:00:00+00:00||New|demo5; 2026-02-07T12:00:00+00:00|New|Triaged|demo1; 2026-02-12T12:00:00+00:00|Triaged|New|demo2; 2026-02-19T12:00:00+00:00|New|Triaged|demo3; 2026-02-25T12:00:00+00:00|Triaged|Investigating|demo4,S3,https://help.example.com/tickets/1050,12,,API; Mobile,true,Business,Sofia Marino,186000,2026-07-25,VP Support (Isabel Ortiz)
56,TKT-7005: SSO session timeout too aggressive for long review sessions,Reported by Pinnacle Finance. Capture reproduction steps and the affected component before escalating.,Investigating,Pinnacle Finance,high,demo2,Security,2026-04-07,7,2025-12-26T12:00:00+00:00,demo2,2026-01-24T12:00:00+00:00,3,2025-12-26T12:00:00+00:00||New|demo2; 2026-01-12T12:00:00+00:00|New|Triaged|demo3; 2026-01-24T12:00:00+00:00|Triaged|Investigating|demo4,S2,https://help.example.com/tickets/1061,40,2026-03-21,Web app; Notifications,true,Business,Sofia Marino,186000,2026-07-25,VP Support (Isabel Ortiz)
57,TKT-2058: Request -- custom card fields for store number,,Investigating,Redwood Agency,medium,demo1,Billing,,6,2025-12-29T12:00:00+00:00,demo1,2026-01-24T12:00:00+00:00,3,2025-12-29T12:00:00+00:00||New|demo1; 2026-01-18T12:00:00+00:00|New|Triaged|demo2; 2026-01-24T12:00:00+00:00|Triaged|Investigating|demo3,S3,https://help.example.com/tickets/1018,1,2026-03-23,Billing,true,Standard,Tariq Aziz,209000,2026-08-11,VP Support (Avery Brooks)
58,TKT-10025: Notification preferences reset after password change,Ticket for Atlas Logistics BV. Update the customer in the helpdesk thread whenever the status changes.,Investigating,Atlas Logistics BV,medium,demo2,"Feature Request, Performance",2026-02-24,6,2026-01-29T12:00:00+00:00,demo2,2026-02-22T12:00:00+00:00,5,2026-01-29T12:00:00+00:00||New|demo2; 2026-02-08T12:00:00+00:00|New|Triaged|demo3; 2026-02-13T12:00:00+00:00|Triaged|New|demo4; 2026-02-16T12:00:00+00:00|New|Triaged|demo5; 2026-02-22T12:00:00+00:00|Triaged|Investigating|demo1,S3,https://help.example.com/tickets/1096,,2026-03-23,API,true,Premier,Mei Lin,232000,2026-08-28,VP Support (Priya Raman)
59,TKT-1074: Swimlane reorder drag handle unresponsive on touch devices,Ticket for Vertex Media. Update the customer in the helpdesk thread whenever the status changes.,Investigating,Vertex Media,urgent,demo3,Performance,2026-04-14,1,2026-01-15T12:00:00+00:00,demo3,2026-02-14T12:00:00+00:00,3,2026-01-15T12:00:00+00:00||New|demo3; 2026-02-01T12:00:00+00:00|New|Triaged|demo4; 2026-02-14T12:00:00+00:00|Triaged|Investigating|demo5,S1,https://help.example.com/tickets/1009,1,2026-03-25,Notifications,true,Business,Jonas Berg,255000,2026-09-14,VP Support (Marcus Hale)
60,TKT-5009: Import CSV failing on special characters,,Investigating,Vertex Media,urgent,demo4,"Security, Performance",2026-04-04,6,2025-12-22T12:00:00+00:00,demo4,2026-01-16T12:00:00+00:00,3,2025-12-22T12:00:00+00:00||New|demo4; 2026-01-08T12:00:00+00:00|New|Triaged|demo5; 2026-01-16T12:00:00+00:00|Triaged|Investigating|demo1,S1,https://help.example.com/tickets/1042,1200,2026-03-21,Notifications,true,Business,Jonas Berg,255000,2026-09-14,VP Support (Marcus Hale)
61,TKT-11033: Card attachment upload fails on files with spaces in name,,Investigating,Vertex Media,medium,demo1,"Feature Request, Security",2026-04-14,1,2026-02-13T12:00:00+00:00,demo1,2026-02-21T12:00:00+00:00,3,2026-02-13T12:00:00+00:00||New|demo1; 2026-02-19T12:00:00+00:00|New|Triaged|demo2; 2026-02-21T12:00:00+00:00|Triaged|Investigating|demo3,S3,https://help.example.com/tickets/1108,1200,2026-03-24,SSO; Billing,true,Business,Jonas Berg,255000,2026-09-14,VP Support (Marcus Hale)
62,TKT-4018: Email notification delays in HIPAA tenant,Reported by Ironside Manufacturing. Capture reproduction steps and the affected component before escalating.,Investigating,Ironside Manufacturing,high,demo4,"Security, Bug",2026-03-24,5,2026-01-26T12:00:00+00:00,demo4,2026-02-21T12:00:00+00:00,5,2026-01-26T12:00:00+00:00||New|demo4; 2026-02-01T12:00:00+00:00|New|Triaged|demo5; 2026-02-09T12:00:00+00:00|Triaged|New|demo1; 2026-02-16T12:00:00+00:00|New|Triaged|demo2; 2026-02-21T12:00:00+00:00|Triaged|Investigating|demo3,S2,https://help.example.com/tickets/1032,3,,Billing,true,Premier,Isabel Ortiz,278000,2026-10-01,VP Support (Elena Petrova)
63,TKT-8025: Card comment notification arrives 10 minutes late,,Investigating,Ironside Manufacturing,medium,demo2,Security,2026-02-17,7,2026-01-29T12:00:00+00:00,demo2,2026-02-22T12:00:00+00:00,3,2026-01-29T12:00:00+00:00||New|demo2; 2026-02-11T12:00:00+00:00|New|Triaged|demo3; 2026-02-22T12:00:00+00:00|Triaged|Investigating|demo4,S3,https://help.example.com/tickets/1076,1200,2026-03-22,API,true,Premier,Isabel Ortiz,278000,2026-10-01,VP Support (Elena Petrova)
64,TKT-9033: CSV import timeout on files over 5 MB,,Awaiting Customer,TechNova Inc,low,demo1,"Performance, Billing",,5,2026-01-04T12:00:00+00:00,demo1,2026-02-02T12:00:00+00:00,4,2026-01-04T12:00:00+00:00||New|demo1; 2026-01-17T12:00:00+00:00|New|Triaged|demo2; 2026-01-22T12:00:00+00:00|Triaged|Investigating|demo3; 2026-02-02T12:00:00+00:00|Investigating|Awaiting Customer|demo4,S4,https://help.example.com/tickets/1088,,2026-03-15,API; Mobile,true,Premier,Elena Petrova,48000,2026-04-14,VP Support (Nadia Haddad)
65,TKT-10037: Board calendar view does not respect swimlane filter,,Awaiting Customer,TechNova Inc,medium,demo3,Security,2026-02-25,6,2026-01-08T12:00:00+00:00,demo3,2026-02-05T12:00:00+00:00,3,2026-01-08T12:00:00+00:00||New|demo3; 2026-01-26T12:00:00+00:00|New|Triaged|demo4; 2026-02-05T12:00:00+00:00|Triaged|Awaiting Customer|demo5,S3,https://help.example.com/tickets/1099,,,SSO; Billing,true,Premier,Elena Petrova,48000,2026-04-14,VP Support (Nadia Haddad)
66,TKT-6025: Card search does not match checklist item text,,Awaiting Customer,Apex Retail Group,medium,demo2,"Security, Feature Request",2026-04-16,7,2026-02-10T12:00:00+00:00,demo2,2026-02-21T12:00:00+00:00,3,2026-02-10T12:00:00+00:00||New|demo2; 2026-02-18T12:00:00+00:00|New|Triaged|demo3; 2026-02-21T12:00:00+00:00|Triaged|Awaiting Customer|demo4,S3,https://help.example.com/tickets/1056,1200,2026-03-11,API; Mobile,true,Business,Kwame Mensah,71000,2026-05-01,VP Support (Owen Gallagher)
67,TKT-7033: Card description character limit not documented in API docs,Ticket for FinEdge Ltd. Update the customer in the helpdesk thread whenever the status changes.,Awaiting Customer,FinEdge Ltd,urgent,demo1,,,1,2026-01-26T12:00:00+00:00,demo1,2026-02-12T12:00:00+00:00,4,2026-01-26T12:00:00+00:00||New|demo1; 2026-01-31T12:00:00+00:00|New|Triaged|demo2; 2026-02-09T12:00:00+00:00|Triaged|Investigating|demo3; 2026-02-12T12:00:00+00:00|Investigating|Awaiting Customer|demo4,S1,https://help.example.com/tickets/1068,250,2026-03-23,Billing,true,Standard,Hana Kobayashi,94000,2026-05-18,VP Support (Sofia Marino)
68,TKT-1009: Export CSV missing swimlane column,Reported by BlueSky Health. Capture reproduction steps and the affected component before escalating.,Awaiting Customer,BlueSky Health,medium,demo1,"Performance, Security",2026-03-30,1,2026-01-05T12:00:00+00:00,demo1,2026-01-31T12:00:00+00:00,3,2026-01-05T12:00:00+00:00||New|demo1; 2026-01-23T12:00:00+00:00|New|Triaged|demo2; 2026-01-31T12:00:00+00:00|Triaged|Awaiting Customer|demo3,S3,https://help.example.com/tickets/1003,250,,Mobile; Billing,true,Premier,Lucas Ferreira,117000,2026-06-04,VP Support (Tariq Aziz)
69,TKT-1052: Board duplication fails silently for boards with 50+ cards,Ticket for Mosaic Creative. Update the customer in the helpdesk thread whenever the status changes.,Awaiting Customer,Mosaic Creative,medium,demo3,"Performance, Billing",2026-03-21,2,2026-01-04T12:00:00+00:00,demo3,2026-02-06T12:00:00+00:00,4,2026-01-04T12:00:00+00:00||New|demo3; 2026-01-12T12:00:00+00:00|New|Triaged|demo4; 2026-01-25T12:00:00+00:00|Triaged|Investigating|demo5; 2026-02-06T12:00:00+00:00|Investigating|Awaiting Customer|demo1,S3,https://help.example.com/tickets/1004,40,,Billing,true,Business,Nadia Haddad,140000,2026-06-21,VP Support (Mei Lin)
70,TKT-6037: Notification email subject line truncated at 80 characters,,Awaiting Customer,Mosaic Creative,urgent,demo3,"Performance, Feature Request",2026-03-11,1,2025-12-25T12:00:00+00:00,demo3,2026-01-31T12:00:00+00:00,3,2025-12-25T12:00:00+00:00||New|demo3; 2026-01-16T12:00:00+00:00|New|Triaged|demo4; 2026-01-31T12:00:00+00:00|Triaged|Awaiting Customer|demo5,S1,https://help.example.com/tickets/1059,12,2026-03-10,API; Billing,true,Business,Nadia Haddad,140000,2026-06-21,VP Support (Mei Lin)
71,TKT-1058: Card weight not included in webhook payload,,Awaiting Customer,Global Freight Co,medium,,"Performance, Billing",,7,2026-02-01T12:00:00+00:00,demo5,2026-02-28T12:00:00+00:00,6,2026-02-01T12:00:00+00:00||New|demo5; 2026-02-06T12:00:00+00:00|New|Triaged|demo1; 2026-02-12T12:00:00+00:00|Triaged|New|demo2; 2026-02-17T12:00:00+00:00|New|Triaged|demo3; 2026-02-22T12:00:00+00:00|Triaged|Investigating|demo4; 2026-02-28T12:00:00+00:00|Investigating|Awaiting Customer|demo5,S3,https://help.example.com/tickets/1005,1,2026-03-15,Mobile; Notifications,true,Premier,Owen Gallagher,163000,2026-07-08,VP Support (Jonas Berg)
72,TKT-3069: Request -- scheduled board export to SFTP,,Awaiting Customer,Pinnacle Finance,medium,demo1,"Performance, Security",2026-02-20,3,2026-01-17T12:00:00+00:00,demo1,2026-02-09T12:00:00+00:00,4,2026-01-17T12:00:00+00:00||New|demo1; 2026-01-25T12:00:00+00:00|New|Triaged|demo2; 2026-01-31T12:00:00+00:00|Triaged|Investigating|demo3; 2026-02-09T12:00:00+00:00|Investigating|Awaiting Customer|demo4,S3,https://help.example.com/tickets/1028,,2026-03-16,SSO,true,Business,Sofia Marino,186000,2026-07-25,VP Support (Isabel Ortiz)
73,TKT-4055: Request -- HIPAA audit log retention policy setting,,Awaiting Customer,Pinnacle Finance,urgent,demo3,"Billing, Bug",,1,2026-01-25T12:00:00+00:00,demo3,2026-02-16T12:00:00+00:00,4,2026-01-25T12:00:00+00:00||New|demo3; 2026-02-06T12:00:00+00:00|New|Triaged|demo4; 2026-02-13T12:00:00+00:00|Triaged|Investigating|demo5; 2026-02-16T12:00:00+00:00|Investigating|Awaiting Customer|demo1,S1,https://help.example.com/tickets/1039,1200,2026-03-21,SSO; Billing,true,Business,Sofia Marino,186000,2026-07-25,VP Support (Isabel Ortiz)
74,TKT-1067: Board settings modal blank on Firefox 124,Reported by Redwood Agency. Capture reproduction steps and the affected component before escalating.,Awaiting Customer,Redwood Agency,high,demo4,Billing,2026-04-26,5,2026-01-07T12:00:00+00:00,demo4,2026-02-06T12:00:00+00:00,3,2026-01-07T12:00:00+00:00||New|demo4; 2026-01-25T12:00:00+00:00|New|Triaged|demo5; 2026-02-06T12:00:00+00:00|Triaged|Awaiting Customer|demo1,S2,https://help.example.com/tickets/1007,,2026-03-20,Notifications,true,Standard,Tariq Aziz,209000,2026-08-11,VP Support (Avery Brooks)
75,TKT-11029: Swimlane collapse all button not working,,Awaiting Customer,Atlas Logistics BV,urgent,demo4,Bug,2026-04-07,3,2025-12-20T12:00:00+00:00,demo4,2026-01-24T12:00:00+00:00,3,2025-12-20T12:00:00+00:00||New|demo4; 2026-01-05T12:00:00+00:00|New|Investigating|demo5; 2026-01-24T12:00:00+00:00|Investigating|Awaiting Customer|demo1,S1,https://help.example.com/tickets/1107,12,2026-03-20,Billing; Notifications,true,Premier,Mei Lin,232000,2026-08-28,VP Support (Priya Raman)
76,TKT-2027: Swimlane collapse state not persisting,Reported by TechNova Inc. Capture reproduction steps and the affected component before escalating.,Escalated,TechNova Inc,medium,demo2,"Security, Billing",2026-03-29,5,2026-01-07T12:00:00+00:00,demo2,2026-02-11T12:00:00+00:00,7,2026-01-07T12:00:00+00:00||New|demo2; 2026-01-16T12:00:00+00:00|New|Triaged|demo3; 2026-01-24T12:00:00+00:00|Triaged|Investigating|demo4; 2026-01-31T12:00:00+00:00|Investigating|Triaged|demo5; 2026-02-05T12:00:00+00:00|Triaged|Investigating|demo1; 2026-02-08T12:00:00+00:00|Investigating|Awaiting Customer|demo2; 2026-02-11T12:00:00+00:00|Awaiting Customer|Escalated|demo3,S3,https://help.example.com/tickets/1011,250,2026-03-20,Mobile,true,Premier,Elena Petrova,48000,2026-04-14,VP Support (Nadia Haddad)
77,TKT-4005: Board member cannot see swimlane after invite,,Escalated,TechNova Inc,medium,demo1,Performance,,6,2025-12-22T12:00:00+00:00,demo1,2026-01-12T12:00:00+00:00,5,2025-12-22T12:00:00+00:00||New|demo1; 2025-12-30T12:00:00+00:00|New|Triaged|demo2; 2026-01-01T12:00:00+00:00|Triaged|Investigating|demo3; 2026-01-04T12:00:00+00:00|Investigating|Awaiting Customer|demo4; 2026-01-12T12:00:00+00:00|Awaiting Customer|Escalated|demo5,S3,https://help.example.com/tickets/1033,40,2026-03-20,Web app,true,Premier,Elena Petrova,48000,2026-04-14,VP Support (Nadia Haddad)
78,TKT-1028: Webhook not firing on card archive,Reported by Apex Retail Group. Capture reproduction steps and the affected component before escalating.,Escalated,Apex Retail Group,high,demo2,"Security, Feature Request",2026-03-25,4,2026-02-12T12:00:00+00:00,demo2,2026-02-27T12:00:00+00:00,5,2026-02-12T12:00:00+00:00||New|demo2; 2026-02-19T12:00:00+00:00|New|Triaged|demo3; 2026-02-22T12:00:00+00:00|Triaged|Investigating|demo4; 2026-02-24T12:00:00+00:00|Investigating|Awaiting Customer|demo5; 2026-02-27T12:00:00+00:00|Awaiting Customer|Escalated|demo1,S2,https://help.example.com/tickets/1001,1,,SSO; Billing,true,Business,Kwame Mensah,71000,2026-05-01,VP Support (Owen Gallagher)
79,TKT-3014: Webhook HMAC signature docs incorrect,Reported by Apex Retail Group. Capture reproduction steps and the affected component before escalating.,Escalated,Apex Retail Group,medium,demo1,Security,2026-02-13,4,2026-01-31T12:00:00+00:00,demo1,2026-02-26T12:00:00+00:00,7,2026-01-31T12:00:00+00:00||New|demo1; 2026-02-07T12:00:00+00:00|New|Triaged|demo2; 2026-02-10T12:00:00+00:00|Triaged|New|demo3; 2026-02-15T12:00:00+00:00|New|Triaged|demo4; 2026-02-20T12:00:00+00:00|Triaged|Investigating|demo5; 2026-02-22T12:00:00+00:00|Investigating|Awaiting Customer|demo1; 2026-02-26T12:00:00+00:00|Awaiting Customer|Escalated|demo2,S3,https://help.example.com/tickets/1023,12,2026-03-24,API; SSO,true,Business,Kwame Mensah,71000,2026-05-01,VP Support (Owen Gallagher)
80,TKT-5027: Board background color resets after page reload,Ticket for Apex Retail Group. Update the customer in the helpdesk thread whenever the status changes.,Escalated,Apex Retail Group,high,,Security,,4,2025-12-17T12:00:00+00:00,demo5,2026-01-25T12:00:00+00:00,5,2025-12-17T12:00:00+00:00||New|demo5; 2025-12-28T12:00:00+00:00|New|Triaged|demo1; 2026-01-07T12:00:00+00:00|Triaged|Investigating|demo2; 2026-01-15T12:00:00+00:00|Investigating|Awaiting Customer|demo3; 2026-01-25T12:00:00+00:00|Awaiting Customer|Escalated|demo4,S2,https://help.example.com/tickets/1045,3,,Notifications,true,Business,Kwame Mensah,71000,2026-05-01,VP Support (Owen Gallagher)
81,TKT-8033: Mobile web: card detail modal does not scroll on iOS,Reported by Apex Retail Group. Capture reproduction steps and the affected component before escalating.,Escalated,Apex Retail Group,medium,demo1,"Bug, Billing",2026-04-06,1,2026-01-24T12:00:00+00:00,demo1,2026-02-10T12:00:00+00:00,5,2026-01-24T12:00:00+00:00||New|demo1; 2026-01-30T12:00:00+00:00|New|Triaged|demo2; 2026-02-02T12:00:00+00:00|Triaged|Investigating|demo3; 2026-02-08T12:00:00+00:00|Investigating|Awaiting Customer|demo4; 2026-02-10T12:00:00+00:00|Awaiting Customer|Escalated|demo5,S3,https://help.example.com/tickets/1078,40,2026-03-12,Notifications,true,Business,Kwame Mensah,71000,2026-05-01,VP Support (Owen Gallagher)
82,TKT-11001: Card title font too small on shop floor tablets,Ticket for Apex Retail Group. Update the customer in the helpdesk thread whenever the status changes.,Escalated,Apex Retail Group,medium,,"Performance, Security",2026-03-23,4,2026-02-08T12:00:00+00:00,demo5,2026-02-28T12:00:00+00:00,7,2026-02-08T12:00:00+00:00||New|demo5; 2026-02-13T12:00:00+00:00|New|Triaged|demo1; 2026-02-15T12:00:00+00:00|Triaged|New|demo2; 2026-02-18T12:00:00+00:00|New|Triaged|demo3; 2026-02-22T12:00:00+00:00|Triaged|Investigating|demo4; 2026-02-25T12:00:00+00:00|Investigating|Awaiting Customer|demo5; 2026-02-28T12:00:00+00:00|Awaiting Customer|Escalated|demo1,S3,https://help.example.com/tickets/1100,1,2026-03-24,Mobile,true,Business,Kwame Mensah,71000,2026-05-01,VP Support (Owen Gallagher)
83,TKT-8037: Request -- Slack notification for card due date,Ticket for FinEdge Ltd. Update the customer in the helpdesk thread whenever the status changes.,Escalated,FinEdge Ltd,medium,demo3,"Bug, Performance",2026-02-23,2,2026-02-11T12:00:00+00:00,demo3,2026-02-26T12:00:00+00:00,5,2026-02-11T12:00:00+00:00||New|demo3; 2026-02-17T12:00:00+00:00|New|Triaged|demo4; 2026-02-21T12:00:00+00:00|Triaged|Investigating|demo5; 2026-02-23T12:00:00+00:00|Investigating|Awaiting Customer|demo1; 2026-02-26T12:00:00+00:00|Awaiting Customer|Escalated|demo2,S3,https://help.example.com/tickets/1079,12,,API; SSO,true,Standard,Hana Kobayashi,94000,2026-05-18,VP Support (Sofia Marino)
84,TKT-11005: Board does not work offline on factory floor WiFi dead zones,Reported by FinEdge Ltd. Capture reproduction steps and the affected component before escalating.,Escalated,FinEdge Ltd,medium,demo2,"Feature Request, Billing",2026-03-18,2,2026-01-04T12:00:00+00:00,demo2,2026-02-07T12:00:00+00:00,5,2026-01-04T12:00:00+00:00||New|demo2; 2026-01-12T12:00:00+00:00|New|Triaged|demo3; 2026-01-22T12:00:00+00:00|Triaged|Investigating|demo4; 2026-01-29T12:00:00+00:00|Investigating|Awaiting Customer|demo5; 2026-02-07T12:00:00+00:00|Awaiting Customer|Escalated|demo1,S3,https://help.example.com/tickets/1101,1200,2026-03-13,SSO,true,Standard,Hana Kobayashi,94000,2026-05-18,VP Support (Sofia Marino)
85,TKT-3056: Activity feed not loading for boards with 1000+ activities,,Escalated,BlueSky Health,urgent,,"Performance, Security",2026-03-23,8,2025-12-16T12:00:00+00:00,demo5,2026-01-13T12:00:00+00:00,5,2025-12-16T12:00:00+00:00||New|demo5; 2025-12-24T12:00:00+00:00|New|Triaged|demo1; 2025-12-27T12:00:00+00:00|Triaged|Investigating|demo2; 2025-12-31T12:00:00+00:00|Investigating|Awaiting Customer|demo3; 2026-01-13T12:00:00+00:00|Awaiting Customer|Escalated|demo4,S1,https://help.example.com/tickets/1025,1,2026-03-14,Web app; SSO,true,Premier,Lucas Ferreira,117000,2026-06-04,VP Support (Tariq Aziz)
86,TKT-10005: Request -- card dependencies and blocking visualization,Reported by BlueSky Health. Capture reproduction steps and the affected component before escalating.,Escalated,BlueSky Health,urgent,demo2,Security,,8,2026-01-13T12:00:00+00:00,demo2,2026-02-04T12:00:00+00:00,4,2026-01-13T12:00:00+00:00||New|demo2; 2026-01-24T12:00:00+00:00|New|Triaged|demo3; 2026-01-28T12:00:00+00:00|Triaged|Investigating|demo4; 2026-02-04T12:00:00+00:00|Investigating|Escalated|demo5,S1,https://help.example.com/tickets/1091,12,2026-03-14,Billing,true,Premier,Lucas Ferreira,117000,2026-06-04,VP Support (Tariq Aziz)
87,TKT-10009: Swimlane contact email field validation too strict,Ticket for Mosaic Creative. Update the customer in the helpdesk thread whenever the status changes.,Escalated,Mosaic Creative,urgent,demo4,Performance,,6,2026-01-29T12:00:00+00:00,demo4,2026-02-21T12:00:00+00:00,4,2026-01-29T12:00:00+00:00||New|demo4; 2026-02-07T12:00:00+00:00|New|Triaged|demo5; 2026-02-12T12:00:00+00:00|Triaged|Investigating|demo1; 2026-02-21T12:00:00+00:00|Investigating|Escalated|demo2,S1,https://help.example.com/tickets/1092,250,2026-03-17,Mobile,true,Business,Nadia Haddad,140000,2026-06-21,VP Support (Mei Lin)
88,TKT-2053: Email notification for card comment mentions wrong board name,Ticket for Pinnacle Finance. Update the customer in the helpdesk thread whenever the status changes.,Escalated,Pinnacle Finance,medium,demo4,Feature Request,,6,2025-12-17T12:00:00+00:00,demo4,2026-01-28T12:00:00+00:00,7,2025-12-17T12:00:00+00:00||New|demo4; 2025-12-30T12:00:00+00:00|New|Triaged|demo5; 2026-01-03T12:00:00+00:00|Triaged|Investigating|demo1; 2026-01-06T12:00:00+00:00|Investigating|Triaged|demo2; 2026-01-17T12:00:00+00:00|Triaged|Investigating|demo3; 2026-01-26T12:00:00+00:00|Investigating|Awaiting Customer|demo4; 2026-01-28T12:00:00+00:00|Awaiting Customer|Escalated|demo5,S3,https://help.example.com/tickets/1017,12,,SSO; Notifications,true,Business,Sofia Marino,186000,2026-07-25,VP Support (Isabel Ortiz)
89,TKT-8009: Swimlane notes field truncated in board settings modal,Ticket for Pinnacle Finance. Update the customer in the helpdesk thread whenever the status changes.,Escalated,Pinnacle Finance,low,demo4,"Bug, Feature Request",2026-04-22,3,2025-12-12T12:00:00+00:00,demo4,2026-01-18T12:00:00+00:00,5,2025-12-12T12:00:00+00:00||New|demo4; 2025-12-23T12:00:00+00:00|New|Triaged|demo5; 2025-12-26T12:00:00+00:00|Triaged|Investigating|demo1; 2026-01-04T12:00:00+00:00|Investigating|Awaiting Customer|demo2; 2026-01-18T12:00:00+00:00|Awaiting Customer|Escalated|demo3,S4,https://help.example.com/tickets/1072,3,2026-03-19,Web app,true,Business,Sofia Marino,186000,2026-07-25,VP Support (Isabel Ortiz)
90,TKT-10017: Board settings changes not synced via WebSocket,Reported by Pinnacle Finance. Capture reproduction steps and the affected component before escalating.,Escalated,Pinnacle Finance,medium,demo3,"Feature Request, Performance",2026-03-07,7,2026-01-31T12:00:00+00:00,demo3,2026-02-27T12:00:00+00:00,5,2026-01-31T12:00:00+00:00||New|demo3; 2026-02-08T12:00:00+00:00|New|Triaged|demo4; 2026-02-15T12:00:00+00:00|Triaged|Investigating|demo5; 2026-02-20T12:00:00+00:00|Investigating|Awaiting Customer|demo1; 2026-02-27T12:00:00+00:00|Awaiting Customer|Escalated|demo2,S3,https://help.example.com/tickets/1094,12,2026-03-13,Web app; SSO,true,Business,Sofia Marino,186000,2026-07-25,VP Support (Isabel Ortiz)
91,TKT-3073: Column WIP limit enforcement off by one,Ticket for Redwood Agency. Update the customer in the helpdesk thread whenever the status changes.,Escalated,Redwood Agency,low,demo3,"Feature Request, Billing",2026-04-07,3,2026-02-09T12:00:00+00:00,demo3,2026-02-26T12:00:00+00:00,5,2026-02-09T12:00:00+00:00||New|demo3; 2026-02-17T12:00:00+00:00|New|Triaged|demo4; 2026-02-20T12:00:00+00:00|Triaged|Investigating|demo5; 2026-02-24T12:00:00+00:00|Investigating|Awaiting Customer|demo1; 2026-02-26T12:00:00+00:00|Awaiting Customer|Escalated|demo2,S4,https://help.example.com/tickets/1029,12,2026-03-20,Web app,true,Standard,Tariq Aziz,209000,2026-08-11,VP Support (Avery Brooks)
92,TKT-6005: Card movement history truncated at 100 entries,,Escalated,Redwood Agency,low,demo2,Feature Request,2026-03-28,2,2026-02-01T12:00:00+00:00,demo2,2026-02-22T12:00:00+00:00,5,2026-02-01T12:00:00+00:00||New|demo2; 2026-02-10T12:00:00+00:00|New|Triaged|demo3; 2026-02-14T12:00:00+00:00|Triaged|Investigating|demo4; 2026-02-19T12:00:00+00:00|Investigating|Awaiting Customer|demo5; 2026-02-22T12:00:00+00:00|Awaiting Customer|Escalated|demo1,S4,https://help.example.com/tickets/1051,1200,2026-03-23,API,true,Standard,Tariq Aziz,209000,2026-08-11,VP Support (Avery Brooks)
93,TKT-8013: Request -- card time tracking integration,,Escalated,Redwood Agency,high,demo1,Security,,4,2026-02-11T12:00:00+00:00,demo1,2026-03-03T12:00:00+00:00,5,2026-02-11T12:00:00+00:00||New|demo1; 2026-02-18T12:00:00+00:00|New|Triaged|demo2; 2026-02-21T12:00:00+00:00|Triaged|Investigating|demo3; 2026-02-26T12:00:00+00:00|Investigating|Awaiting Customer|demo4; 2026-03-03T12:00:00+00:00|Awaiting Customer|Escalated|demo5,S2,https://help.example.com/tickets/1073,1,2026-03-13,Mobile; SSO,true,Standard,Tariq Aziz,209000,2026-08-11,VP Support (Avery Brooks)
94,TKT-4029: Card attachments not uploading for HIPAA users,,Escalated,Atlas Logistics BV,low,,Bug,2026-03-09,1,2025-12-27T12:00:00+00:00,demo5,2026-01-17T12:00:00+00:00,4,2025-12-27T12:00:00+00:00||New|demo5; 2026-01-10T12:00:00+00:00|New|Triaged|demo1; 2026-01-15T12:00:00+00:00|Triaged|Awaiting Customer|demo2; 2026-01-17T12:00:00+00:00|Awaiting Customer|Escalated|demo3,S4,https://help.example.com/tickets/1030,,2026-03-18,Billing; Notifications,true,Premier,Mei Lin,232000,2026-08-28,VP Support (Priya Raman)
95,TKT-5014: Request -- keyboard shortcut to archive card,Ticket for Atlas Logistics BV. Update the customer in the helpdesk thread whenever the status changes.,Escalated,Atlas Logistics BV,medium,demo2,"Bug, Performance",,2,2026-01-28T12:00:00+00:00,demo2,2026-02-14T12:00:00+00:00,5,2026-01-28T12:00:00+00:00||New|demo2; 2026-02-01T12:00:00+00:00|New|Triaged|demo3; 2026-02-04T12:00:00+00:00|Triaged|Investigating|demo4; 2026-02-11T12:00:00+00:00|Investigating|Awaiting Customer|demo5; 2026-02-14T12:00:00+00:00|Awaiting Customer|Escalated|demo1,S3,https://help.example.com/tickets/1041,1,2026-03-11,API; Mobile,true,Premier,Mei Lin,232000,2026-08-28,VP Support (Priya Raman)
96,TKT-6009: Webhook delivery retries not respecting exponential backoff,,Escalated,Atlas Logistics BV,high,demo4,Security,2026-04-09,7,2026-01-16T12:00:00+00:00,demo4,2026-02-10T12:00:00+00:00,5,2026-01-16T12:00:00+00:00||New|demo4; 2026-01-24T12:00:00+00:00|New|Triaged|demo5; 2026-01-29T12:00:00+00:00|Triaged|Investigating|demo1; 2026-02-07T12:00:00+00:00|Investigating|Awaiting Customer|demo2; 2026-02-10T12:00:00+00:00|Awaiting Customer|Escalated|demo3,S2,https://help.example.com/tickets/1052,3,,API; Notifications,true,Premier,Mei Lin,232000,2026-08-28,VP Support (Priya Raman)
97,TKT-7013: Request -- board-level audit log filtering by date range,,Escalated,Atlas Logistics BV,medium,demo1,Bug,2026-03-01,8,2025-12-20T12:00:00+00:00,demo1,2026-01-21T12:00:00+00:00,4,2025-12-20T12:00:00+00:00||New|demo1; 2025-12-28T12:00:00+00:00|New|Triaged|demo2; 2026-01-11T12:00:00+00:00|Triaged|Investigating|demo3; 2026-01-21T12:00:00+00:00|Investigating|Escalated|demo4,S3,https://help.example.com/tickets/1063,1200,,API,true,Premier,Mei Lin,232000,2026-08-28,VP Support (Priya Raman)
98,TKT-6013: Request -- swimlane-level WIP limits,Reported by Vertex Media. Capture reproduction steps and the affected component before escalating.,Escalated,Vertex Media,urgent,demo1,Billing,,2,2025-12-31T12:00:00+00:00,demo1,2026-02-04T12:00:00+00:00,5,2025-12-31T12:00:00+00:00||New|demo1; 2026-01-13T12:00:00+00:00|New|Triaged|demo2; 2026-01-25T12:00:00+00:00|Triaged|Investigating|demo3; 2026-02-02T12:00:00+00:00|Investigating|Awaiting Customer|demo4; 2026-02-04T12:00:00+00:00|Awaiting Customer|Escalated|demo5,S1,https://help.example.com/tickets/1053,3,,API; Billing,true,Business,Jonas Berg,255000,2026-09-14,VP Support (Marcus Hale)
99,TKT-2033: Cards not syncing across browser tabs,,Escalated,Ironside Manufacturing,high,,Billing,2026-03-16,5,2026-01-24T12:00:00+00:00,demo5,2026-02-17T12:00:00+00:00,5,2026-01-24T12:00:00+00:00||New|demo5; 2026-02-02T12:00:00+00:00|New|Triaged|demo1; 2026-02-10T12:00:00+00:00|Triaged|Investigating|demo2; 2026-02-13T12:00:00+00:00|Investigating|Awaiting Customer|demo3; 2026-02-17T12:00:00+00:00|Awaiting Customer|Escalated|demo4,S2,https://help.example.com/tickets/1010,250,2026-03-24,Web app; API,true,Premier,Isabel Ortiz,278000,2026-10-01,VP Support (Elena Petrova)
100,TKT-9029: Request -- board access audit report for GDPR compliance,Ticket for Ironside Manufacturing. Update the customer in the helpdesk thread whenever the status changes.,Escalated,Ironside Manufacturing,medium,demo4,,2026-04-16,6,2025-12-13T12:00:00+00:00,demo4,2026-01-25T12:00:00+00:00,5,2025-12-13T12:00:00+00:00||New|demo4; 2025-12-26T12:00:00+00:00|New|Triaged|demo5; 2026-01-06T12:00:00+00:00|Triaged|Investigating|demo1; 2026-01-19T12:00:00+00:00|Investigating|Awaiting Customer|demo2; 2026-01-25T12:00:00+00:00|Awaiting Customer|Escalated|demo3,S3,https://help.example.com/tickets/1087,1,2026-03-12,Notifications,true,Premier,Isabel Ortiz,278000,2026-10-01,VP Support (Elena Petrova)
101,TKT-1015: SSO login loop on Safari 17.4,Ticket for FinEdge Ltd. Update the customer in the helpdesk thread whenever the status changes.,Resolved,FinEdge Ltd,urgent,demo4,Security,2026-04-27,6,2026-01-10T12:00:00+00:00,demo4,2026-01-29T12:00:00+00:00,5,2026-01-10T12:00:00+00:00||New|demo4; 2026-01-17T12:00:00+00:00|New|Investigating|demo5; 2026-01-19T12:00:00+00:00|Investigating|Awaiting Customer|demo1; 2026-01-26T12:00:00+00:00|Awaiting Customer|Escalated|demo2; 2026-01-29T12:00:00+00:00|Escalated|Resolved|demo3,S1,https://help.example.com/tickets/1002,,2026-03-11,Mobile,true,Standard,Hana Kobayashi,94000,2026-05-18,VP Support (Sofia Marino)
102,TKT-4047: Checklist completion percentage rounds incorrectly,,Resolved,Mosaic Creative,high,demo4,"Performance, Billing",2026-02-13,7,2025-12-30T12:00:00+00:00,demo4,2026-01-28T12:00:00+00:00,6,2025-12-30T12:00:00+00:00||New|demo4; 2026-01-06T12:00:00+00:00|New|Triaged|demo5; 2026-01-16T12:00:00+00:00|Triaged|Investigating|demo1; 2026-01-21T12:00:00+00:00|Investigating|Awaiting Customer|demo2; 2026-01-24T12:00:00+00:00|Awaiting Customer|Escalated|demo3; 2026-01-28T12:00:00+00:00|Escalated|Resolved|demo4,S2,https://help.example.com/tickets/1037,40,2026-03-10,Mobile; Notifications,true,Business,Nadia Haddad,140000,2026-06-21,VP Support (Mei Lin)
103,TKT-3044: Audit log export missing movement events,,Resolved,Vertex Media,low,,Bug,2026-04-21,6,2025-12-29T12:00:00+00:00,demo5,2026-02-08T12:00:00+00:00,6,2025-12-29T12:00:00+00:00||New|demo5; 2026-01-09T12:00:00+00:00|New|Triaged|demo1; 2026-01-12T12:00:00+00:00|Triaged|Investigating|demo2; 2026-01-20T12:00:00+00:00|Investigating|Awaiting Customer|demo3; 2026-01-30T12:00:00+00:00|Awaiting Customer|Escalated|demo4; 2026-02-08T12:00:00+00:00|Escalated|Resolved|demo5,S4,https://help.example.com/tickets/1020,40,2026-03-14,Mobile; SSO,true,Business,Jonas Berg,255000,2026-09-14,VP Support (Marcus Hale)
104,TKT-4021: Board export failing for HIPAA tenant,,Resolved,Vertex Media,high,demo2,,2026-03-11,7,2026-01-17T12:00:00+00:00,demo2,2026-02-11T12:00:00+00:00,6,2026-01-17T12:00:00+00:00||New|demo2; 2026-01-26T12:00:00+00:00|New|Triaged|demo3; 2026-01-30T12:00:00+00:00|Triaged|Investigating|demo4; 2026-02-06T12:00:00+00:00|Investigating|Awaiting Customer|demo5; 2026-02-09T12:00:00+00:00|Awaiting Customer|Escalated|demo1; 2026-02-11T12:00:00+00:00|Escalated|Resolved|demo2,S2,https://help.example.com/tickets/1031,40,,SSO; Notifications,true,Business,Jonas Berg,255000,2026-09-14,VP Support (Marcus Hale)
105,TKT-6017: CSV export encoding issue with non-Latin characters in card titles,Reported by Ironside Manufacturing. Capture reproduction steps and the affected component before escalating.,Resolved,Ironside Manufacturing,high,demo3,"Bug, Feature Request",2026-03-02,6,2025-12-28T12:00:00+00:00,demo3,2026-02-01T12:00:00+00:00,6,2025-12-28T12:00:00+00:00||New|demo3; 2026-01-07T12:00:00+00:00|New|Triaged|demo4; 2026-01-13T12:00:00+00:00|Triaged|Investigating|demo5; 2026-01-19T12:00:00+00:00|Investigating|Awaiting Customer|demo1; 2026-01-27T12:00:00+00:00|Awaiting Customer|Escalated|demo2; 2026-02-01T12:00:00+00:00|Escalated|Resolved|demo3,S2,https://help.example.com/tickets/1054,1,2026-03-15,Mobile; SSO,true,Premier,Isabel Ortiz,278000,2026-10-01,VP Support (Elena Petrova)
106,TKT-9037: Card checklist reorder not persisting,Ticket for Apex Retail Group. Update the customer in the helpdesk thread whenever the status changes.,Closed,Apex Retail Group,low,demo3,Feature Request,2026-03-15,5,2025-12-30T12:00:00+00:00,demo3,2026-02-18T12:00:00+00:00,10,2025-12-30T12:00:00+00:00||New|demo3; 2026-01-07T12:00:00+00:00|New|Triaged|demo4; 2026-01-09T12:00:00+00:00|Triaged|New|demo5; 2026-01-15T12:00:00+00:00|New|Triaged|demo1; 2026-01-19T12:00:00+00:00|Triaged|Investigating|demo2; 2026-01-25T12:00:00+00:00|Investigating|Awaiting Customer|demo3; 2026-01-30T12:00:00+00:00|Awaiting Customer|Escalated|demo4; 2026-02-03T12:00:00+00:00|Escalated|Resolved|demo5; 2026-02-09T12:00:00+00:00|Resolved|Closed|demo1; 2026-02-18T12:00:00+00:00|Closed|Closed|demo1,S4,https://help.example.com/tickets/1089,3,2026-03-22,Web app,true,Business,Kwame Mensah,71000,2026-05-01,VP Support (Owen Gallagher)
107,TKT-3065: Card movement audit trail missing timezone info,Reported by Global Freight Co. Capture reproduction steps and the affected component before escalating.,Closed,Global Freight Co,medium,demo4,"Feature Request, Billing",,6,2025-12-25T12:00:00+00:00,demo4,2026-02-07T12:00:00+00:00,7,2025-12-25T12:00:00+00:00||New|demo4; 2026-01-05T12:00:00+00:00|New|Triaged|demo5; 2026-01-12T12:00:00+00:00|Triaged|Investigating|demo1; 2026-01-15T12:00:00+00:00|Investigating|Awaiting Customer|demo2; 2026-01-22T12:00:00+00:00|Awaiting Customer|Escalated|demo3; 2026-01-29T12:00:00+00:00|Escalated|Resolved|demo4; 2026-02-07T12:00:00+00:00|Resolved|Closed|demo5,S3,https://help.example.com/tickets/1027,,2026-03-18,Mobile,true,Premier,Owen Gallagher,163000,2026-07-08,VP Support (Jonas Berg)
108,TKT-10013: Card search results do not highlight match text,Ticket for Global Freight Co. Update the customer in the helpdesk thread whenever the status changes.,Closed,Global Freight Co,medium,demo1,"Billing, Performance",,7,2026-01-03T12:00:00+00:00,demo1,2026-02-01T12:00:00+00:00,7,2026-01-03T12:00:00+00:00||New|demo1; 2026-01-10T12:00:00+00:00|New|Triaged|demo2; 2026-01-14T12:00:00+00:00|Triaged|Investigating|demo3; 2026-01-20T12:00:00+00:00|Investigating|Awaiting Customer|demo4; 2026-01-23T12:00:00+00:00|Awaiting Customer|Escalated|demo5; 2026-01-29T12:00:00+00:00|Escalated|Resolved|demo1; 2026-02-01T12:00:00+00:00|Resolved|Closed|demo2,S3,https://help.example.com/tickets/1093,3,2026-03-12,API; Notifications,true,Premier,Owen Gallagher,163000,2026-07-08,VP Support (Jonas Berg)
109,TKT-10021: Request -- board-level custom fields,,Closed,Redwood Agency,medium,,"Performance, Feature Request",,1,2025-12-20T12:00:00+00:00,demo5,2026-01-26T12:00:00+00:00,9,2025-12-20T12:00:00+00:00||New|demo5; 2025-12-26T12:00:00+00:00|New|Triaged|demo1; 2025-12-28T12:00:00+00:00|Triaged|Investigating|demo2; 2026-01-05T12:00:00+00:00|Investigating|Awaiting Customer|demo3; 2026-01-10T12:00:00+00:00|Awaiting Customer|Investigating|demo4; 2026-01-15T12:00:00+00:00|Investigating|Awaiting Customer|demo5; 2026-01-17T12:00:00+00:00|Awaiting Customer|Escalated|demo1; 2026-01-21T12:00:00+00:00|Escalated|Resolved|demo2; 2026-01-26T12:00:00+00:00|Resolved|Closed|demo3,S3,https://help.example.com/tickets/1095,,2026-03-17,Mobile; SSO,true,Standard,Tariq Aziz,209000,2026-08-11,VP Support (Avery Brooks)
110,TKT-7021: Board settings save button disabled after label delete,,Closed,Ironside Manufacturing,medium,,Bug,2026-04-15,2,2026-02-02T12:00:00+00:00,demo5,2026-02-19T12:00:00+00:00,6,2026-02-02T12:00:00+00:00||New|demo5; 2026-02-07T12:00:00+00:00|New|Investigating|demo1; 2026-02-09T12:00:00+00:00|Investigating|Awaiting Customer|demo2; 2026-02-14T12:00:00+00:00|Awaiting Customer|Escalated|demo3; 2026-02-16T12:00:00+00:00|Escalated|Resolved|demo4; 2026-02-19T12:00:00+00:00|Resolved|Closed|demo5,S3,https://help.example.com/tickets/1065,1,2026-03-22,Web app; Billing,true,Premier,Isabel Ortiz,278000,2026-10-01,VP Support (Elena Petrova)
