Card ID,Title,Description,Column,Swimlane,Priority,Assignee,Labels,Due Date,Weight,Created At,Created By,Last Moved At,Movement Count,Movement History,Custom: Risk,Custom: Deadline,Custom: Matter value,Custom: Jurisdictions,Custom: Counterparty,Custom: Outside counsel,Custom: Document,Swimlane Custom: Lead counsel,Swimlane Custom: Annual budget,Swimlane Custom: Privilege note
1,Consulting services MSA — design agency retainer,Contracts & Procurement matter. Privileged discussion stays in the DMS; this card tracks status and deadlines.,Submitted,Contracts & Procurement,medium,,OSS,2026-02-27,4,2025-12-16T12:00:00+00:00,demo5,2025-12-16T12:00:00+00:00,1,2025-12-16T12:00:00+00:00||Submitted|demo5,Medium,2026-05-11,130000,US,Orchid Software,true,https://dms.example.com/matters/M-1010,Isabel Ortiz,80000,Attorney-client privileged; do not forward.
2,Copyright takedown response — DMCA notice received,Request for the Contracts & Procurement team. Note the counterparty's position and the next filing date.,Submitted,Contracts & Procurement,high,,,,2,2025-12-26T12:00:00+00:00,demo5,2025-12-26T12:00:00+00:00,1,2025-12-26T12:00:00+00:00||Submitted|demo5,High,2026-05-02,,APAC,,true,https://dms.example.com/matters/M-1030,Isabel Ortiz,80000,Attorney-client privileged; do not forward.
3,Board meeting preparation — Q2 2026 materials,Request for the Contracts & Procurement team. Note the counterparty's position and the next filing date.,Submitted,Contracts & Procurement,medium,,"Compliance, Urgent",2026-02-15,4,2026-01-24T12:00:00+00:00,demo5,2026-01-24T12:00:00+00:00,1,2026-01-24T12:00:00+00:00||Submitted|demo5,Medium,2026-05-12,490000,US; Canada,,true,https://dms.example.com/matters/M-1060,Isabel Ortiz,80000,Attorney-client privileged; do not forward.
4,Business interruption coverage — pandemic clause review,Request for the Contracts & Procurement team. Note the counterparty's position and the next filing date.,Submitted,Contracts & Procurement,low,,,2026-03-08,1,2025-12-11T12:00:00+00:00,demo5,2025-12-11T12:00:00+00:00,1,2025-12-11T12:00:00+00:00||Submitted|demo5,Low,2026-03-08,745000,Canada,Harbor Leasing,false,https://dms.example.com/matters/M-1090,Isabel Ortiz,80000,Attorney-client privileged; do not forward.
5,Snowflake DPA — data processing agreement,,Submitted,Employment Law,high,demo2,Policy,2026-04-02,6,2026-02-05T12:00:00+00:00,demo2,2026-02-05T12:00:00+00:00,1,2026-02-05T12:00:00+00:00||Submitted|demo2,High,,770000,EU,,true,https://dms.example.com/matters/M-1001,Avery Brooks,105000,Attorney-client privileged; do not forward.
6,Quarterly estimated tax payment — Q2 2026,Request for the Employment Law team. Note the counterparty's position and the next filing date.,Submitted,Employment Law,medium,demo2,"Urgent, OSS",,1,2026-01-30T12:00:00+00:00,demo2,2026-01-30T12:00:00+00:00,1,2026-01-30T12:00:00+00:00||Submitted|demo2,Medium,2026-04-19,,EU; Canada,,false,https://dms.example.com/matters/M-1111,Avery Brooks,105000,Attorney-client privileged; do not forward.
7,Demand letter response — former contractor IP claim,Request for the Intellectual Property team. Note the counterparty's position and the next filing date.,Submitted,Intellectual Property,high,demo4,Compliance,2026-03-19,1,2025-12-26T12:00:00+00:00,demo4,2025-12-26T12:00:00+00:00,1,2025-12-26T12:00:00+00:00||Submitted|demo4,High,2026-03-10,430000,UK,,false,https://dms.example.com/matters/M-1072,Priya Raman,130000,Attorney-client privileged; do not forward.
8,Vendor insurance certificate verification — top 10,,Submitted,Intellectual Property,high,demo4,Contract,2026-04-01,1,2026-01-17T12:00:00+00:00,demo4,2026-01-17T12:00:00+00:00,1,2026-01-17T12:00:00+00:00||Submitted|demo4,High,2026-03-22,490000,APAC,Harbor Leasing,true,https://dms.example.com/matters/M-1092,Priya Raman,130000,Attorney-client privileged; do not forward.
9,Remote work policy update — international contractors,,Submitted,Data Privacy (GDPR),urgent,demo1,,2026-02-24,8,2025-12-28T12:00:00+00:00,demo1,2025-12-28T12:00:00+00:00,1,2025-12-28T12:00:00+00:00||Submitted|demo1,High,,765000,EU,Harbor Leasing,false,https://dms.example.com/matters/M-1013,Marcus Hale,155000,Attorney-client privileged; do not forward.
10,Logo trademark opposition — similar mark in Class 9,Request for the Data Privacy (GDPR) team. Note the counterparty's position and the next filing date.,Submitted,Data Privacy (GDPR),medium,demo1,"OSS, Contract",2026-04-03,2,2026-01-25T12:00:00+00:00,demo1,2026-01-25T12:00:00+00:00,1,2026-01-25T12:00:00+00:00||Submitted|demo1,Medium,2026-04-20,460000,UK,Orchid Software,false,https://dms.example.com/matters/M-1033,Marcus Hale,155000,Attorney-client privileged; do not forward.
11,Board resolution — approve Series B term sheet,Data Privacy (GDPR) matter. Privileged discussion stays in the DMS; this card tracks status and deadlines.,Submitted,Data Privacy (GDPR),medium,demo1,Urgent,,7,2026-01-14T12:00:00+00:00,demo1,2026-01-14T12:00:00+00:00,1,2026-01-14T12:00:00+00:00||Submitted|demo1,Medium,2026-03-26,490000,US,,false,https://dms.example.com/matters/M-1063,Marcus Hale,155000,Attorney-client privileged; do not forward.
12,Equity plan amendment — RSU vesting cliff change,,Submitted,Regulatory Compliance,medium,demo3,"Urgent, OSS",2026-04-07,3,2026-01-06T12:00:00+00:00,demo3,2026-01-06T12:00:00+00:00,1,2026-01-06T12:00:00+00:00||Submitted|demo3,Medium,2026-05-07,475000,EU; UK,,false,https://dms.example.com/matters/M-1014,Elena Petrova,180000,Attorney-client privileged; do not forward.
13,Cyber liability policy renewal — annual review,,Submitted,Regulatory Compliance,medium,demo3,Urgent,2026-03-04,8,2026-01-08T12:00:00+00:00,demo3,2026-01-08T12:00:00+00:00,1,2026-01-08T12:00:00+00:00||Submitted|demo3,Medium,2026-05-11,,APAC,Northgate Supplies,true,https://dms.example.com/matters/M-1084,Elena Petrova,180000,Attorney-client privileged; do not forward.
14,International tax structure — EU subsidiary setup,Regulatory Compliance matter. Privileged discussion stays in the DMS; this card tracks status and deadlines.,Submitted,Regulatory Compliance,medium,demo3,"Policy, Contract",,1,2026-02-09T12:00:00+00:00,demo3,2026-02-09T12:00:00+00:00,1,2026-02-09T12:00:00+00:00||Submitted|demo3,Medium,2026-03-05,415000,EU; Canada,Brightline Analytics,false,https://dms.example.com/matters/M-1114,Elena Petrova,180000,Attorney-client privileged; do not forward.
15,Capitalization table update — post-funding round,Request for the Corporate Governance team. Note the counterparty's position and the next filing date.,Submitted,Corporate Governance,medium,,Policy,2026-03-29,6,2026-02-09T12:00:00+00:00,demo5,2026-02-09T12:00:00+00:00,1,2026-02-09T12:00:00+00:00||Submitted|demo5,Medium,2026-04-20,420000,Canada; APAC,Orchid Software,true,,Kwame Mensah,205000,Attorney-client privileged; do not forward.
16,Trademark application — Visiban wordmark in EU,,Submitted,Litigation Management,high,demo2,OSS,2026-03-28,6,2025-12-19T12:00:00+00:00,demo2,2025-12-19T12:00:00+00:00,1,2025-12-19T12:00:00+00:00||Submitted|demo2,High,2026-03-18,,EU; Canada,Brightline Analytics,false,https://dms.example.com/matters/M-1026,Hana Kobayashi,230000,Attorney-client privileged; do not forward.
17,Insider trading policy — quarterly blackout reminder,Litigation Management matter. Privileged discussion stays in the DMS; this card tracks status and deadlines.,Submitted,Litigation Management,medium,demo2,"Compliance, Contract",2026-04-06,4,2026-02-03T12:00:00+00:00,demo2,2026-02-03T12:00:00+00:00,1,2026-02-03T12:00:00+00:00||Submitted|demo2,Medium,2026-05-10,490000,EU; Canada,,false,,Hana Kobayashi,230000,Attorney-client privileged; do not forward.
18,Privacy impact assessment — analytics dashboard feature,,Submitted,Real Estate & Leases,urgent,demo1,Policy,2026-03-14,4,2025-12-15T12:00:00+00:00,demo1,2025-12-15T12:00:00+00:00,1,2025-12-15T12:00:00+00:00||Submitted|demo1,High,,,UK,,false,https://dms.example.com/matters/M-1038,Nadia Haddad,280000,Attorney-client privileged; do not forward.
19,Arbitration preparation — licensing fee dispute,Real Estate & Leases matter. Privileged discussion stays in the DMS; this card tracks status and deadlines.,Submitted,Real Estate & Leases,low,demo1,"Contract, Policy",2026-02-18,7,2026-02-09T12:00:00+00:00,demo1,2026-02-09T12:00:00+00:00,1,2026-02-09T12:00:00+00:00||Submitted|demo1,Low,,,US; APAC,Orchid Software,false,,Nadia Haddad,280000,Attorney-client privileged; do not forward.
20,Lease amendment — SF office expansion (floor 3),Request for the Real Estate & Leases team. Note the counterparty's position and the next filing date.,Submitted,Real Estate & Leases,low,demo1,,2026-03-30,8,2026-01-24T12:00:00+00:00,demo1,2026-01-24T12:00:00+00:00,1,2026-01-24T12:00:00+00:00||Submitted|demo1,Low,2026-04-05,,UK,Orchid Software,false,https://dms.example.com/matters/M-1098,Nadia Haddad,280000,Attorney-client privileged; do not forward.
21,Industry-specific compliance — healthcare customer review,Tax & Finance matter. Privileged discussion stays in the DMS; this card tracks status and deadlines.,Submitted,Tax & Finance,urgent,demo3,"Contract, Urgent",,3,2026-01-01T12:00:00+00:00,demo3,2026-01-01T12:00:00+00:00,1,2026-01-01T12:00:00+00:00||Submitted|demo3,High,2026-05-06,95000,EU,Civic Data Office,false,https://dms.example.com/matters/M-1059,Owen Gallagher,305000,Attorney-client privileged; do not forward.
22,Transfer pricing documentation — intercompany transactions,,Under Review,Contracts & Procurement,urgent,,OSS,2026-02-27,8,2026-02-03T12:00:00+00:00,demo5,2026-02-16T12:00:00+00:00,2,2026-02-03T12:00:00+00:00||Submitted|demo5; 2026-02-16T12:00:00+00:00|Submitted|Under Review|demo1,High,2026-04-10,340000,US; EU,,false,https://dms.example.com/matters/M-1110,Isabel Ortiz,80000,Attorney-client privileged; do not forward.
23,Software license audit — annual true-up review,Employment Law matter. Privileged discussion stays in the DMS; this card tracks status and deadlines.,Under Review,Employment Law,medium,demo2,Policy,2026-02-22,5,2025-12-30T12:00:00+00:00,demo2,2026-01-14T12:00:00+00:00,2,2025-12-30T12:00:00+00:00||Submitted|demo2; 2026-01-14T12:00:00+00:00|Submitted|Under Review|demo3,Medium,2026-04-21,,US; Canada,,false,https://dms.example.com/matters/M-1011,Avery Brooks,105000,Attorney-client privileged; do not forward.
24,Immigration sponsorship — H-1B petition for engineer,,Under Review,Employment Law,medium,demo2,,2026-04-18,8,2026-01-07T12:00:00+00:00,demo2,2026-01-15T12:00:00+00:00,2,2026-01-07T12:00:00+00:00||Submitted|demo2; 2026-01-15T12:00:00+00:00|Submitted|Under Review|demo3,Medium,,,UK; Canada,Civic Data Office,false,,Avery Brooks,105000,Attorney-client privileged; do not forward.
25,Trade secret audit — classify internal documentation,Employment Law matter. Privileged discussion stays in the DMS; this card tracks status and deadlines.,Under Review,Employment Law,medium,demo2,"Policy, Contract",2026-03-22,8,2026-01-09T12:00:00+00:00,demo2,2026-01-14T12:00:00+00:00,2,2026-01-09T12:00:00+00:00||Submitted|demo2; 2026-01-14T12:00:00+00:00|Submitted|Under Review|demo3,Medium,2026-03-08,,UK; APAC,Northgate Supplies,true,https://dms.example.com/matters/M-1031,Avery Brooks,105000,Attorney-client privileged; do not forward.
26,Court filing deadline — motion to dismiss brief,Employment Law matter. Privileged discussion stays in the DMS; this card tracks status and deadlines.,Under Review,Employment Law,urgent,demo2,"Compliance, Contract",2026-04-25,4,2026-01-02T12:00:00+00:00,demo2,2026-01-24T12:00:00+00:00,2,2026-01-02T12:00:00+00:00||Submitted|demo2; 2026-01-24T12:00:00+00:00|Submitted|Under Review|demo3,High,,,US,,false,,Avery Brooks,105000,Attorney-client privileged; do not forward.
27,Umbrella policy renewal — excess liability limits,,Under Review,Employment Law,medium,demo2,Urgent,,1,2026-01-05T12:00:00+00:00,demo2,2026-01-24T12:00:00+00:00,2,2026-01-05T12:00:00+00:00||Submitted|demo2; 2026-01-24T12:00:00+00:00|Submitted|Under Review|demo3,Medium,2026-04-02,,UK; Canada,Brightline Analytics,false,https://dms.example.com/matters/M-1091,Avery Brooks,105000,Attorney-client privileged; do not forward.
28,Corporate annual report filing — state of Delaware,Intellectual Property matter. Privileged discussion stays in the DMS; this card tracks status and deadlines.,Under Review,Intellectual Property,medium,demo4,Policy,2026-04-23,6,2026-01-07T12:00:00+00:00,demo4,2026-01-27T12:00:00+00:00,2,2026-01-07T12:00:00+00:00||Submitted|demo4; 2026-01-27T12:00:00+00:00|Submitted|Under Review|demo5,Medium,2026-03-08,,US; EU,Northgate Supplies,false,https://dms.example.com/matters/M-1062,Priya Raman,130000,Attorney-client privileged; do not forward.
29,Maintenance responsibility matrix — landlord vs tenant,Request for the Intellectual Property team. Note the counterparty's position and the next filing date.,Under Review,Intellectual Property,high,demo4,"Policy, OSS",2026-04-16,2,2025-12-14T12:00:00+00:00,demo4,2026-01-14T12:00:00+00:00,2,2025-12-14T12:00:00+00:00||Submitted|demo4; 2026-01-14T12:00:00+00:00|Submitted|Under Review|demo5,High,2026-05-13,635000,US,Harbor Leasing,true,,Priya Raman,130000,Attorney-client privileged; do not forward.
30,ISO 27001 gap analysis — certification roadmap,Data Privacy (GDPR) matter. Privileged discussion stays in the DMS; this card tracks status and deadlines.,Under Review,Data Privacy (GDPR),low,demo1,"Compliance, Policy",,1,2025-12-30T12:00:00+00:00,demo1,2026-01-04T12:00:00+00:00,2,2025-12-30T12:00:00+00:00||Submitted|demo1; 2026-01-04T12:00:00+00:00|Submitted|Under Review|demo2,Low,2026-04-13,,UK; APAC,,false,,Marcus Hale,155000,Attorney-client privileged; do not forward.
31,Insurance claim submission — D&O coverage trigger,,Under Review,Data Privacy (GDPR),high,demo1,"OSS, Policy",2026-04-18,4,2026-01-07T12:00:00+00:00,demo1,2026-01-15T12:00:00+00:00,2,2026-01-07T12:00:00+00:00||Submitted|demo1; 2026-01-15T12:00:00+00:00|Submitted|Under Review|demo2,High,2026-04-04,,APAC,,false,https://dms.example.com/matters/M-1083,Marcus Hale,155000,Attorney-client privileged; do not forward.
32,Cyber insurance claim — credential stuffing incident,Data Privacy (GDPR) matter. Privileged discussion stays in the DMS; this card tracks status and deadlines.,Under Review,Data Privacy (GDPR),medium,demo1,"Urgent, OSS",2026-02-14,5,2026-01-08T12:00:00+00:00,demo1,2026-01-25T12:00:00+00:00,2,2026-01-08T12:00:00+00:00||Submitted|demo1; 2026-01-25T12:00:00+00:00|Submitted|Under Review|demo2,Medium,2026-04-30,795000,EU; Canada,,false,,Marcus Hale,155000,Attorney-client privileged; do not forward.
33,State income tax filing — multi-state apportionment,Data Privacy (GDPR) matter. Privileged discussion stays in the DMS; this card tracks status and deadlines.,Under Review,Data Privacy (GDPR),urgent,demo1,"Urgent, Compliance",,3,2026-01-05T12:00:00+00:00,demo1,2026-01-21T12:00:00+00:00,2,2026-01-05T12:00:00+00:00||Submitted|demo1; 2026-01-21T12:00:00+00:00|Submitted|Under Review|demo2,High,2026-04-28,,US,Civic Data Office,true,https://dms.example.com/matters/M-1113,Marcus Hale,155000,Attorney-client privileged; do not forward.
34,New SaaS vendor contract — project management tool,Request for the Regulatory Compliance team. Note the counterparty's position and the next filing date.,Under Review,Regulatory Compliance,urgent,demo3,,,1,2025-12-10T12:00:00+00:00,demo3,2025-12-26T12:00:00+00:00,2,2025-12-10T12:00:00+00:00||Submitted|demo3; 2025-12-26T12:00:00+00:00|Submitted|Under Review|demo4,High,,,US; UK,,false,https://dms.example.com/matters/M-1004,Elena Petrova,180000,Attorney-client privileged; do not forward.
35,Security deposit return — closed Portland office,,Under Review,Regulatory Compliance,low,demo3,"Policy, Contract",2026-02-20,2,2026-01-12T12:00:00+00:00,demo3,2026-01-18T12:00:00+00:00,2,2026-01-12T12:00:00+00:00||Submitted|demo3; 2026-01-18T12:00:00+00:00|Submitted|Under Review|demo4,Low,2026-05-03,,EU,,false,https://dms.example.com/matters/M-1104,Elena Petrova,180000,Attorney-client privileged; do not forward.
36,Invention disclosure review — card AI features,Corporate Governance matter. Privileged discussion stays in the DMS; this card tracks status and deadlines.,Under Review,Corporate Governance,medium,,"Urgent, Contract",,6,2026-02-05T12:00:00+00:00,demo5,2026-02-13T12:00:00+00:00,2,2026-02-05T12:00:00+00:00||Submitted|demo5; 2026-02-13T12:00:00+00:00|Submitted|Under Review|demo1,Medium,2026-04-02,,EU; APAC,,true,https://dms.example.com/matters/M-1035,Kwame Mensah,205000,Attorney-client privileged; do not forward.
37,Travel insurance policy — international employee coverage,Corporate Governance matter. Privileged discussion stays in the DMS; this card tracks status and deadlines.,Under Review,Corporate Governance,medium,,,2026-03-29,4,2026-01-02T12:00:00+00:00,demo5,2026-01-09T12:00:00+00:00,2,2026-01-02T12:00:00+00:00||Submitted|demo5; 2026-01-09T12:00:00+00:00|Submitted|Under Review|demo1,Medium,2026-05-10,620000,APAC,Orchid Software,false,,Kwame Mensah,205000,Attorney-client privileged; do not forward.
38,Accounting software DPA — new bookkeeping vendor,,Under Review,Litigation Management,medium,demo2,,2026-02-20,8,2026-01-09T12:00:00+00:00,demo2,2026-01-21T12:00:00+00:00,2,2026-01-09T12:00:00+00:00||Submitted|demo2; 2026-01-21T12:00:00+00:00|Submitted|Under Review|demo3,Medium,2026-04-01,650000,Canada,,false,https://dms.example.com/matters/M-1006,Hana Kobayashi,230000,Attorney-client privileged; do not forward.
39,Cloud hosting MSA — GCP commitment terms,Insurance & Risk matter. Privileged discussion stays in the DMS; this card tracks status and deadlines.,Under Review,Insurance & Risk,medium,demo4,Urgent,2026-03-29,1,2026-01-30T12:00:00+00:00,demo4,2026-02-14T12:00:00+00:00,2,2026-01-30T12:00:00+00:00||Submitted|demo4; 2026-02-14T12:00:00+00:00|Submitted|Under Review|demo5,Medium,2026-03-14,830000,UK,Brightline Analytics,false,https://dms.example.com/matters/M-1007,Lucas Ferreira,255000,Attorney-client privileged; do not forward.
40,General liability certificate — landlord requirement,,Under Review,Insurance & Risk,urgent,demo4,"Contract, Policy",2026-04-05,2,2026-02-09T12:00:00+00:00,demo4,2026-02-21T12:00:00+00:00,2,2026-02-09T12:00:00+00:00||Submitted|demo4; 2026-02-21T12:00:00+00:00|Submitted|Under Review|demo5,High,,365000,US,Harbor Leasing,false,https://dms.example.com/matters/M-1087,Lucas Ferreira,255000,Attorney-client privileged; do not forward.
41,Co-working space agreement — NYC satellite office,Insurance & Risk matter. Privileged discussion stays in the DMS; this card tracks status and deadlines.,Under Review,Insurance & Risk,urgent,demo4,Contract,2026-04-03,1,2025-12-22T12:00:00+00:00,demo4,2026-01-04T12:00:00+00:00,2,2025-12-22T12:00:00+00:00||Submitted|demo4; 2026-01-04T12:00:00+00:00|Submitted|Under Review|demo5,High,2026-04-08,755000,EU,,false,,Lucas Ferreira,255000,Attorney-client privileged; do not forward.
42,IP assignment agreement — new hire onboarding,,Under Review,Real Estate & Leases,high,demo1,OSS,2026-04-01,2,2025-12-11T12:00:00+00:00,demo1,2026-01-14T12:00:00+00:00,2,2025-12-11T12:00:00+00:00||Submitted|demo1; 2026-01-14T12:00:00+00:00|Submitted|Under Review|demo2,High,2026-04-15,,EU; Canada,,false,https://dms.example.com/matters/M-1028,Nadia Haddad,280000,Attorney-client privileged; do not forward.
43,Property tax filing — business personal property,Real Estate & Leases matter. Privileged discussion stays in the DMS; this card tracks status and deadlines.,Under Review,Real Estate & Leases,low,demo1,"Urgent, Policy",,3,2026-01-03T12:00:00+00:00,demo1,2026-01-11T12:00:00+00:00,2,2026-01-03T12:00:00+00:00||Submitted|demo1; 2026-01-11T12:00:00+00:00|Submitted|Under Review|demo2,Low,2026-05-11,,EU,,false,https://dms.example.com/matters/M-1118,Nadia Haddad,280000,Attorney-client privileged; do not forward.
44,IT hardware vendor agreement — laptop fleet refresh,,Under Review,Tax & Finance,medium,demo3,Compliance,2026-04-12,4,2025-12-25T12:00:00+00:00,demo3,2026-01-17T12:00:00+00:00,2,2025-12-25T12:00:00+00:00||Submitted|demo3; 2026-01-17T12:00:00+00:00|Submitted|Under Review|demo4,Medium,2026-04-25,415000,US; Canada,Civic Data Office,false,,Owen Gallagher,305000,Attorney-client privileged; do not forward.
45,Annual meeting minutes — shareholder vote documentation,Tax & Finance matter. Privileged discussion stays in the DMS; this card tracks status and deadlines.,Under Review,Tax & Finance,high,demo3,Urgent,2026-03-10,4,2026-01-14T12:00:00+00:00,demo3,2026-02-03T12:00:00+00:00,2,2026-01-14T12:00:00+00:00||Submitted|demo3; 2026-02-03T12:00:00+00:00|Submitted|Under Review|demo4,High,2026-04-20,320000,APAC,Civic Data Office,false,https://dms.example.com/matters/M-1069,Owen Gallagher,305000,Attorney-client privileged; do not forward.
46,Litigation hold notice — preserve relevant documents,,Under Review,Tax & Finance,urgent,demo3,"OSS, Compliance",2026-02-23,3,2026-02-12T12:00:00+00:00,demo3,2026-02-23T12:00:00+00:00,2,2026-02-12T12:00:00+00:00||Submitted|demo3; 2026-02-23T12:00:00+00:00|Submitted|Under Review|demo4,High,2026-04-14,820000,US; APAC,,true,,Owen Gallagher,305000,Attorney-client privileged; do not forward.
47,Sublease review — vacating unused office space,,Under Review,Tax & Finance,medium,demo3,Urgent,,7,2025-12-29T12:00:00+00:00,demo3,2026-01-13T12:00:00+00:00,2,2025-12-29T12:00:00+00:00||Submitted|demo3; 2026-01-13T12:00:00+00:00|Submitted|Under Review|demo4,Medium,2026-04-13,760000,EU,,false,https://dms.example.com/matters/M-1099,Owen Gallagher,305000,Attorney-client privileged; do not forward.
48,Workplace harassment policy — annual training compliance,,Needs Clarification,Contracts & Procurement,medium,,,2026-03-23,6,2025-12-28T12:00:00+00:00,demo5,2026-02-05T12:00:00+00:00,5,2025-12-28T12:00:00+00:00||Submitted|demo5; 2026-01-14T12:00:00+00:00|Submitted|Under Review|demo1; 2026-01-22T12:00:00+00:00|Under Review|Submitted|demo2; 2026-01-25T12:00:00+00:00|Submitted|Under Review|demo3; 2026-02-05T12:00:00+00:00|Under Review|Needs Clarification|demo4,Medium,2026-05-13,,UK; Canada,,true,,Isabel Ortiz,80000,Attorney-client privileged; do not forward.
49,Standard contractual clauses update — Schrems II,,Needs Clarification,Contracts & Procurement,medium,,"Policy, Urgent",2026-04-20,7,2026-02-11T12:00:00+00:00,demo5,2026-02-25T12:00:00+00:00,3,2026-02-11T12:00:00+00:00||Submitted|demo5; 2026-02-19T12:00:00+00:00|Submitted|Under Review|demo1; 2026-02-25T12:00:00+00:00|Under Review|Needs Clarification|demo2,Medium,2026-05-14,,APAC,Harbor Leasing,false,https://dms.example.com/matters/M-1040,Isabel Ortiz,80000,Attorney-client privileged; do not forward.
50,SOC 2 bridge letter for enterprise prospect,,Needs Clarification,Employment Law,urgent,demo2,Contract,2026-04-28,4,2025-12-12T12:00:00+00:00,demo2,2025-12-20T12:00:00+00:00,3,2025-12-12T12:00:00+00:00||Submitted|demo2; 2025-12-18T12:00:00+00:00|Submitted|Under Review|demo3; 2025-12-20T12:00:00+00:00|Under Review|Needs Clarification|demo4,High,2026-04-21,195000,EU; Canada,,false,https://dms.example.com/matters/M-1051,Avery Brooks,105000,Attorney-client privileged; do not forward.
51,Shareholder agreement amendment — new investor round,,Needs Clarification,Employment Law,medium,demo2,,,8,2025-12-15T12:00:00+00:00,demo2,2026-01-17T12:00:00+00:00,3,2025-12-15T12:00:00+00:00||Submitted|demo2; 2026-01-06T12:00:00+00:00|Submitted|Under Review|demo3; 2026-01-17T12:00:00+00:00|Under Review|Needs Clarification|demo4,Medium,2026-05-06,,APAC,Northgate Supplies,false,,Avery Brooks,105000,Attorney-client privileged; do not forward.
52,Independent contractor agreement — new design consultant,,Needs Clarification,Intellectual Property,urgent,demo4,,2026-03-20,5,2025-12-23T12:00:00+00:00,demo4,2026-01-16T12:00:00+00:00,5,2025-12-23T12:00:00+00:00||Submitted|demo4; 2025-12-28T12:00:00+00:00|Submitted|Under Review|demo5; 2026-01-02T12:00:00+00:00|Under Review|Submitted|demo1; 2026-01-05T12:00:00+00:00|Submitted|Under Review|demo2; 2026-01-16T12:00:00+00:00|Under Review|Needs Clarification|demo3,High,2026-03-16,,US; Canada,Northgate Supplies,false,https://dms.example.com/matters/M-1012,Priya Raman,130000,Attorney-client privileged; do not forward.
53,Data breach notification procedure — annual drill,,Needs Clarification,Intellectual Property,urgent,demo4,Policy,,3,2026-01-16T12:00:00+00:00,demo4,2026-02-02T12:00:00+00:00,3,2026-01-16T12:00:00+00:00||Submitted|demo4; 2026-01-24T12:00:00+00:00|Submitted|Under Review|demo5; 2026-02-02T12:00:00+00:00|Under Review|Needs Clarification|demo1,High,2026-04-15,885000,US; UK,,false,https://dms.example.com/matters/M-1042,Priya Raman,130000,Attorney-client privileged; do not forward.
54,CCPA consumer request process audit,Request for the Intellectual Property team. Note the counterparty's position and the next filing date.,Needs Clarification,Intellectual Property,medium,demo4,Compliance,2026-04-18,8,2025-12-15T12:00:00+00:00,demo4,2026-02-03T12:00:00+00:00,5,2025-12-15T12:00:00+00:00||Submitted|demo4; 2026-01-03T12:00:00+00:00|Submitted|Under Review|demo5; 2026-01-10T12:00:00+00:00|Under Review|Submitted|demo1; 2026-01-22T12:00:00+00:00|Submitted|Under Review|demo2; 2026-02-03T12:00:00+00:00|Under Review|Needs Clarification|demo3,Medium,2026-05-14,,US,Civic Data Office,false,https://dms.example.com/matters/M-1052,Priya Raman,130000,Attorney-client privileged; do not forward.
55,Return-to-office policy — hybrid work agreement template,Request for the Data Privacy (GDPR) team. Note the counterparty's position and the next filing date.,Needs Clarification,Data Privacy (GDPR),high,demo1,,2026-04-23,3,2026-02-12T12:00:00+00:00,demo1,2026-03-01T12:00:00+00:00,3,2026-02-12T12:00:00+00:00||Submitted|demo1; 2026-02-22T12:00:00+00:00|Submitted|Under Review|demo2; 2026-03-01T12:00:00+00:00|Under Review|Needs Clarification|demo3,High,,255000,Canada,Civic Data Office,false,https://dms.example.com/matters/M-1023,Marcus Hale,155000,Attorney-client privileged; do not forward.
56,Privacy policy update — AI feature disclosures,Data Privacy (GDPR) matter. Privileged discussion stays in the DMS; this card tracks status and deadlines.,Needs Clarification,Data Privacy (GDPR),medium,demo1,"OSS, Contract",2026-04-22,3,2026-01-25T12:00:00+00:00,demo1,2026-02-14T12:00:00+00:00,3,2026-01-25T12:00:00+00:00||Submitted|demo1; 2026-02-06T12:00:00+00:00|Submitted|Under Review|demo2; 2026-02-14T12:00:00+00:00|Under Review|Needs Clarification|demo3,Medium,2026-04-23,,EU,,false,https://dms.example.com/matters/M-1043,Marcus Hale,155000,Attorney-client privileged; do not forward.
57,Settlement negotiation — customer data dispute,Data Privacy (GDPR) matter. Privileged discussion stays in the DMS; this card tracks status and deadlines.,Needs Clarification,Data Privacy (GDPR),high,demo1,"Policy, Contract",,7,2026-01-21T12:00:00+00:00,demo1,2026-02-15T12:00:00+00:00,3,2026-01-21T12:00:00+00:00||Submitted|demo1; 2026-02-07T12:00:00+00:00|Submitted|Under Review|demo2; 2026-02-15T12:00:00+00:00|Under Review|Needs Clarification|demo3,High,2026-05-01,245000,US; EU,Civic Data Office,false,https://dms.example.com/matters/M-1073,Marcus Hale,155000,Attorney-client privileged; do not forward.
58,Parking agreement amendment — additional spaces,Request for the Data Privacy (GDPR) team. Note the counterparty's position and the next filing date.,Needs Clarification,Data Privacy (GDPR),medium,demo1,,2026-02-16,4,2026-02-03T12:00:00+00:00,demo1,2026-02-24T12:00:00+00:00,5,2026-02-03T12:00:00+00:00||Submitted|demo1; 2026-02-10T12:00:00+00:00|Submitted|Under Review|demo2; 2026-02-15T12:00:00+00:00|Under Review|Submitted|demo3; 2026-02-18T12:00:00+00:00|Submitted|Under Review|demo4; 2026-02-24T12:00:00+00:00|Under Review|Needs Clarification|demo5,Medium,2026-05-03,645000,UK; Canada,Civic Data Office,false,https://dms.example.com/matters/M-1103,Marcus Hale,155000,Attorney-client privileged; do not forward.
59,Apache 2.0 compatibility review — new OSS dependencies,Request for the Regulatory Compliance team. Note the counterparty's position and the next filing date.,Needs Clarification,Regulatory Compliance,medium,demo3,Urgent,2026-02-17,6,2026-01-10T12:00:00+00:00,demo3,2026-02-09T12:00:00+00:00,5,2026-01-10T12:00:00+00:00||Submitted|demo3; 2026-01-16T12:00:00+00:00|Submitted|Under Review|demo4; 2026-01-25T12:00:00+00:00|Under Review|Submitted|demo5; 2026-02-02T12:00:00+00:00|Submitted|Under Review|demo1; 2026-02-09T12:00:00+00:00|Under Review|Needs Clarification|demo2,Medium,2026-04-22,10000,US,,false,https://dms.example.com/matters/M-1024,Elena Petrova,180000,Attorney-client privileged; do not forward.
60,Third-party data sharing agreement — analytics partner,Regulatory Compliance matter. Privileged discussion stays in the DMS; this card tracks status and deadlines.,Needs Clarification,Regulatory Compliance,medium,demo3,"Urgent, Policy",,6,2025-12-22T12:00:00+00:00,demo3,2026-01-08T12:00:00+00:00,3,2025-12-22T12:00:00+00:00||Submitted|demo3; 2025-12-30T12:00:00+00:00|Submitted|Under Review|demo4; 2026-01-08T12:00:00+00:00|Under Review|Needs Clarification|demo5,Medium,2026-04-16,,US; APAC,,true,https://dms.example.com/matters/M-1044,Elena Petrova,180000,Attorney-client privileged; do not forward.
61,Patent infringement claim — defensive analysis,,Needs Clarification,Regulatory Compliance,medium,demo3,OSS,2026-03-07,6,2026-01-03T12:00:00+00:00,demo3,2026-02-03T12:00:00+00:00,3,2026-01-03T12:00:00+00:00||Submitted|demo3; 2026-01-22T12:00:00+00:00|Submitted|Under Review|demo4; 2026-02-03T12:00:00+00:00|Under Review|Needs Clarification|demo5,Medium,2026-03-27,605000,US,,false,,Elena Petrova,180000,Attorney-client privileged; do not forward.
62,Children's data assessment — COPPA compliance check,Request for the Corporate Governance team. Note the counterparty's position and the next filing date.,Needs Clarification,Corporate Governance,medium,,"Contract, Policy",2026-04-24,4,2026-01-24T12:00:00+00:00,demo5,2026-02-04T12:00:00+00:00,3,2026-01-24T12:00:00+00:00||Submitted|demo5; 2026-02-02T12:00:00+00:00|Submitted|Under Review|demo1; 2026-02-04T12:00:00+00:00|Under Review|Needs Clarification|demo2,Medium,2026-04-10,,APAC,Orchid Software,false,https://dms.example.com/matters/M-1045,Kwame Mensah,205000,Attorney-client privileged; do not forward.
63,D&O insurance — coverage increase for Series B,Corporate Governance matter. Privileged discussion stays in the DMS; this card tracks status and deadlines.,Needs Clarification,Corporate Governance,medium,,Policy,,4,2026-01-02T12:00:00+00:00,demo5,2026-02-15T12:00:00+00:00,5,2026-01-02T12:00:00+00:00||Submitted|demo5; 2026-01-15T12:00:00+00:00|Submitted|Under Review|demo1; 2026-01-24T12:00:00+00:00|Under Review|Submitted|demo2; 2026-02-04T12:00:00+00:00|Submitted|Under Review|demo3; 2026-02-15T12:00:00+00:00|Under Review|Needs Clarification|demo4,Medium,2026-04-02,,UK; APAC,Harbor Leasing,false,https://dms.example.com/matters/M-1085,Kwame Mensah,205000,Attorney-client privileged; do not forward.
64,Audit defense preparation — IRS notice received,Request for the Corporate Governance team. Note the counterparty's position and the next filing date.,Needs Clarification,Corporate Governance,medium,,,2026-02-22,1,2026-01-31T12:00:00+00:00,demo5,2026-02-22T12:00:00+00:00,5,2026-01-31T12:00:00+00:00||Submitted|demo5; 2026-02-10T12:00:00+00:00|Submitted|Under Review|demo1; 2026-02-14T12:00:00+00:00|Under Review|Submitted|demo2; 2026-02-19T12:00:00+00:00|Submitted|Under Review|demo3; 2026-02-22T12:00:00+00:00|Under Review|Needs Clarification|demo4,Medium,2026-04-10,870000,UK; Canada,Brightline Analytics,false,,Kwame Mensah,205000,Attorney-client privileged; do not forward.
65,GDPR data mapping audit — Q2,Request for the Litigation Management team. Note the counterparty's position and the next filing date.,Needs Clarification,Litigation Management,medium,demo2,"Compliance, Policy",,8,2025-12-14T12:00:00+00:00,demo2,2026-01-09T12:00:00+00:00,3,2025-12-14T12:00:00+00:00||Submitted|demo2; 2026-01-02T12:00:00+00:00|Submitted|Under Review|demo3; 2026-01-09T12:00:00+00:00|Under Review|Needs Clarification|demo4,Medium,2026-03-31,,UK,,true,,Hana Kobayashi,230000,Attorney-client privileged; do not forward.
66,Cross-border data transfer review — new APAC region,Request for the Litigation Management team. Note the counterparty's position and the next filing date.,Needs Clarification,Litigation Management,medium,demo2,OSS,2026-03-12,4,2025-12-20T12:00:00+00:00,demo2,2026-01-15T12:00:00+00:00,3,2025-12-20T12:00:00+00:00||Submitted|demo2; 2025-12-31T12:00:00+00:00|Submitted|Under Review|demo3; 2026-01-15T12:00:00+00:00|Under Review|Needs Clarification|demo4,Medium,2026-03-05,525000,US,Brightline Analytics,false,https://dms.example.com/matters/M-1046,Hana Kobayashi,230000,Attorney-client privileged; do not forward.
67,Export control screening — new customer onboarding,Litigation Management matter. Privileged discussion stays in the DMS; this card tracks status and deadlines.,Needs Clarification,Litigation Management,high,demo2,Policy,,3,2026-01-10T12:00:00+00:00,demo2,2026-02-07T12:00:00+00:00,3,2026-01-10T12:00:00+00:00||Submitted|demo2; 2026-01-27T12:00:00+00:00|Submitted|Under Review|demo3; 2026-02-07T12:00:00+00:00|Under Review|Needs Clarification|demo4,High,2026-05-09,,US; APAC,,false,https://dms.example.com/matters/M-1056,Hana Kobayashi,230000,Attorney-client privileged; do not forward.
68,SF office lease renewal — December 2027 expiry planning,,Needs Clarification,Litigation Management,medium,demo2,Contract,2026-03-25,2,2026-02-01T12:00:00+00:00,demo2,2026-02-26T12:00:00+00:00,5,2026-02-01T12:00:00+00:00||Submitted|demo2; 2026-02-11T12:00:00+00:00|Submitted|Under Review|demo3; 2026-02-15T12:00:00+00:00|Under Review|Submitted|demo4; 2026-02-22T12:00:00+00:00|Submitted|Under Review|demo5; 2026-02-26T12:00:00+00:00|Under Review|Needs Clarification|demo1,Medium,2026-04-11,705000,EU,,false,https://dms.example.com/matters/M-1096,Hana Kobayashi,230000,Attorney-client privileged; do not forward.
69,Revenue recognition review — ASC 606 compliance,,Needs Clarification,Litigation Management,low,demo2,"Contract, OSS",2026-04-29,5,2026-01-09T12:00:00+00:00,demo2,2026-02-09T12:00:00+00:00,5,2026-01-09T12:00:00+00:00||Submitted|demo2; 2026-01-21T12:00:00+00:00|Submitted|Under Review|demo3; 2026-01-28T12:00:00+00:00|Under Review|Submitted|demo4; 2026-01-31T12:00:00+00:00|Submitted|Under Review|demo5; 2026-02-09T12:00:00+00:00|Under Review|Needs Clarification|demo1,Low,,,EU; APAC,Civic Data Office,false,,Hana Kobayashi,230000,Attorney-client privileged; do not forward.
70,Board observer rights agreement — investor request,Request for the Insurance & Risk team. Note the counterparty's position and the next filing date.,Needs Clarification,Insurance & Risk,urgent,demo4,OSS,,6,2026-02-06T12:00:00+00:00,demo4,2026-02-15T12:00:00+00:00,3,2026-02-06T12:00:00+00:00||Submitted|demo4; 2026-02-12T12:00:00+00:00|Submitted|Under Review|demo5; 2026-02-15T12:00:00+00:00|Under Review|Needs Clarification|demo1,High,2026-03-13,,UK,,false,https://dms.example.com/matters/M-1067,Lucas Ferreira,255000,Attorney-client privileged; do not forward.
71,Employee handbook annual update — Q2 2026,Request for the Real Estate & Leases team. Note the counterparty's position and the next filing date.,Needs Clarification,Real Estate & Leases,urgent,demo1,"OSS, Contract",2026-03-15,7,2025-12-19T12:00:00+00:00,demo1,2026-01-27T12:00:00+00:00,5,2025-12-19T12:00:00+00:00||Submitted|demo1; 2026-01-06T12:00:00+00:00|Submitted|Under Review|demo2; 2026-01-15T12:00:00+00:00|Under Review|Submitted|demo3; 2026-01-22T12:00:00+00:00|Submitted|Under Review|demo4; 2026-01-27T12:00:00+00:00|Under Review|Needs Clarification|demo5,High,2026-04-27,300000,EU,,false,https://dms.example.com/matters/M-1018,Nadia Haddad,280000,Attorney-client privileged; do not forward.
72,Corporate bylaws amendment — committee structure,,Needs Clarification,Real Estate & Leases,medium,demo1,"Urgent, Compliance",2026-02-19,5,2025-12-18T12:00:00+00:00,demo1,2026-02-01T12:00:00+00:00,5,2025-12-18T12:00:00+00:00||Submitted|demo1; 2026-01-05T12:00:00+00:00|Submitted|Under Review|demo2; 2026-01-12T12:00:00+00:00|Under Review|Submitted|demo3; 2026-01-25T12:00:00+00:00|Submitted|Under Review|demo4; 2026-02-01T12:00:00+00:00|Under Review|Needs Clarification|demo5,Medium,2026-04-19,,US; Canada,,false,,Nadia Haddad,280000,Attorney-client privileged; do not forward.
73,Open-source contribution policy update,,Needs Clarification,Tax & Finance,medium,demo3,"Urgent, Compliance",,6,2025-12-27T12:00:00+00:00,demo3,2026-01-16T12:00:00+00:00,5,2025-12-27T12:00:00+00:00||Submitted|demo3; 2026-01-04T12:00:00+00:00|Submitted|Under Review|demo4; 2026-01-08T12:00:00+00:00|Under Review|Submitted|demo5; 2026-01-13T12:00:00+00:00|Submitted|Under Review|demo1; 2026-01-16T12:00:00+00:00|Under Review|Needs Clarification|demo2,Medium,,780000,US,Harbor Leasing,false,https://dms.example.com/matters/M-1029,Owen Gallagher,305000,Attorney-client privileged; do not forward.
74,HIPAA BAA — BlueSky Health business associate agreement,Request for the Tax & Finance team. Note the counterparty's position and the next filing date.,Needs Clarification,Tax & Finance,medium,demo3,"Compliance, Urgent",,4,2026-01-14T12:00:00+00:00,demo3,2026-02-09T12:00:00+00:00,5,2026-01-14T12:00:00+00:00||Submitted|demo3; 2026-01-22T12:00:00+00:00|Submitted|Under Review|demo4; 2026-01-29T12:00:00+00:00|Under Review|Submitted|demo5; 2026-02-06T12:00:00+00:00|Submitted|Under Review|demo1; 2026-02-09T12:00:00+00:00|Under Review|Needs Clarification|demo2,Medium,,,US,Orchid Software,true,https://dms.example.com/matters/M-1049,Owen Gallagher,305000,Attorney-client privileged; do not forward.
75,Sales tax nexus analysis — new state registrations,,Needs Clarification,Tax & Finance,medium,demo3,OSS,,3,2025-12-30T12:00:00+00:00,demo3,2026-01-29T12:00:00+00:00,5,2025-12-30T12:00:00+00:00||Submitted|demo3; 2026-01-11T12:00:00+00:00|Submitted|Under Review|demo4; 2026-01-13T12:00:00+00:00|Under Review|Submitted|demo5; 2026-01-20T12:00:00+00:00|Submitted|Under Review|demo1; 2026-01-29T12:00:00+00:00|Under Review|Needs Clarification|demo2,Medium,2026-05-11,,EU; Canada,Orchid Software,true,,Owen Gallagher,305000,Attorney-client privileged; do not forward.
76,PCI-DSS self-assessment questionnaire — annual filing,Contracts & Procurement matter. Privileged discussion stays in the DMS; this card tracks status and deadlines.,Approved,Contracts & Procurement,high,,"OSS, Urgent",,2,2026-02-01T12:00:00+00:00,demo5,2026-02-22T12:00:00+00:00,3,2026-02-01T12:00:00+00:00||Submitted|demo5; 2026-02-14T12:00:00+00:00|Submitted|Needs Clarification|demo1; 2026-02-22T12:00:00+00:00|Needs Clarification|Approved|demo2,High,2026-03-05,,APAC,,false,https://dms.example.com/matters/M-1050,Isabel Ortiz,80000,Attorney-client privileged; do not forward.
77,Expert witness engagement — damages calculation,Contracts & Procurement matter. Privileged discussion stays in the DMS; this card tracks status and deadlines.,Approved,Contracts & Procurement,medium,,"Policy, Contract",2026-04-15,1,2026-01-01T12:00:00+00:00,demo5,2026-01-18T12:00:00+00:00,3,2026-01-01T12:00:00+00:00||Submitted|demo5; 2026-01-12T12:00:00+00:00|Submitted|Under Review|demo1; 2026-01-18T12:00:00+00:00|Under Review|Approved|demo2,Medium,2026-04-03,,Canada,Northgate Supplies,false,https://dms.example.com/matters/M-1080,Isabel Ortiz,80000,Attorney-client privileged; do not forward.
78,Related party transaction disclosure — annual review,,Approved,Employment Law,low,demo2,"Contract, OSS",2026-04-16,8,2026-02-09T12:00:00+00:00,demo2,2026-02-24T12:00:00+00:00,6,2026-02-09T12:00:00+00:00||Submitted|demo2; 2026-02-15T12:00:00+00:00|Submitted|Under Review|demo3; 2026-02-17T12:00:00+00:00|Under Review|Needs Clarification|demo4; 2026-02-19T12:00:00+00:00|Needs Clarification|Under Review|demo5; 2026-02-21T12:00:00+00:00|Under Review|Needs Clarification|demo1; 2026-02-24T12:00:00+00:00|Needs Clarification|Approved|demo2,Low,2026-04-11,320000,Canada; APAC,,false,https://dms.example.com/matters/M-1071,Avery Brooks,105000,Attorney-client privileged; do not forward.
79,AWS Enterprise Discount Program — annual renewal,Request for the Intellectual Property team. Note the counterparty's position and the next filing date.,Approved,Intellectual Property,medium,demo4,,2026-03-15,5,2026-02-01T12:00:00+00:00,demo4,2026-02-24T12:00:00+00:00,6,2026-02-01T12:00:00+00:00||Submitted|demo4; 2026-02-08T12:00:00+00:00|Submitted|Under Review|demo5; 2026-02-14T12:00:00+00:00|Under Review|Submitted|demo1; 2026-02-18T12:00:00+00:00|Submitted|Under Review|demo2; 2026-02-21T12:00:00+00:00|Under Review|Needs Clarification|demo3; 2026-02-24T12:00:00+00:00|Needs Clarification|Approved|demo4,Medium,,,EU; UK,,true,https://dms.example.com/matters/M-1002,Priya Raman,130000,Attorney-client privileged; do not forward.
80,OSS license compliance scan — quarterly CI report,Request for the Regulatory Compliance team. Note the counterparty's position and the next filing date.,Approved,Regulatory Compliance,low,demo3,,2026-03-01,4,2025-12-21T12:00:00+00:00,demo3,2026-01-17T12:00:00+00:00,4,2025-12-21T12:00:00+00:00||Submitted|demo3; 2026-01-10T12:00:00+00:00|Submitted|Under Review|demo4; 2026-01-15T12:00:00+00:00|Under Review|Needs Clarification|demo5; 2026-01-17T12:00:00+00:00|Needs Clarification|Approved|demo1,Low,2026-05-11,385000,US,,false,https://dms.example.com/matters/M-1034,Elena Petrova,180000,Attorney-client privileged; do not forward.
81,FedRAMP authorization — preliminary assessment,Request for the Regulatory Compliance team. Note the counterparty's position and the next filing date.,Approved,Regulatory Compliance,urgent,demo3,Compliance,,6,2026-01-23T12:00:00+00:00,demo3,2026-02-10T12:00:00+00:00,5,2026-01-23T12:00:00+00:00||Submitted|demo3; 2026-01-30T12:00:00+00:00|Submitted|Under Review|demo4; 2026-02-01T12:00:00+00:00|Under Review|Needs Clarification|demo5; 2026-02-04T12:00:00+00:00|Needs Clarification|Approved|demo1; 2026-02-10T12:00:00+00:00|Approved|Approved|demo1,High,2026-03-29,100000,EU,Brightline Analytics,false,https://dms.example.com/matters/M-1054,Elena Petrova,180000,Attorney-client privileged; do not forward.
82,Key person insurance evaluation — CEO and CTO,,Approved,Regulatory Compliance,low,demo3,"Urgent, Policy",2026-03-16,6,2026-01-02T12:00:00+00:00,demo3,2026-01-23T12:00:00+00:00,3,2026-01-02T12:00:00+00:00||Submitted|demo3; 2026-01-19T12:00:00+00:00|Submitted|Needs Clarification|demo4; 2026-01-23T12:00:00+00:00|Needs Clarification|Approved|demo5,Low,2026-03-19,455000,UK; Canada,,true,,Elena Petrova,180000,Attorney-client privileged; do not forward.
83,BUSL license review — HashiCorp Terraform,Corporate Governance matter. Privileged discussion stays in the DMS; this card tracks status and deadlines.,Approved,Corporate Governance,medium,,"Urgent, OSS",2026-03-19,1,2025-12-17T12:00:00+00:00,demo5,2026-01-23T12:00:00+00:00,6,2025-12-17T12:00:00+00:00||Submitted|demo5; 2025-12-28T12:00:00+00:00|Submitted|Under Review|demo1; 2025-12-30T12:00:00+00:00|Under Review|Needs Clarification|demo2; 2026-01-09T12:00:00+00:00|Needs Clarification|Under Review|demo3; 2026-01-20T12:00:00+00:00|Under Review|Needs Clarification|demo4; 2026-01-23T12:00:00+00:00|Needs Clarification|Approved|demo5,Medium,2026-05-11,830000,Canada; APAC,Harbor Leasing,false,https://dms.example.com/matters/M-1025,Kwame Mensah,205000,Attorney-client privileged; do not forward.
84,Employment discrimination complaint — EEOC response,Request for the Corporate Governance team. Note the counterparty's position and the next filing date.,Approved,Corporate Governance,low,,"Policy, Contract",,5,2026-01-21T12:00:00+00:00,demo5,2026-02-12T12:00:00+00:00,4,2026-01-21T12:00:00+00:00||Submitted|demo5; 2026-02-02T12:00:00+00:00|Submitted|Needs Clarification|demo1; 2026-02-05T12:00:00+00:00|Needs Clarification|Approved|demo2; 2026-02-12T12:00:00+00:00|Approved|Approved|demo2,Low,2026-04-10,,US; UK,,true,https://dms.example.com/matters/M-1075,Kwame Mensah,205000,Attorney-client privileged; do not forward.
85,Data subject access request — user 4821,Insurance & Risk matter. Privileged discussion stays in the DMS; this card tracks status and deadlines.,Approved,Insurance & Risk,urgent,demo4,Contract,2026-03-07,3,2025-12-12T12:00:00+00:00,demo4,2026-01-19T12:00:00+00:00,3,2025-12-12T12:00:00+00:00||Submitted|demo4; 2026-01-06T12:00:00+00:00|Submitted|Under Review|demo5; 2026-01-19T12:00:00+00:00|Under Review|Approved|demo1,High,,620000,EU; UK,Harbor Leasing,false,https://dms.example.com/matters/M-1037,Lucas Ferreira,255000,Attorney-client privileged; do not forward.
86,Anti-money laundering review — payment flow assessment,Insurance & Risk matter. Privileged discussion stays in the DMS; this card tracks status and deadlines.,Approved,Insurance & Risk,low,demo4,Contract,2026-04-02,7,2026-01-08T12:00:00+00:00,demo4,2026-01-28T12:00:00+00:00,3,2026-01-08T12:00:00+00:00||Submitted|demo4; 2026-01-16T12:00:00+00:00|Submitted|Under Review|demo5; 2026-01-28T12:00:00+00:00|Under Review|Approved|demo1,Low,2026-03-14,,US,,false,https://dms.example.com/matters/M-1057,Lucas Ferreira,255000,Attorney-client privileged; do not forward.
87,Remote office stipend policy — home office reimbursement,,Approved,Insurance & Risk,high,demo4,"OSS, Urgent",2026-02-28,3,2026-01-20T12:00:00+00:00,demo4,2026-02-11T12:00:00+00:00,4,2026-01-20T12:00:00+00:00||Submitted|demo4; 2026-01-28T12:00:00+00:00|Submitted|Under Review|demo5; 2026-02-02T12:00:00+00:00|Under Review|Needs Clarification|demo1; 2026-02-11T12:00:00+00:00|Needs Clarification|Approved|demo2,High,2026-03-25,,APAC,Brightline Analytics,true,,Lucas Ferreira,255000,Attorney-client privileged; do not forward.
88,Tax impact analysis — equity compensation plans,Request for the Insurance & Risk team. Note the counterparty's position and the next filing date.,Approved,Insurance & Risk,high,demo4,"OSS, Contract",2026-04-09,2,2026-01-05T12:00:00+00:00,demo4,2026-01-20T12:00:00+00:00,4,2026-01-05T12:00:00+00:00||Submitted|demo4; 2026-01-12T12:00:00+00:00|Submitted|Under Review|demo5; 2026-01-14T12:00:00+00:00|Under Review|Needs Clarification|demo1; 2026-01-20T12:00:00+00:00|Needs Clarification|Approved|demo2,High,2026-04-29,70000,US; Canada,Civic Data Office,false,https://dms.example.com/matters/M-1117,Lucas Ferreira,255000,Attorney-client privileged; do not forward.
89,SOC 2 Type II audit — evidence package assembly,Request for the Real Estate & Leases team. Note the counterparty's position and the next filing date.,Approved,Real Estate & Leases,urgent,demo1,OSS,2026-04-28,2,2025-12-13T12:00:00+00:00,demo1,2026-01-30T12:00:00+00:00,5,2025-12-13T12:00:00+00:00||Submitted|demo1; 2025-12-26T12:00:00+00:00|Submitted|Under Review|demo2; 2026-01-09T12:00:00+00:00|Under Review|Needs Clarification|demo3; 2026-01-24T12:00:00+00:00|Needs Clarification|Approved|demo4; 2026-01-30T12:00:00+00:00|Approved|Approved|demo4,High,2026-03-06,390000,EU; Canada,,false,https://dms.example.com/matters/M-1048,Nadia Haddad,280000,Attorney-client privileged; do not forward.
90,DORA compliance assessment — EU digital resilience,,Approved,Real Estate & Leases,medium,demo1,Urgent,2026-03-12,1,2025-12-10T12:00:00+00:00,demo1,2026-01-08T12:00:00+00:00,4,2025-12-10T12:00:00+00:00||Submitted|demo1; 2025-12-17T12:00:00+00:00|Submitted|Needs Clarification|demo2; 2025-12-31T12:00:00+00:00|Needs Clarification|Approved|demo3; 2026-01-08T12:00:00+00:00|Approved|Approved|demo3,Medium,2026-03-12,,US; EU,Northgate Supplies,false,https://dms.example.com/matters/M-1058,Nadia Haddad,280000,Attorney-client privileged; do not forward.
91,Stock option pool expansion — board approval,Contracts & Procurement matter. Privileged discussion stays in the DMS; this card tracks status and deadlines.,Denied,Contracts & Procurement,medium,,OSS,,2,2026-01-29T12:00:00+00:00,demo5,2026-02-24T12:00:00+00:00,5,2026-01-29T12:00:00+00:00||Submitted|demo5; 2026-02-09T12:00:00+00:00|Submitted|Under Review|demo1; 2026-02-12T12:00:00+00:00|Under Review|Needs Clarification|demo2; 2026-02-17T12:00:00+00:00|Needs Clarification|Approved|demo3; 2026-02-24T12:00:00+00:00|Approved|Denied|demo4,Medium,2026-05-05,,US; APAC,,false,,Isabel Ortiz,80000,Attorney-client privileged; do not forward.
92,Office build-out approval — landlord consent request,,Denied,Contracts & Procurement,medium,,,2026-03-29,7,2026-02-05T12:00:00+00:00,demo5,2026-02-14T12:00:00+00:00,4,2026-02-05T12:00:00+00:00||Submitted|demo5; 2026-02-09T12:00:00+00:00|Submitted|Needs Clarification|demo1; 2026-02-12T12:00:00+00:00|Needs Clarification|Approved|demo2; 2026-02-14T12:00:00+00:00|Approved|Denied|demo3,Medium,2026-04-24,,Canada,Brightline Analytics,true,https://dms.example.com/matters/M-1100,Isabel Ortiz,80000,Attorney-client privileged; do not forward.
93,Equity refresh grant — board approval package,Request for the Intellectual Property team. Note the counterparty's position and the next filing date.,Denied,Intellectual Property,medium,demo4,Contract,2026-04-15,4,2025-12-14T12:00:00+00:00,demo4,2026-01-22T12:00:00+00:00,4,2025-12-14T12:00:00+00:00||Submitted|demo4; 2025-12-28T12:00:00+00:00|Submitted|Under Review|demo5; 2026-01-15T12:00:00+00:00|Under Review|Approved|demo1; 2026-01-22T12:00:00+00:00|Approved|Denied|demo2,Medium,2026-04-26,,EU,,true,https://dms.example.com/matters/M-1022,Priya Raman,130000,Attorney-client privileged; do not forward.
94,Subsidiary formation — EU operating entity,,Denied,Regulatory Compliance,high,demo3,Contract,2026-02-26,6,2026-01-05T12:00:00+00:00,demo3,2026-01-30T12:00:00+00:00,5,2026-01-05T12:00:00+00:00||Submitted|demo3; 2026-01-13T12:00:00+00:00|Submitted|Under Review|demo4; 2026-01-22T12:00:00+00:00|Under Review|Needs Clarification|demo5; 2026-01-26T12:00:00+00:00|Needs Clarification|Approved|demo1; 2026-01-30T12:00:00+00:00|Approved|Denied|demo2,High,2026-04-04,325000,US,Orchid Software,true,https://dms.example.com/matters/M-1064,Elena Petrova,180000,Attorney-client privileged; do not forward.
95,Zapier developer partner agreement review,Corporate Governance matter. Privileged discussion stays in the DMS; this card tracks status and deadlines.,Denied,Corporate Governance,high,,Contract,2026-04-28,8,2026-01-27T12:00:00+00:00,demo5,2026-02-22T12:00:00+00:00,5,2026-01-27T12:00:00+00:00||Submitted|demo5; 2026-02-03T12:00:00+00:00|Submitted|Under Review|demo1; 2026-02-08T12:00:00+00:00|Under Review|Approved|demo2; 2026-02-15T12:00:00+00:00|Approved|Denied|demo3; 2026-02-22T12:00:00+00:00|Denied|Denied|demo3,High,2026-03-28,585000,US; APAC,,false,https://dms.example.com/matters/M-1005,Kwame Mensah,205000,Attorney-client privileged; do not forward.
96,Accessibility compliance — VPAT documentation update,Request for the Corporate Governance team. Note the counterparty's position and the next filing date.,Denied,Corporate Governance,urgent,,"Contract, OSS",2026-03-04,3,2026-02-08T12:00:00+00:00,demo5,2026-02-26T12:00:00+00:00,5,2026-02-08T12:00:00+00:00||Submitted|demo5; 2026-02-14T12:00:00+00:00|Submitted|Under Review|demo1; 2026-02-19T12:00:00+00:00|Under Review|Needs Clarification|demo2; 2026-02-24T12:00:00+00:00|Needs Clarification|Approved|demo3; 2026-02-26T12:00:00+00:00|Approved|Denied|demo4,High,2026-03-15,,Canada,,false,https://dms.example.com/matters/M-1055,Kwame Mensah,205000,Attorney-client privileged; do not forward.
97,ADA compliance audit — office accessibility review,,Denied,Corporate Governance,low,,"Urgent, OSS",2026-02-26,2,2026-01-24T12:00:00+00:00,demo5,2026-02-14T12:00:00+00:00,4,2026-01-24T12:00:00+00:00||Submitted|demo5; 2026-02-05T12:00:00+00:00|Submitted|Needs Clarification|demo1; 2026-02-12T12:00:00+00:00|Needs Clarification|Approved|demo2; 2026-02-14T12:00:00+00:00|Approved|Denied|demo3,Low,2026-03-20,,EU; UK,Northgate Supplies,true,,Kwame Mensah,205000,Attorney-client privileged; do not forward.
98,Non-compete clause review — departing VP Engineering,Litigation Management matter. Privileged discussion stays in the DMS; this card tracks status and deadlines.,Denied,Litigation Management,low,demo2,Policy,2026-02-13,7,2026-01-04T12:00:00+00:00,demo2,2026-02-01T12:00:00+00:00,5,2026-01-04T12:00:00+00:00||Submitted|demo2; 2026-01-11T12:00:00+00:00|Submitted|Under Review|demo3; 2026-01-19T12:00:00+00:00|Under Review|Needs Clarification|demo4; 2026-01-23T12:00:00+00:00|Needs Clarification|Approved|demo5; 2026-02-01T12:00:00+00:00|Approved|Denied|demo1,Low,2026-05-12,,US; APAC,Northgate Supplies,false,https://dms.example.com/matters/M-1016,Hana Kobayashi,230000,Attorney-client privileged; do not forward.
99,Breach of contract claim — vendor non-performance,,Denied,Litigation Management,high,demo2,Policy,2026-02-16,5,2025-12-13T12:00:00+00:00,demo2,2026-01-01T12:00:00+00:00,5,2025-12-13T12:00:00+00:00||Submitted|demo2; 2025-12-21T12:00:00+00:00|Submitted|Under Review|demo3; 2025-12-23T12:00:00+00:00|Under Review|Needs Clarification|demo4; 2025-12-27T12:00:00+00:00|Needs Clarification|Approved|demo5; 2026-01-01T12:00:00+00:00|Approved|Denied|demo1,High,,795000,UK; APAC,Orchid Software,false,https://dms.example.com/matters/M-1076,Hana Kobayashi,230000,Attorney-client privileged; do not forward.
100,Class action assessment — consumer data privacy suit,,Denied,Insurance & Risk,medium,demo4,"OSS, Policy",2026-03-05,2,2025-12-10T12:00:00+00:00,demo4,2026-01-18T12:00:00+00:00,6,2025-12-10T12:00:00+00:00||Submitted|demo4; 2025-12-19T12:00:00+00:00|Submitted|Under Review|demo5; 2026-01-01T12:00:00+00:00|Under Review|Needs Clarification|demo1; 2026-01-05T12:00:00+00:00|Needs Clarification|Approved|demo2; 2026-01-13T12:00:00+00:00|Approved|Denied|demo3; 2026-01-18T12:00:00+00:00|Denied|Denied|demo3,Medium,2026-05-08,,APAC,,false,,Lucas Ferreira,255000,Attorney-client privileged; do not forward.
101,R&D tax credit filing — federal and California,,Denied,Real Estate & Leases,urgent,demo1,,2026-02-20,5,2025-12-17T12:00:00+00:00,demo1,2026-01-15T12:00:00+00:00,7,2025-12-17T12:00:00+00:00||Submitted|demo1; 2025-12-26T12:00:00+00:00|Submitted|Under Review|demo2; 2025-12-28T12:00:00+00:00|Under Review|Needs Clarification|demo3; 2025-12-30T12:00:00+00:00|Needs Clarification|Approved|demo4; 2026-01-08T12:00:00+00:00|Approved|Needs Clarification|demo5; 2026-01-13T12:00:00+00:00|Needs Clarification|Approved|demo1; 2026-01-15T12:00:00+00:00|Approved|Denied|demo2,High,,625000,Canada,Harbor Leasing,true,https://dms.example.com/matters/M-1108,Nadia Haddad,280000,Attorney-client privileged; do not forward.
102,Review vendor NDA — CloudPeak Inc,,Closed,Contracts & Procurement,high,,Urgent,2026-03-03,7,2025-12-15T12:00:00+00:00,demo5,2026-01-13T12:00:00+00:00,6,2025-12-15T12:00:00+00:00||Submitted|demo5; 2025-12-23T12:00:00+00:00|Submitted|Under Review|demo1; 2025-12-25T12:00:00+00:00|Under Review|Needs Clarification|demo2; 2025-12-30T12:00:00+00:00|Needs Clarification|Approved|demo3; 2026-01-10T12:00:00+00:00|Approved|Denied|demo4; 2026-01-13T12:00:00+00:00|Denied|Closed|demo5,High,,,Canada,Brightline Analytics,false,,Isabel Ortiz,80000,Attorney-client privileged; do not forward.
103,GDPR Article 30 records of processing update,Employment Law matter. Privileged discussion stays in the DMS; this card tracks status and deadlines.,Closed,Employment Law,medium,demo2,Contract,2026-04-10,5,2026-01-06T12:00:00+00:00,demo2,2026-02-08T12:00:00+00:00,7,2026-01-06T12:00:00+00:00||Submitted|demo2; 2026-01-13T12:00:00+00:00|Submitted|Under Review|demo3; 2026-01-19T12:00:00+00:00|Under Review|Needs Clarification|demo4; 2026-01-25T12:00:00+00:00|Needs Clarification|Approved|demo5; 2026-01-28T12:00:00+00:00|Approved|Denied|demo1; 2026-02-01T12:00:00+00:00|Denied|Closed|demo2; 2026-02-08T12:00:00+00:00|Closed|Closed|demo2,Medium,2026-04-10,455000,US; Canada,Orchid Software,false,https://dms.example.com/matters/M-1041,Avery Brooks,105000,Attorney-client privileged; do not forward.
104,Property tax assessment appeal — SF office,,Closed,Employment Law,medium,demo2,"Compliance, OSS",2026-02-28,4,2026-01-10T12:00:00+00:00,demo2,2026-02-12T12:00:00+00:00,6,2026-01-10T12:00:00+00:00||Submitted|demo2; 2026-01-21T12:00:00+00:00|Submitted|Under Review|demo3; 2026-01-28T12:00:00+00:00|Under Review|Needs Clarification|demo4; 2026-01-31T12:00:00+00:00|Needs Clarification|Approved|demo5; 2026-02-09T12:00:00+00:00|Approved|Denied|demo1; 2026-02-12T12:00:00+00:00|Denied|Closed|demo2,Medium,,,Canada,,false,https://dms.example.com/matters/M-1101,Avery Brooks,105000,Attorney-client privileged; do not forward.
105,Domain name portfolio review — renewal decisions,Intellectual Property matter. Privileged discussion stays in the DMS; this card tracks status and deadlines.,Closed,Intellectual Property,medium,demo4,Compliance,,3,2026-01-06T12:00:00+00:00,demo4,2026-02-10T12:00:00+00:00,5,2026-01-06T12:00:00+00:00||Submitted|demo4; 2026-01-17T12:00:00+00:00|Submitted|Under Review|demo5; 2026-01-28T12:00:00+00:00|Under Review|Approved|demo1; 2026-02-02T12:00:00+00:00|Approved|Denied|demo2; 2026-02-10T12:00:00+00:00|Denied|Closed|demo3,Medium,2026-04-27,,EU; UK,Northgate Supplies,false,https://dms.example.com/matters/M-1032,Priya Raman,130000,Attorney-client privileged; do not forward.
106,Mediation scheduling — customer contract dispute,,Closed,Intellectual Property,high,demo4,"OSS, Urgent",2026-04-02,7,2025-12-25T12:00:00+00:00,demo4,2026-02-15T12:00:00+00:00,7,2025-12-25T12:00:00+00:00||Submitted|demo4; 2026-01-05T12:00:00+00:00|Submitted|Under Review|demo5; 2026-01-07T12:00:00+00:00|Under Review|Needs Clarification|demo1; 2026-01-16T12:00:00+00:00|Needs Clarification|Approved|demo2; 2026-01-27T12:00:00+00:00|Approved|Denied|demo3; 2026-02-06T12:00:00+00:00|Denied|Closed|demo4; 2026-02-15T12:00:00+00:00|Closed|Closed|demo4,High,2026-03-29,,Canada; APAC,,false,,Priya Raman,130000,Attorney-client privileged; do not forward.
107,Tax provision review — ASC 740 compliance,,Closed,Intellectual Property,high,demo4,Compliance,2026-04-03,2,2026-01-27T12:00:00+00:00,demo4,2026-02-17T12:00:00+00:00,6,2026-01-27T12:00:00+00:00||Submitted|demo4; 2026-02-02T12:00:00+00:00|Submitted|Under Review|demo5; 2026-02-08T12:00:00+00:00|Under Review|Needs Clarification|demo1; 2026-02-10T12:00:00+00:00|Needs Clarification|Approved|demo2; 2026-02-14T12:00:00+00:00|Approved|Denied|demo3; 2026-02-17T12:00:00+00:00|Denied|Closed|demo4,High,2026-05-05,725000,Canada,Harbor Leasing,false,https://dms.example.com/matters/M-1112,Priya Raman,130000,Attorney-client privileged; do not forward.
108,Stripe payment processing agreement renewal,Request for the Data Privacy (GDPR) team. Note the counterparty's position and the next filing date.,Closed,Data Privacy (GDPR),low,demo1,Contract,,7,2026-01-21T12:00:00+00:00,demo1,2026-02-17T12:00:00+00:00,5,2026-01-21T12:00:00+00:00||Submitted|demo1; 2026-02-02T12:00:00+00:00|Submitted|Needs Clarification|demo2; 2026-02-05T12:00:00+00:00|Needs Clarification|Approved|demo3; 2026-02-13T12:00:00+00:00|Approved|Denied|demo4; 2026-02-17T12:00:00+00:00|Denied|Closed|demo5,Low,,780000,UK,Harbor Leasing,true,https://dms.example.com/matters/M-1003,Marcus Hale,155000,Attorney-client privileged; do not forward.
109,Parental leave policy — align to UK statutory minimum,Request for the Corporate Governance team. Note the counterparty's position and the next filing date.,Closed,Corporate Governance,low,,Urgent,2026-04-29,7,2026-01-30T12:00:00+00:00,demo5,2026-02-26T12:00:00+00:00,7,2026-01-30T12:00:00+00:00||Submitted|demo5; 2026-02-09T12:00:00+00:00|Submitted|Under Review|demo1; 2026-02-14T12:00:00+00:00|Under Review|Needs Clarification|demo2; 2026-02-18T12:00:00+00:00|Needs Clarification|Approved|demo3; 2026-02-22T12:00:00+00:00|Approved|Denied|demo4; 2026-02-24T12:00:00+00:00|Denied|Closed|demo5; 2026-02-26T12:00:00+00:00|Closed|Closed|demo5,Low,2026-03-19,580000,EU; APAC,Harbor Leasing,true,https://dms.example.com/matters/M-1015,Kwame Mensah,205000,Attorney-client privileged; do not forward.
110,E&O policy review — professional services coverage,Request for the Litigation Management team. Note the counterparty's position and the next filing date.,Closed,Litigation Management,medium,demo2,"Policy, Compliance",,5,2026-01-15T12:00:00+00:00,demo2,2026-02-15T12:00:00+00:00,6,2026-01-15T12:00:00+00:00||Submitted|demo2; 2026-01-23T12:00:00+00:00|Submitted|Under Review|demo3; 2026-01-27T12:00:00+00:00|Under Review|Needs Clarification|demo4; 2026-01-31T12:00:00+00:00|Needs Clarification|Approved|demo5; 2026-02-07T12:00:00+00:00|Approved|Denied|demo1; 2026-02-15T12:00:00+00:00|Denied|Closed|demo2,Medium,2026-04-20,470000,Canada,,false,https://dms.example.com/matters/M-1086,Hana Kobayashi,230000,Attorney-client privileged; do not forward.
111,Lease abstract preparation — portfolio summary,Litigation Management matter. Privileged discussion stays in the DMS; this card tracks status and deadlines.,Closed,Litigation Management,medium,demo2,OSS,2026-03-31,5,2026-01-01T12:00:00+00:00,demo2,2026-02-05T12:00:00+00:00,6,2026-01-01T12:00:00+00:00||Submitted|demo2; 2026-01-09T12:00:00+00:00|Submitted|Under Review|demo3; 2026-01-19T12:00:00+00:00|Under Review|Needs Clarification|demo4; 2026-01-27T12:00:00+00:00|Needs Clarification|Approved|demo5; 2026-02-01T12:00:00+00:00|Approved|Denied|demo1; 2026-02-05T12:00:00+00:00|Denied|Closed|demo2,Medium,2026-05-03,65000,US; Canada,,false,,Hana Kobayashi,230000,Attorney-client privileged; do not forward.
112,Severance agreement — terminated employee,Request for the Insurance & Risk team. Note the counterparty's position and the next filing date.,Closed,Insurance & Risk,high,demo4,Contract,2026-04-26,3,2026-01-27T12:00:00+00:00,demo4,2026-02-25T12:00:00+00:00,7,2026-01-27T12:00:00+00:00||Submitted|demo4; 2026-02-05T12:00:00+00:00|Submitted|Under Review|demo5; 2026-02-08T12:00:00+00:00|Under Review|Needs Clarification|demo1; 2026-02-11T12:00:00+00:00|Needs Clarification|Approved|demo2; 2026-02-13T12:00:00+00:00|Approved|Denied|demo3; 2026-02-16T12:00:00+00:00|Denied|Closed|demo4; 2026-02-25T12:00:00+00:00|Closed|Closed|demo4,High,2026-04-09,785000,US,,false,,Lucas Ferreira,255000,Attorney-client privileged; do not forward.
113,Patent prior art search — board analytics algorithm,Insurance & Risk matter. Privileged discussion stays in the DMS; this card tracks status and deadlines.,Closed,Insurance & Risk,high,demo4,"Contract, Compliance",,6,2025-12-13T12:00:00+00:00,demo4,2026-02-12T12:00:00+00:00,6,2025-12-13T12:00:00+00:00||Submitted|demo4; 2025-12-27T12:00:00+00:00|Submitted|Under Review|demo5; 2026-01-06T12:00:00+00:00|Under Review|Needs Clarification|demo1; 2026-01-19T12:00:00+00:00|Needs Clarification|Approved|demo2; 2026-02-01T12:00:00+00:00|Approved|Denied|demo3; 2026-02-12T12:00:00+00:00|Denied|Closed|demo4,High,2026-05-07,,Canada,Brightline Analytics,false,https://dms.example.com/matters/M-1027,Lucas Ferreira,255000,Attorney-client privileged; do not forward.
114,Data retention policy review — align to legal minimums,Request for the Insurance & Risk team. Note the counterparty's position and the next filing date.,Closed,Insurance & Risk,low,demo4,Urgent,2026-03-07,3,2025-12-15T12:00:00+00:00,demo4,2026-01-25T12:00:00+00:00,7,2025-12-15T12:00:00+00:00||Submitted|demo4; 2025-12-26T12:00:00+00:00|Submitted|Under Review|demo5; 2025-12-29T12:00:00+00:00|Under Review|Needs Clarification|demo1; 2026-01-04T12:00:00+00:00|Needs Clarification|Approved|demo2; 2026-01-09T12:00:00+00:00|Approved|Denied|demo3; 2026-01-18T12:00:00+00:00|Denied|Closed|demo4; 2026-01-25T12:00:00+00:00|Closed|Closed|demo4,Low,2026-04-29,,APAC,Orchid Software,false,https://dms.example.com/matters/M-1047,Lucas Ferreira,255000,Attorney-client privileged; do not forward.
115,Office supplies procurement — annual contract renewal,,Closed,Real Estate & Leases,low,demo1,"Contract, Urgent",,2,2026-02-08T12:00:00+00:00,demo1,2026-02-27T12:00:00+00:00,5,2026-02-08T12:00:00+00:00||Submitted|demo1; 2026-02-13T12:00:00+00:00|Submitted|Under Review|demo2; 2026-02-17T12:00:00+00:00|Under Review|Needs Clarification|demo3; 2026-02-22T12:00:00+00:00|Needs Clarification|Approved|demo4; 2026-02-27T12:00:00+00:00|Approved|Closed|demo5,Low,2026-04-27,525000,APAC,Northgate Supplies,true,https://dms.example.com/matters/M-1008,Nadia Haddad,280000,Attorney-client privileged; do not forward.
116,Workers compensation audit — annual premium review,Real Estate & Leases matter. Privileged discussion stays in the DMS; this card tracks status and deadlines.,Closed,Real Estate & Leases,high,demo1,,2026-04-05,8,2026-01-11T12:00:00+00:00,demo1,2026-02-09T12:00:00+00:00,5,2026-01-11T12:00:00+00:00||Submitted|demo1; 2026-01-18T12:00:00+00:00|Submitted|Under Review|demo2; 2026-01-27T12:00:00+00:00|Under Review|Approved|demo3; 2026-02-01T12:00:00+00:00|Approved|Denied|demo4; 2026-02-09T12:00:00+00:00|Denied|Closed|demo5,High,2026-04-19,,UK; APAC,,false,https://dms.example.com/matters/M-1088,Nadia Haddad,280000,Attorney-client privileged; do not forward.
117,Contractor classification audit — IRS 20-factor test,Tax & Finance matter. Privileged discussion stays in the DMS; this card tracks status and deadlines.,Closed,Tax & Finance,high,demo3,,,7,2025-12-16T12:00:00+00:00,demo3,2026-01-13T12:00:00+00:00,5,2025-12-16T12:00:00+00:00||Submitted|demo3; 2025-12-23T12:00:00+00:00|Submitted|Needs Clarification|demo4; 2026-01-04T12:00:00+00:00|Needs Clarification|Approved|demo5; 2026-01-07T12:00:00+00:00|Approved|Denied|demo1; 2026-01-13T12:00:00+00:00|Denied|Closed|demo2,High,2026-05-07,870000,UK; Canada,Harbor Leasing,false,https://dms.example.com/matters/M-1019,Owen Gallagher,305000,Attorney-client privileged; do not forward.
118,Cookie consent mechanism audit — ePrivacy compliance,,Closed,Tax & Finance,low,demo3,Compliance,,6,2026-01-11T12:00:00+00:00,demo3,2026-02-15T12:00:00+00:00,7,2026-01-11T12:00:00+00:00||Submitted|demo3; 2026-01-22T12:00:00+00:00|Submitted|Under Review|demo4; 2026-01-26T12:00:00+00:00|Under Review|Needs Clarification|demo5; 2026-02-01T12:00:00+00:00|Needs Clarification|Approved|demo1; 2026-02-06T12:00:00+00:00|Approved|Denied|demo2; 2026-02-11T12:00:00+00:00|Denied|Closed|demo3; 2026-02-15T12:00:00+00:00|Closed|Closed|demo3,Low,2026-03-29,195000,UK,,false,https://dms.example.com/matters/M-1039,Owen Gallagher,305000,Attorney-client privileged; do not forward.
119,Risk assessment matrix — quarterly update,Tax & Finance matter. Privileged discussion stays in the DMS; this card tracks status and deadlines.,Closed,Tax & Finance,high,demo3,OSS,2026-03-18,7,2026-02-13T12:00:00+00:00,demo3,2026-03-03T12:00:00+00:00,6,2026-02-13T12:00:00+00:00||Submitted|demo3; 2026-02-18T12:00:00+00:00|Submitted|Under Review|demo4; 2026-02-22T12:00:00+00:00|Under Review|Needs Clarification|demo5; 2026-02-26T12:00:00+00:00|Needs Clarification|Approved|demo1; 2026-03-01T12:00:00+00:00|Approved|Denied|demo2; 2026-03-03T12:00:00+00:00|Denied|Closed|demo3,High,2026-04-04,190000,EU; Canada,Civic Data Office,false,https://dms.example.com/matters/M-1089,Owen Gallagher,305000,Attorney-client privileged; do not forward.
120,Withholding tax review — international contractor payments,,Closed,Tax & Finance,low,demo3,Urgent,2026-04-12,5,2026-02-01T12:00:00+00:00,demo3,2026-02-25T12:00:00+00:00,8,2026-02-01T12:00:00+00:00||Submitted|demo3; 2026-02-08T12:00:00+00:00|Submitted|Under Review|demo4; 2026-02-11T12:00:00+00:00|Under Review|Submitted|demo5; 2026-02-13T12:00:00+00:00|Submitted|Under Review|demo1; 2026-02-15T12:00:00+00:00|Under Review|Needs Clarification|demo2; 2026-02-19T12:00:00+00:00|Needs Clarification|Approved|demo3; 2026-02-21T12:00:00+00:00|Approved|Denied|demo4; 2026-02-25T12:00:00+00:00|Denied|Closed|demo5,Low,2026-03-20,,UK,,false,https://dms.example.com/matters/M-1119,Owen Gallagher,305000,Attorney-client privileged; do not forward.
