Card ID,Title,Description,Column,Swimlane,Priority,Assignee,Labels,Due Date,Weight,Created At,Created By,Last Moved At,Movement Count,Movement History,Custom: RICE score,Custom: Target quarter,Custom: Platforms,Custom: Customer requests,Custom: Beta start,Custom: PRD,Custom: Enterprise only,Swimlane Custom: PM,Swimlane Custom: Eng lead,Swimlane Custom: Theme,Swimlane Custom: Revenue influenced
1,Real-time card editing with conflict resolution,Roadmap item for Mobile App. Update the RICE score when reach or effort estimates change.,Idea,Mobile App,low,demo2,"UX, AI / ML",2026-04-23,4,2026-01-24T12:00:00+00:00,demo2,2026-01-24T12:00:00+00:00,1,2026-01-24T12:00:00+00:00||Idea|demo2,29.2,Q2 2026,Web; Android,,,https://docs.example.com/prd/1060,true,Marcus Hale,Sofia Marino,Grow,400000
2,Barcode scanner for card attachment,Integrations initiative. The PRD carries the problem statement; this card tracks delivery.,Idea,Integrations,high,demo1,Compliance,2026-02-26,7,2025-12-21T12:00:00+00:00,demo1,2025-12-21T12:00:00+00:00,1,2025-12-21T12:00:00+00:00||Idea|demo1,21.5,Q2 2026,API; Self-hosted,,,https://docs.example.com/prd/1002,false,Kwame Mensah,Mei Lin,Scale,650000
3,WIP limit violation trend report,,Idea,Integrations,high,demo1,,,4,2026-02-06T12:00:00+00:00,demo1,2026-02-06T12:00:00+00:00,1,2026-02-06T12:00:00+00:00||Idea|demo1,24.6,2027,iOS; Self-hosted,,,https://docs.example.com/prd/1042,false,Kwame Mensah,Mei Lin,Scale,650000
4,Filter cards by assignee across all boards,,Idea,Integrations,medium,demo1,"UX, Core",2026-04-19,4,2026-02-03T12:00:00+00:00,demo1,2026-02-03T12:00:00+00:00,1,2026-02-03T12:00:00+00:00||Idea|demo1,6.2,Q2 2026,iOS; API; Self-hosted,98,2026-08-05,,true,Kwame Mensah,Mei Lin,Scale,650000
5,Rule builder UI for custom automation workflows,Compliance & Security initiative. The PRD carries the problem statement; this card tracks delivery.,Idea,Compliance & Security,medium,,"Compliance, Core",,4,2026-02-09T12:00:00+00:00,demo5,2026-02-09T12:00:00+00:00,1,2026-02-09T12:00:00+00:00||Idea|demo5,6.8,Q2 2026,Web; Android,,2026-07-12,,false,Lucas Ferreira,Isabel Ortiz,Grow,900000
6,Site-wide announcement system for maintenance windows,Compliance & Security initiative. The PRD carries the problem statement; this card tracks delivery.,Idea,Compliance & Security,medium,,AI / ML,,4,2025-12-11T12:00:00+00:00,demo5,2025-12-11T12:00:00+00:00,1,2025-12-11T12:00:00+00:00||Idea|demo5,44.1,Q2 2026,API,126,2026-03-08,https://docs.example.com/prd/1104,true,Lucas Ferreira,Isabel Ortiz,Grow,900000
7,Automation audit log with undo capability,,Idea,Collaboration,low,demo2,Core,2026-04-15,8,2025-12-25T12:00:00+00:00,demo2,2025-12-25T12:00:00+00:00,1,2025-12-25T12:00:00+00:00||Idea|demo2,34.9,2027,Web; Android,46,2026-05-09,https://docs.example.com/prd/1095,false,Nadia Haddad,Avery Brooks,Retain,1025000
8,Zapier integration -- GA,Roadmap item for Import & Export. Update the RICE score when reach or effort estimates change.,Idea,Import & Export,high,demo4,"UX, Core",2026-04-06,7,2026-01-22T12:00:00+00:00,demo4,2026-01-22T12:00:00+00:00,1,2026-01-22T12:00:00+00:00||Idea|demo4,15.8,Q2 2026,Web; iOS; Android,,2026-04-02,https://docs.example.com/prd/1026,false,Owen Gallagher,Priya Raman,Scale,1150000
9,Exportable analytics PDF report,Import & Export initiative. The PRD carries the problem statement; this card tracks delivery.,Idea,Import & Export,urgent,demo4,Compliance,2026-02-25,7,2025-12-11T12:00:00+00:00,demo4,2025-12-11T12:00:00+00:00,1,2025-12-11T12:00:00+00:00||Idea|demo4,45.5,Q3 2026,API,65,2026-06-23,,false,Owen Gallagher,Priya Raman,Scale,1150000
10,Card dependency graph visualization,Roadmap item for Automation. Update the RICE score when reach or effort estimates change.,Idea,Automation,high,demo1,"AI / ML, UX",2026-03-01,5,2026-01-18T12:00:00+00:00,demo1,2026-01-18T12:00:00+00:00,1,2026-01-18T12:00:00+00:00||Idea|demo1,27.7,2027,Web; API,40,2026-05-23,https://docs.example.com/prd/1017,false,Sofia Marino,Marcus Hale,Comply,1275000
11,API bulk create endpoint for programmatic imports,Roadmap item for Automation. Update the RICE score when reach or effort estimates change.,Idea,Automation,low,demo1,Compliance,,3,2025-12-29T12:00:00+00:00,demo1,2025-12-29T12:00:00+00:00,1,2025-12-29T12:00:00+00:00||Idea|demo1,29.3,2027,Web; API,,2026-03-09,https://docs.example.com/prd/1077,false,Sofia Marino,Marcus Hale,Comply,1275000
12,Linear import tool for migrating teams,,Validated,Mobile App,medium,demo2,UX,2026-02-20,6,2026-01-23T12:00:00+00:00,demo2,2026-02-06T12:00:00+00:00,2,2026-01-23T12:00:00+00:00||Idea|demo2; 2026-02-06T12:00:00+00:00|Idea|Validated|demo3,38.9,Q4 2026,API,30,,,false,Marcus Hale,Sofia Marino,Grow,400000
13,Auto-label based on card title keywords,,Validated,Mobile App,medium,demo2,Compliance,2026-03-05,1,2026-01-29T12:00:00+00:00,demo2,2026-02-10T12:00:00+00:00,2,2026-01-29T12:00:00+00:00||Idea|demo2; 2026-02-10T12:00:00+00:00|Idea|Validated|demo3,24.4,Q4 2026,API,138,2026-05-23,,false,Marcus Hale,Sofia Marino,Grow,400000
14,Team presence indicators on board view,Roadmap item for Core Platform. Update the RICE score when reach or effort estimates change.,Validated,Core Platform,high,demo4,,2026-02-18,4,2025-12-28T12:00:00+00:00,demo4,2026-01-13T12:00:00+00:00,2,2025-12-28T12:00:00+00:00||Idea|demo4; 2026-01-13T12:00:00+00:00|Idea|Validated|demo5,13.1,Q3 2026,iOS,73,2026-04-27,https://docs.example.com/prd/1071,true,Elena Petrova,Tariq Aziz,Retain,525000
15,AI card description generator,Integrations initiative. The PRD carries the problem statement; this card tracks delivery.,Validated,Integrations,medium,demo1,Platform,,8,2026-01-24T12:00:00+00:00,demo1,2026-01-30T12:00:00+00:00,2,2026-01-24T12:00:00+00:00||Idea|demo1; 2026-01-30T12:00:00+00:00|Idea|Validated|demo2,33.1,Q4 2026,iOS,24,2026-03-31,,false,Kwame Mensah,Mei Lin,Scale,650000
16,Trello board importer,Roadmap item for Integrations. Update the RICE score when reach or effort estimates change.,Validated,Integrations,low,demo1,"Platform, Compliance",2026-02-22,8,2026-02-01T12:00:00+00:00,demo1,2026-02-19T12:00:00+00:00,2,2026-02-01T12:00:00+00:00||Idea|demo1; 2026-02-19T12:00:00+00:00|Idea|Validated|demo2,47.0,Q2 2026,Web; iOS,54,2026-04-03,https://docs.example.com/prd/1072,false,Kwame Mensah,Mei Lin,Scale,650000
17,Push notification preferences,Analytics initiative. The PRD carries the problem statement; this card tracks delivery.,Validated,Analytics,low,demo3,,2026-02-15,4,2026-02-02T12:00:00+00:00,demo3,2026-02-17T12:00:00+00:00,2,2026-02-02T12:00:00+00:00||Idea|demo3; 2026-02-17T12:00:00+00:00|Idea|Validated|demo4,46.6,2027,Web,10,,https://docs.example.com/prd/1003,false,Hana Kobayashi,Jonas Berg,Comply,775000
18,Asana project importer,,Validated,Analytics,low,demo3,"Platform, Core",2026-03-07,5,2026-01-17T12:00:00+00:00,demo3,2026-02-07T12:00:00+00:00,2,2026-01-17T12:00:00+00:00||Idea|demo3; 2026-02-07T12:00:00+00:00|Idea|Validated|demo4,15.8,Q3 2026,iOS; Android; Self-hosted,6,,https://docs.example.com/prd/1073,true,Hana Kobayashi,Jonas Berg,Comply,775000
19,Smart suggestions: recently viewed cards,Roadmap item for Analytics. Update the RICE score when reach or effort estimates change.,Validated,Analytics,medium,demo3,Compliance,2026-04-22,3,2025-12-13T12:00:00+00:00,demo3,2025-12-21T12:00:00+00:00,2,2025-12-13T12:00:00+00:00||Idea|demo3; 2025-12-21T12:00:00+00:00|Idea|Validated|demo4,5.7,Q4 2026,Android,,2026-06-09,,true,Hana Kobayashi,Jonas Berg,Comply,775000
20,Multi-board card linking,,Validated,Compliance & Security,urgent,,,2026-03-14,3,2026-01-23T12:00:00+00:00,demo5,2026-02-03T12:00:00+00:00,2,2026-01-23T12:00:00+00:00||Idea|demo5; 2026-02-03T12:00:00+00:00|Idea|Validated|demo1,2.2,Q3 2026,Self-hosted,81,2026-07-05,https://docs.example.com/prd/1014,false,Lucas Ferreira,Isabel Ortiz,Grow,900000
21,Monday.com board importer,Compliance & Security initiative. The PRD carries the problem statement; this card tracks delivery.,Validated,Compliance & Security,low,,AI / ML,,4,2026-01-13T12:00:00+00:00,demo5,2026-01-29T12:00:00+00:00,2,2026-01-13T12:00:00+00:00||Idea|demo5; 2026-01-29T12:00:00+00:00|Idea|Validated|demo1,38.0,2027,iOS; Android; Self-hosted,91,2026-07-21,https://docs.example.com/prd/1074,false,Lucas Ferreira,Isabel Ortiz,Grow,900000
22,Auto-move card when all checklist items checked,Roadmap item for Compliance & Security. Update the RICE score when reach or effort estimates change.,Validated,Compliance & Security,medium,,Compliance,2026-03-07,4,2026-01-11T12:00:00+00:00,demo5,2026-02-03T12:00:00+00:00,2,2026-01-11T12:00:00+00:00||Idea|demo5; 2026-02-03T12:00:00+00:00|Idea|Validated|demo1,45.7,Q3 2026,iOS; API; Self-hosted,16,2026-05-04,,false,Lucas Ferreira,Isabel Ortiz,Grow,900000
23,Board activity feed,,Validated,Collaboration,low,demo2,"Compliance, Platform",,2,2025-12-22T12:00:00+00:00,demo2,2025-12-31T12:00:00+00:00,2,2025-12-22T12:00:00+00:00||Idea|demo2; 2025-12-31T12:00:00+00:00|Idea|Validated|demo3,24.8,Q3 2026,Android,109,,https://docs.example.com/prd/1015,false,Nadia Haddad,Avery Brooks,Retain,1025000
24,Auto-assign based on swimlane routing rules,Collaboration initiative. The PRD carries the problem statement; this card tracks delivery.,Validated,Collaboration,medium,demo2,,2026-04-27,8,2025-12-18T12:00:00+00:00,demo2,2026-01-16T12:00:00+00:00,2,2025-12-18T12:00:00+00:00||Idea|demo2; 2026-01-16T12:00:00+00:00|Idea|Validated|demo3,2.9,Q4 2026,Web; API,11,,,false,Nadia Haddad,Avery Brooks,Retain,1025000
25,Keyboard-driven command palette for navigation,Collaboration initiative. The PRD carries the problem statement; this card tracks delivery.,Validated,Collaboration,medium,demo2,Core,2026-03-05,2,2025-12-16T12:00:00+00:00,demo2,2026-01-09T12:00:00+00:00,2,2025-12-16T12:00:00+00:00||Idea|demo2; 2026-01-09T12:00:00+00:00|Idea|Validated|demo3,26.0,Q3 2026,iOS; Self-hosted,,2026-05-04,,false,Nadia Haddad,Avery Brooks,Retain,1025000
26,Compliance export with chain-of-custody metadata,Import & Export initiative. The PRD carries the problem statement; this card tracks delivery.,Validated,Import & Export,medium,demo4,"Platform, UX",,6,2026-01-18T12:00:00+00:00,demo4,2026-02-05T12:00:00+00:00,2,2026-01-18T12:00:00+00:00||Idea|demo4; 2026-02-05T12:00:00+00:00|Idea|Validated|demo5,34.4,2027,Android,25,2026-04-22,https://docs.example.com/prd/1056,false,Owen Gallagher,Priya Raman,Scale,1150000
27,Saved search alerts with email notifications,,Validated,Import & Export,low,demo4,"Platform, Compliance",,5,2025-12-30T12:00:00+00:00,demo4,2026-01-06T12:00:00+00:00,2,2025-12-30T12:00:00+00:00||Idea|demo4; 2026-01-06T12:00:00+00:00|Idea|Validated|demo5,46.3,Q2 2026,Web,139,2026-03-27,,false,Owen Gallagher,Priya Raman,Scale,1150000
28,Admin dashboard: system health and usage overview,Roadmap item for Automation. Update the RICE score when reach or effort estimates change.,Validated,Automation,high,demo1,"Platform, Core",2026-03-07,8,2026-02-01T12:00:00+00:00,demo1,2026-02-16T12:00:00+00:00,2,2026-02-01T12:00:00+00:00||Idea|demo1; 2026-02-16T12:00:00+00:00|Idea|Validated|demo2,16.5,2027,Web; Android; API,54,2026-04-25,https://docs.example.com/prd/1107,false,Sofia Marino,Marcus Hale,Comply,1275000
29,Board versioning and snapshot restore,,Validated,Admin & Settings,urgent,demo3,,,7,2025-12-28T12:00:00+00:00,demo3,2026-01-18T12:00:00+00:00,2,2025-12-28T12:00:00+00:00||Idea|demo3; 2026-01-18T12:00:00+00:00|Idea|Validated|demo4,23.6,Q3 2026,Self-hosted,124,2026-07-09,https://docs.example.com/prd/1018,true,Tariq Aziz,Elena Petrova,Grow,1400000
30,Jira two-way sync for hybrid teams,Roadmap item for Admin & Settings. Update the RICE score when reach or effort estimates change.,Validated,Admin & Settings,medium,demo3,Core,2026-02-15,2,2026-01-23T12:00:00+00:00,demo3,2026-02-03T12:00:00+00:00,2,2026-01-23T12:00:00+00:00||Idea|demo3; 2026-02-03T12:00:00+00:00|Idea|Validated|demo4,41.4,Q2 2026,iOS,90,2026-04-22,https://docs.example.com/prd/1028,true,Tariq Aziz,Elena Petrova,Grow,1400000
31,Activity digest email -- daily summary,,Validated,Admin & Settings,medium,demo3,"AI / ML, Platform",2026-04-14,3,2025-12-25T12:00:00+00:00,demo3,2026-01-19T12:00:00+00:00,2,2025-12-25T12:00:00+00:00||Idea|demo3; 2026-01-19T12:00:00+00:00|Idea|Validated|demo4,13.2,2027,iOS; Android; API,,2026-06-08,,false,Tariq Aziz,Elena Petrova,Grow,1400000
32,Auto-archive cards after 30 days in Done column,,Validated,Admin & Settings,urgent,demo3,"UX, Core",2026-03-17,6,2026-01-25T12:00:00+00:00,demo3,2026-02-03T12:00:00+00:00,2,2026-01-25T12:00:00+00:00||Idea|demo3; 2026-02-03T12:00:00+00:00|Idea|Validated|demo4,3.3,Q2 2026,Web,5,2026-07-24,,false,Tariq Aziz,Elena Petrova,Grow,1400000
33,Tag-based card grouping across swimlanes,,Validated,Admin & Settings,medium,demo3,"Compliance, Platform",2026-04-08,2,2025-12-27T12:00:00+00:00,demo3,2026-01-03T12:00:00+00:00,2,2025-12-27T12:00:00+00:00||Idea|demo3; 2026-01-03T12:00:00+00:00|Idea|Validated|demo4,19.1,Q4 2026,API; Self-hosted,116,2026-05-31,,false,Tariq Aziz,Elena Petrova,Grow,1400000
34,Microsoft Teams bot for card notifications,,Validated,Search & Discovery,low,,Core,,6,2026-02-02T12:00:00+00:00,demo5,2026-02-09T12:00:00+00:00,2,2026-02-02T12:00:00+00:00||Idea|demo5; 2026-02-09T12:00:00+00:00|Idea|Validated|demo1,6.4,Q2 2026,iOS; API; Self-hosted,,2026-02-24,https://docs.example.com/prd/1029,false,Mei Lin,Kwame Mensah,Retain,1525000
35,AI-powered search with natural language queries,,Validated,Search & Discovery,high,,Compliance,,4,2025-12-25T12:00:00+00:00,demo5,2026-01-16T12:00:00+00:00,2,2025-12-25T12:00:00+00:00||Idea|demo5; 2026-01-16T12:00:00+00:00|Idea|Validated|demo1,31.6,Q3 2026,Android; API,7,2026-02-23,,false,Mei Lin,Kwame Mensah,Retain,1525000
36,Apple Watch complication -- card due dates,Core Platform initiative. The PRD carries the problem statement; this card tracks delivery.,Scoped,Core Platform,medium,demo4,AI / ML,2026-04-26,5,2026-01-11T12:00:00+00:00,demo4,2026-01-30T12:00:00+00:00,3,2026-01-11T12:00:00+00:00||Idea|demo4; 2026-01-24T12:00:00+00:00|Idea|Validated|demo5; 2026-01-30T12:00:00+00:00|Validated|Scoped|demo1,30.8,Q2 2026,Web; Android; Self-hosted,135,,,false,Elena Petrova,Tariq Aziz,Retain,525000
37,Due date auto-set based on column entry,Roadmap item for Core Platform. Update the RICE score when reach or effort estimates change.,Scoped,Core Platform,medium,demo4,"Platform, UX",,2,2026-02-07T12:00:00+00:00,demo4,2026-02-25T12:00:00+00:00,3,2026-02-07T12:00:00+00:00||Idea|demo4; 2026-02-17T12:00:00+00:00|Idea|Validated|demo5; 2026-02-25T12:00:00+00:00|Validated|Scoped|demo1,45.4,2027,Web; Android; Self-hosted,,2026-08-06,https://docs.example.com/prd/1091,false,Elena Petrova,Tariq Aziz,Retain,525000
38,Data residency region selector,,Scoped,Integrations,medium,demo1,Platform,,3,2026-01-13T12:00:00+00:00,demo1,2026-02-07T12:00:00+00:00,5,2026-01-13T12:00:00+00:00||Idea|demo1; 2026-01-22T12:00:00+00:00|Idea|Validated|demo2; 2026-01-24T12:00:00+00:00|Validated|Idea|demo3; 2026-02-01T12:00:00+00:00|Idea|Validated|demo4; 2026-02-07T12:00:00+00:00|Validated|Scoped|demo5,44.0,2027,API; Self-hosted,,,https://docs.example.com/prd/1052,false,Kwame Mensah,Mei Lin,Scale,650000
39,Card priority auto-escalation as due date approaches,Roadmap item for Integrations. Update the RICE score when reach or effort estimates change.,Scoped,Integrations,medium,demo1,Compliance,2026-03-06,8,2026-01-01T12:00:00+00:00,demo1,2026-01-20T12:00:00+00:00,3,2026-01-01T12:00:00+00:00||Idea|demo1; 2026-01-13T12:00:00+00:00|Idea|Validated|demo2; 2026-01-20T12:00:00+00:00|Validated|Scoped|demo3,7.0,Q3 2026,iOS,44,,,false,Kwame Mensah,Mei Lin,Scale,650000
40,Global notification settings override for admins,,Scoped,Integrations,medium,demo1,"Core, Platform",,4,2026-01-13T12:00:00+00:00,demo1,2026-02-02T12:00:00+00:00,3,2026-01-13T12:00:00+00:00||Idea|demo1; 2026-01-22T12:00:00+00:00|Idea|Validated|demo2; 2026-02-02T12:00:00+00:00|Validated|Scoped|demo3,47.7,Q3 2026,Web; iOS; Self-hosted,78,2026-02-13,https://docs.example.com/prd/1102,false,Kwame Mensah,Mei Lin,Scale,650000
41,Team velocity comparison across boards,,Scoped,Analytics,low,demo3,AI / ML,2026-02-25,1,2025-12-19T12:00:00+00:00,demo3,2026-01-07T12:00:00+00:00,3,2025-12-19T12:00:00+00:00||Idea|demo3; 2026-01-02T12:00:00+00:00|Idea|Validated|demo4; 2026-01-07T12:00:00+00:00|Validated|Scoped|demo5,37.5,Q2 2026,Web; iOS,80,2026-07-14,,true,Hana Kobayashi,Jonas Berg,Comply,775000
42,Session management dashboard for admins,Roadmap item for Analytics. Update the RICE score when reach or effort estimates change.,Scoped,Analytics,medium,demo3,,2026-03-15,6,2026-01-22T12:00:00+00:00,demo3,2026-02-14T12:00:00+00:00,5,2026-01-22T12:00:00+00:00||Idea|demo3; 2026-01-30T12:00:00+00:00|Idea|Validated|demo4; 2026-02-07T12:00:00+00:00|Validated|Idea|demo5; 2026-02-10T12:00:00+00:00|Idea|Validated|demo1; 2026-02-14T12:00:00+00:00|Validated|Scoped|demo2,12.6,Q2 2026,API; Self-hosted,127,,,false,Hana Kobayashi,Jonas Berg,Comply,775000
43,Migration dry-run mode with preview,Roadmap item for Analytics. Update the RICE score when reach or effort estimates change.,Scoped,Analytics,medium,demo3,"AI / ML, UX",2026-03-16,4,2025-12-24T12:00:00+00:00,demo3,2026-01-21T12:00:00+00:00,3,2025-12-24T12:00:00+00:00||Idea|demo3; 2026-01-06T12:00:00+00:00|Idea|Validated|demo4; 2026-01-21T12:00:00+00:00|Validated|Scoped|demo5,5.1,Q2 2026,iOS; Self-hosted,102,2026-05-03,https://docs.example.com/prd/1083,false,Hana Kobayashi,Jonas Berg,Comply,775000
44,Slack /visiban command,Roadmap item for Compliance & Security. Update the RICE score when reach or effort estimates change.,Scoped,Compliance & Security,medium,,"Core, AI / ML",,4,2026-01-20T12:00:00+00:00,demo5,2026-02-19T12:00:00+00:00,5,2026-01-20T12:00:00+00:00||Idea|demo5; 2026-01-31T12:00:00+00:00|Idea|Validated|demo1; 2026-02-08T12:00:00+00:00|Validated|Idea|demo2; 2026-02-14T12:00:00+00:00|Idea|Validated|demo3; 2026-02-19T12:00:00+00:00|Validated|Scoped|demo4,18.8,Q4 2026,Web,1,2026-06-19,,false,Lucas Ferreira,Isabel Ortiz,Grow,900000
45,PagerDuty integration for incident boards,Compliance & Security initiative. The PRD carries the problem statement; this card tracks delivery.,Scoped,Compliance & Security,medium,,"Core, Platform",,2,2025-12-19T12:00:00+00:00,demo5,2026-01-16T12:00:00+00:00,3,2025-12-19T12:00:00+00:00||Idea|demo5; 2025-12-28T12:00:00+00:00|Idea|Validated|demo1; 2026-01-16T12:00:00+00:00|Validated|Scoped|demo2,4.2,Q4 2026,iOS,82,2026-07-10,,false,Lucas Ferreira,Isabel Ortiz,Grow,900000
46,Board-level announcement banner,Roadmap item for Compliance & Security. Update the RICE score when reach or effort estimates change.,Scoped,Compliance & Security,high,,"Compliance, UX",2026-03-30,6,2026-01-15T12:00:00+00:00,demo5,2026-02-02T12:00:00+00:00,3,2026-01-15T12:00:00+00:00||Idea|demo5; 2026-01-25T12:00:00+00:00|Idea|Validated|demo1; 2026-02-02T12:00:00+00:00|Validated|Scoped|demo2,26.7,Q4 2026,Web; Android; API,57,,https://docs.example.com/prd/1064,false,Lucas Ferreira,Isabel Ortiz,Grow,900000
47,Emoji reactions on card comments,,Scoped,Collaboration,high,demo2,,,7,2026-01-10T12:00:00+00:00,demo2,2026-01-28T12:00:00+00:00,3,2026-01-10T12:00:00+00:00||Idea|demo2; 2026-01-26T12:00:00+00:00|Idea|Validated|demo3; 2026-01-28T12:00:00+00:00|Validated|Scoped|demo4,29.4,2027,Web; Android; API,122,2026-04-16,,false,Nadia Haddad,Avery Brooks,Retain,1025000
48,Cumulative flow diagram,Import & Export initiative. The PRD carries the problem statement; this card tracks delivery.,Scoped,Import & Export,high,demo4,Platform,2026-02-13,8,2025-12-21T12:00:00+00:00,demo4,2026-01-21T12:00:00+00:00,5,2025-12-21T12:00:00+00:00||Idea|demo4; 2026-01-02T12:00:00+00:00|Idea|Validated|demo5; 2026-01-06T12:00:00+00:00|Validated|Idea|demo1; 2026-01-19T12:00:00+00:00|Idea|Validated|demo2; 2026-01-21T12:00:00+00:00|Validated|Scoped|demo3,33.7,2027,Web,,2026-08-05,https://docs.example.com/prd/1036,false,Owen Gallagher,Priya Raman,Scale,1150000
49,Bulk card export with movement history,,Scoped,Import & Export,medium,demo4,UX,2026-02-15,7,2026-02-04T12:00:00+00:00,demo4,2026-02-23T12:00:00+00:00,5,2026-02-04T12:00:00+00:00||Idea|demo4; 2026-02-13T12:00:00+00:00|Idea|Validated|demo5; 2026-02-16T12:00:00+00:00|Validated|Idea|demo1; 2026-02-19T12:00:00+00:00|Idea|Validated|demo2; 2026-02-23T12:00:00+00:00|Validated|Scoped|demo3,9.1,Q3 2026,API,59,,https://docs.example.com/prd/1076,false,Owen Gallagher,Priya Raman,Scale,1150000
50,User provisioning via SCIM,Automation initiative. The PRD carries the problem statement; this card tracks delivery.,Scoped,Automation,low,demo1,,,6,2025-12-12T12:00:00+00:00,demo1,2026-01-14T12:00:00+00:00,3,2025-12-12T12:00:00+00:00||Idea|demo1; 2025-12-29T12:00:00+00:00|Idea|Validated|demo2; 2026-01-14T12:00:00+00:00|Validated|Scoped|demo3,22.3,2027,Web,,,https://docs.example.com/prd/1097,true,Sofia Marino,Marcus Hale,Comply,1275000
51,Scheduled automatic board backup to S3,,Scoped,Admin & Settings,high,demo3,,2026-03-11,7,2026-01-01T12:00:00+00:00,demo3,2026-01-21T12:00:00+00:00,3,2026-01-01T12:00:00+00:00||Idea|demo3; 2026-01-17T12:00:00+00:00|Idea|Validated|demo4; 2026-01-21T12:00:00+00:00|Validated|Scoped|demo5,25.6,Q3 2026,Android,74,2026-04-04,,false,Tariq Aziz,Elena Petrova,Grow,1400000
52,Password policy enforcement for local accounts,,Scoped,Search & Discovery,medium,,UX,2026-03-18,2,2026-01-03T12:00:00+00:00,demo5,2026-01-24T12:00:00+00:00,5,2026-01-03T12:00:00+00:00||Idea|demo5; 2026-01-12T12:00:00+00:00|Idea|Validated|demo1; 2026-01-15T12:00:00+00:00|Validated|Idea|demo2; 2026-01-22T12:00:00+00:00|Idea|Validated|demo3; 2026-01-24T12:00:00+00:00|Validated|Scoped|demo4,32.9,Q3 2026,Web; API; Self-hosted,72,,,true,Mei Lin,Kwame Mensah,Retain,1525000
53,Inline image paste in card description,,Scoped,Search & Discovery,low,,"AI / ML, Platform",,8,2026-01-26T12:00:00+00:00,demo5,2026-02-11T12:00:00+00:00,5,2026-01-26T12:00:00+00:00||Idea|demo5; 2026-02-03T12:00:00+00:00|Idea|Validated|demo1; 2026-02-05T12:00:00+00:00|Validated|Idea|demo2; 2026-02-08T12:00:00+00:00|Idea|Validated|demo3; 2026-02-11T12:00:00+00:00|Validated|Scoped|demo4,21.1,Q4 2026,API; Self-hosted,129,2026-06-05,,false,Mei Lin,Kwame Mensah,Retain,1525000
54,Board archive export as ZIP with attachments,,Scoped,Search & Discovery,low,,"Core, Platform",,7,2026-01-15T12:00:00+00:00,demo5,2026-02-08T12:00:00+00:00,5,2026-01-15T12:00:00+00:00||Idea|demo5; 2026-01-22T12:00:00+00:00|Idea|Validated|demo1; 2026-01-28T12:00:00+00:00|Validated|Idea|demo2; 2026-02-05T12:00:00+00:00|Idea|Validated|demo3; 2026-02-08T12:00:00+00:00|Validated|Scoped|demo4,46.9,2027,iOS,74,2026-04-06,,false,Mei Lin,Kwame Mensah,Retain,1525000
55,Bulk card operations toolbar,,Prioritized,Mobile App,medium,demo2,Compliance,,6,2025-12-15T12:00:00+00:00,demo2,2026-01-10T12:00:00+00:00,3,2025-12-15T12:00:00+00:00||Idea|demo2; 2025-12-24T12:00:00+00:00|Idea|Validated|demo3; 2026-01-10T12:00:00+00:00|Validated|Prioritized|demo4,41.0,Q4 2026,iOS; API; Self-hosted,68,2026-04-06,https://docs.example.com/prd/1020,false,Marcus Hale,Sofia Marino,Grow,400000
56,Cross-board card search with unified results,Roadmap item for Mobile App. Update the RICE score when reach or effort estimates change.,Prioritized,Mobile App,urgent,demo2,"Platform, Core",2026-02-20,2,2025-12-31T12:00:00+00:00,demo2,2026-02-03T12:00:00+00:00,4,2025-12-31T12:00:00+00:00||Idea|demo2; 2026-01-12T12:00:00+00:00|Idea|Validated|demo3; 2026-01-25T12:00:00+00:00|Validated|Scoped|demo4; 2026-02-03T12:00:00+00:00|Scoped|Prioritized|demo5,17.2,Q2 2026,iOS; API,8,2026-05-19,https://docs.example.com/prd/1110,false,Marcus Hale,Sofia Marino,Grow,400000
57,Board cloning with selective content,,Prioritized,Core Platform,medium,demo4,"UX, Compliance",2026-04-21,7,2026-02-05T12:00:00+00:00,demo4,2026-02-21T12:00:00+00:00,4,2026-02-05T12:00:00+00:00||Idea|demo4; 2026-02-11T12:00:00+00:00|Idea|Validated|demo5; 2026-02-18T12:00:00+00:00|Validated|Scoped|demo1; 2026-02-21T12:00:00+00:00|Scoped|Prioritized|demo2,45.3,Q2 2026,iOS; Self-hosted,1,,https://docs.example.com/prd/1021,false,Elena Petrova,Tariq Aziz,Retain,525000
58,Content Security Policy headers,,Prioritized,Core Platform,medium,demo4,Core,2026-03-27,7,2026-02-12T12:00:00+00:00,demo4,2026-02-26T12:00:00+00:00,3,2026-02-12T12:00:00+00:00||Idea|demo4; 2026-02-19T12:00:00+00:00|Idea|Validated|demo5; 2026-02-26T12:00:00+00:00|Validated|Prioritized|demo1,4.6,Q2 2026,Android; Self-hosted,104,,,false,Elena Petrova,Tariq Aziz,Retain,525000
59,Import validation report with error details,,Prioritized,Core Platform,high,demo4,UX,2026-03-14,1,2026-01-24T12:00:00+00:00,demo4,2026-02-20T12:00:00+00:00,6,2026-01-24T12:00:00+00:00||Idea|demo4; 2026-01-31T12:00:00+00:00|Idea|Validated|demo5; 2026-02-04T12:00:00+00:00|Validated|Idea|demo1; 2026-02-11T12:00:00+00:00|Idea|Validated|demo2; 2026-02-18T12:00:00+00:00|Validated|Scoped|demo3; 2026-02-20T12:00:00+00:00|Scoped|Prioritized|demo4,44.1,2027,API,121,,https://docs.example.com/prd/1081,false,Elena Petrova,Tariq Aziz,Retain,525000
60,Card templates library,,Prioritized,Analytics,medium,demo3,"UX, AI / ML",,1,2026-01-19T12:00:00+00:00,demo3,2026-02-09T12:00:00+00:00,4,2026-01-19T12:00:00+00:00||Idea|demo3; 2026-01-23T12:00:00+00:00|Idea|Validated|demo4; 2026-01-31T12:00:00+00:00|Validated|Scoped|demo5; 2026-02-09T12:00:00+00:00|Scoped|Prioritized|demo1,39.7,Q3 2026,Web; iOS; Android,116,2026-07-09,https://docs.example.com/prd/1013,false,Hana Kobayashi,Jonas Berg,Comply,775000
61,Recurring cards on a schedule,,Prioritized,Analytics,low,demo3,,,6,2026-01-24T12:00:00+00:00,demo3,2026-02-11T12:00:00+00:00,3,2026-01-24T12:00:00+00:00||Idea|demo3; 2026-02-09T12:00:00+00:00|Idea|Scoped|demo4; 2026-02-11T12:00:00+00:00|Scoped|Prioritized|demo5,26.3,Q4 2026,API,48,2026-02-16,https://docs.example.com/prd/1023,false,Hana Kobayashi,Jonas Berg,Comply,775000
62,Customizable card detail layout per board,Analytics initiative. The PRD carries the problem statement; this card tracks delivery.,Prioritized,Analytics,urgent,demo3,"Compliance, AI / ML",2026-03-13,2,2025-12-15T12:00:00+00:00,demo3,2026-01-05T12:00:00+00:00,3,2025-12-15T12:00:00+00:00||Idea|demo3; 2025-12-26T12:00:00+00:00|Idea|Validated|demo4; 2026-01-05T12:00:00+00:00|Validated|Prioritized|demo5,8.7,Q4 2026,Web; Self-hosted,,,https://docs.example.com/prd/1103,false,Hana Kobayashi,Jonas Berg,Comply,775000
63,GitHub PR to card status sync,,Prioritized,Collaboration,high,demo2,Platform,2026-03-28,7,2026-02-04T12:00:00+00:00,demo2,2026-02-20T12:00:00+00:00,4,2026-02-04T12:00:00+00:00||Idea|demo2; 2026-02-13T12:00:00+00:00|Idea|Validated|demo3; 2026-02-16T12:00:00+00:00|Validated|Scoped|demo4; 2026-02-20T12:00:00+00:00|Scoped|Prioritized|demo5,11.8,Q2 2026,Self-hosted,,2026-07-02,https://docs.example.com/prd/1025,true,Nadia Haddad,Avery Brooks,Retain,1025000
64,Mobile-optimized analytics dashboard,Roadmap item for Import & Export. Update the RICE score when reach or effort estimates change.,Prioritized,Import & Export,medium,demo4,,2026-03-13,6,2026-01-05T12:00:00+00:00,demo4,2026-02-02T12:00:00+00:00,6,2026-01-05T12:00:00+00:00||Idea|demo4; 2026-01-11T12:00:00+00:00|Idea|Validated|demo5; 2026-01-16T12:00:00+00:00|Validated|Idea|demo1; 2026-01-25T12:00:00+00:00|Idea|Validated|demo2; 2026-01-30T12:00:00+00:00|Validated|Scoped|demo3; 2026-02-02T12:00:00+00:00|Scoped|Prioritized|demo4,39.5,2027,iOS,135,2026-03-04,https://docs.example.com/prd/1006,true,Owen Gallagher,Priya Raman,Scale,1150000
65,Shared board templates marketplace,,Prioritized,Import & Export,medium,demo4,"AI / ML, Core",2026-04-03,5,2026-01-24T12:00:00+00:00,demo4,2026-02-16T12:00:00+00:00,4,2026-01-24T12:00:00+00:00||Idea|demo4; 2026-02-07T12:00:00+00:00|Idea|Validated|demo5; 2026-02-12T12:00:00+00:00|Validated|Scoped|demo1; 2026-02-16T12:00:00+00:00|Scoped|Prioritized|demo2,4.2,Q4 2026,Android; API,83,2026-05-02,https://docs.example.com/prd/1066,true,Owen Gallagher,Priya Raman,Scale,1150000
66,Scheduled card creation for recurring tasks,,Prioritized,Import & Export,urgent,demo4,AI / ML,2026-02-23,5,2026-01-02T12:00:00+00:00,demo4,2026-01-27T12:00:00+00:00,4,2026-01-02T12:00:00+00:00||Idea|demo4; 2026-01-09T12:00:00+00:00|Idea|Validated|demo5; 2026-01-23T12:00:00+00:00|Validated|Scoped|demo1; 2026-01-27T12:00:00+00:00|Scoped|Prioritized|demo2,18.4,Q3 2026,Android; API,120,2026-07-22,https://docs.example.com/prd/1086,false,Owen Gallagher,Priya Raman,Scale,1150000
67,Board-level permission templates,Roadmap item for Import & Export. Update the RICE score when reach or effort estimates change.,Prioritized,Import & Export,medium,demo4,,2026-03-28,6,2026-01-13T12:00:00+00:00,demo4,2026-02-02T12:00:00+00:00,3,2026-01-13T12:00:00+00:00||Idea|demo4; 2026-01-29T12:00:00+00:00|Idea|Scoped|demo5; 2026-02-02T12:00:00+00:00|Scoped|Prioritized|demo1,47.0,Q3 2026,Web; iOS; Self-hosted,38,,https://docs.example.com/prd/1096,false,Owen Gallagher,Priya Raman,Scale,1150000
68,Voice-to-card creation via Siri Shortcuts,Automation initiative. The PRD carries the problem statement; this card tracks delivery.,Prioritized,Automation,medium,demo1,,,7,2026-01-26T12:00:00+00:00,demo1,2026-02-16T12:00:00+00:00,4,2026-01-26T12:00:00+00:00||Idea|demo1; 2026-02-05T12:00:00+00:00|Idea|Validated|demo2; 2026-02-07T12:00:00+00:00|Validated|Scoped|demo3; 2026-02-16T12:00:00+00:00|Scoped|Prioritized|demo4,17.5,2027,Android; Self-hosted,,2026-06-29,,false,Sofia Marino,Marcus Hale,Comply,1275000
69,SLA timer with automatic escalation column move,,Prioritized,Automation,medium,demo1,Core,2026-03-02,8,2025-12-21T12:00:00+00:00,demo1,2026-01-25T12:00:00+00:00,4,2025-12-21T12:00:00+00:00||Idea|demo1; 2026-01-10T12:00:00+00:00|Idea|Validated|demo2; 2026-01-22T12:00:00+00:00|Validated|Scoped|demo3; 2026-01-25T12:00:00+00:00|Scoped|Prioritized|demo4,2.8,Q3 2026,iOS; Self-hosted,20,2026-02-17,https://docs.example.com/prd/1087,false,Sofia Marino,Marcus Hale,Comply,1275000
70,Throughput report -- weekly/monthly,Roadmap item for Admin & Settings. Update the RICE score when reach or effort estimates change.,Prioritized,Admin & Settings,medium,demo3,"Platform, Core",2026-03-13,1,2025-12-28T12:00:00+00:00,demo3,2026-01-18T12:00:00+00:00,4,2025-12-28T12:00:00+00:00||Idea|demo3; 2026-01-10T12:00:00+00:00|Idea|Validated|demo4; 2026-01-16T12:00:00+00:00|Validated|Scoped|demo5; 2026-01-18T12:00:00+00:00|Scoped|Prioritized|demo1,46.3,Q2 2026,Web,43,,,true,Tariq Aziz,Elena Petrova,Grow,1400000
71,Custom domain for self-hosted instances,Roadmap item for Admin & Settings. Update the RICE score when reach or effort estimates change.,Prioritized,Admin & Settings,medium,demo3,"Core, UX",2026-02-13,6,2026-01-13T12:00:00+00:00,demo3,2026-01-30T12:00:00+00:00,4,2026-01-13T12:00:00+00:00||Idea|demo3; 2026-01-20T12:00:00+00:00|Idea|Validated|demo4; 2026-01-23T12:00:00+00:00|Validated|Scoped|demo5; 2026-01-30T12:00:00+00:00|Scoped|Prioritized|demo1,23.9,Q4 2026,API,112,2026-03-01,https://docs.example.com/prd/1098,false,Tariq Aziz,Elena Petrova,Grow,1400000
72,Full-text search across all boards and cards,,Prioritized,Admin & Settings,medium,demo3,"AI / ML, Core",2026-03-09,7,2026-01-03T12:00:00+00:00,demo3,2026-02-04T12:00:00+00:00,3,2026-01-03T12:00:00+00:00||Idea|demo3; 2026-01-23T12:00:00+00:00|Idea|Validated|demo4; 2026-02-04T12:00:00+00:00|Validated|Prioritized|demo5,41.0,Q3 2026,iOS,63,2026-04-23,https://docs.example.com/prd/1108,false,Tariq Aziz,Elena Petrova,Grow,1400000
73,Custom card fields per board,,Prioritized,Search & Discovery,low,,"AI / ML, Platform",2026-03-15,4,2025-12-16T12:00:00+00:00,demo5,2026-01-13T12:00:00+00:00,3,2025-12-16T12:00:00+00:00||Idea|demo5; 2025-12-26T12:00:00+00:00|Idea|Validated|demo1; 2026-01-13T12:00:00+00:00|Validated|Prioritized|demo2,42.4,Q2 2026,Web; Android,68,,https://docs.example.com/prd/1019,true,Mei Lin,Kwame Mensah,Retain,1525000
74,Billing dashboard with seat usage analytics,,Prioritized,Search & Discovery,medium,,"AI / ML, Platform",,2,2025-12-28T12:00:00+00:00,demo5,2026-01-24T12:00:00+00:00,3,2025-12-28T12:00:00+00:00||Idea|demo5; 2026-01-20T12:00:00+00:00|Idea|Scoped|demo1; 2026-01-24T12:00:00+00:00|Scoped|Prioritized|demo2,33.3,Q4 2026,iOS,13,,https://docs.example.com/prd/1099,false,Mei Lin,Kwame Mensah,Retain,1525000
75,Saved filter views per board,,Prioritized,Search & Discovery,medium,,Platform,2026-04-10,8,2025-12-26T12:00:00+00:00,demo5,2026-01-18T12:00:00+00:00,4,2025-12-26T12:00:00+00:00||Idea|demo5; 2026-01-04T12:00:00+00:00|Idea|Validated|demo1; 2026-01-11T12:00:00+00:00|Validated|Scoped|demo2; 2026-01-18T12:00:00+00:00|Scoped|Prioritized|demo3,18.8,Q3 2026,iOS,82,2026-05-15,https://docs.example.com/prd/1109,false,Mei Lin,Kwame Mensah,Retain,1525000
76,Offline-first card editing,,In Build,Mobile App,medium,demo2,"Core, Compliance",2026-04-21,2,2025-12-10T12:00:00+00:00,demo2,2026-01-06T12:00:00+00:00,5,2025-12-10T12:00:00+00:00||Idea|demo2; 2025-12-20T12:00:00+00:00|Idea|Validated|demo3; 2025-12-29T12:00:00+00:00|Validated|Scoped|demo4; 2026-01-03T12:00:00+00:00|Scoped|Prioritized|demo5; 2026-01-06T12:00:00+00:00|Prioritized|In Build|demo1,30.8,Q3 2026,Web,107,2026-04-10,https://docs.example.com/prd/1000,false,Marcus Hale,Sofia Marino,Grow,400000
77,Mandatory 2FA for site admins,Roadmap item for Mobile App. Update the RICE score when reach or effort estimates change.,In Build,Mobile App,medium,demo2,"UX, Platform",,6,2026-02-02T12:00:00+00:00,demo2,2026-02-23T12:00:00+00:00,4,2026-02-02T12:00:00+00:00||Idea|demo2; 2026-02-12T12:00:00+00:00|Idea|Validated|demo3; 2026-02-15T12:00:00+00:00|Validated|Scoped|demo4; 2026-02-23T12:00:00+00:00|Scoped|In Build|demo5,34.5,Q2 2026,iOS; Android,89,,https://docs.example.com/prd/1050,false,Marcus Hale,Sofia Marino,Grow,400000
78,Camera-to-checklist OCR for handwritten lists,Roadmap item for Core Platform. Update the RICE score when reach or effort estimates change.,In Build,Core Platform,urgent,demo4,Core,,1,2026-02-03T12:00:00+00:00,demo4,2026-02-20T12:00:00+00:00,5,2026-02-03T12:00:00+00:00||Idea|demo4; 2026-02-10T12:00:00+00:00|Idea|Validated|demo5; 2026-02-15T12:00:00+00:00|Validated|Scoped|demo1; 2026-02-18T12:00:00+00:00|Scoped|Prioritized|demo2; 2026-02-20T12:00:00+00:00|Prioritized|In Build|demo3,40.5,2027,Web,,2026-04-11,,false,Elena Petrova,Tariq Aziz,Retain,525000
79,Webhook retry dashboard with manual replay,Roadmap item for Core Platform. Update the RICE score when reach or effort estimates change.,In Build,Core Platform,medium,demo4,,2026-04-18,7,2026-02-04T12:00:00+00:00,demo4,2026-02-25T12:00:00+00:00,5,2026-02-04T12:00:00+00:00||Idea|demo4; 2026-02-09T12:00:00+00:00|Idea|Validated|demo5; 2026-02-15T12:00:00+00:00|Validated|Scoped|demo1; 2026-02-20T12:00:00+00:00|Scoped|Prioritized|demo2; 2026-02-25T12:00:00+00:00|Prioritized|In Build|demo3,3.5,Q2 2026,iOS; API; Self-hosted,88,2026-05-03,https://docs.example.com/prd/1031,false,Elena Petrova,Tariq Aziz,Retain,525000
80,Card cover images from attachments,,In Build,Integrations,medium,demo1,,,7,2026-01-19T12:00:00+00:00,demo1,2026-02-14T12:00:00+00:00,5,2026-01-19T12:00:00+00:00||Idea|demo1; 2026-01-31T12:00:00+00:00|Idea|Validated|demo2; 2026-02-03T12:00:00+00:00|Validated|Scoped|demo3; 2026-02-05T12:00:00+00:00|Scoped|Prioritized|demo4; 2026-02-14T12:00:00+00:00|Prioritized|In Build|demo5,12.1,2027,iOS,93,2026-02-19,https://docs.example.com/prd/1022,false,Kwame Mensah,Mei Lin,Scale,650000
81,Google Calendar sync for card due dates,,In Build,Integrations,medium,demo1,Platform,2026-04-06,8,2025-12-15T12:00:00+00:00,demo1,2026-02-03T12:00:00+00:00,7,2025-12-15T12:00:00+00:00||Idea|demo1; 2025-12-22T12:00:00+00:00|Idea|Validated|demo2; 2026-01-01T12:00:00+00:00|Validated|Scoped|demo3; 2026-01-09T12:00:00+00:00|Scoped|Prioritized|demo4; 2026-01-17T12:00:00+00:00|Prioritized|Scoped|demo5; 2026-01-25T12:00:00+00:00|Scoped|Prioritized|demo1; 2026-02-03T12:00:00+00:00|Prioritized|In Build|demo2,31.3,Q4 2026,iOS; Android; API,63,,https://docs.example.com/prd/1032,true,Kwame Mensah,Mei Lin,Scale,650000
82,Search within card comments and checklists,Compliance & Security initiative. The PRD carries the problem statement; this card tracks delivery.,In Build,Compliance & Security,urgent,,Core,2026-03-11,2,2026-01-18T12:00:00+00:00,demo5,2026-02-19T12:00:00+00:00,5,2026-01-18T12:00:00+00:00||Idea|demo5; 2026-01-28T12:00:00+00:00|Idea|Validated|demo1; 2026-02-03T12:00:00+00:00|Validated|Scoped|demo2; 2026-02-10T12:00:00+00:00|Scoped|Prioritized|demo3; 2026-02-19T12:00:00+00:00|Prioritized|In Build|demo4,2.6,Q2 2026,Web; iOS; Android,92,2026-02-13,https://docs.example.com/prd/1114,false,Lucas Ferreira,Isabel Ortiz,Grow,900000
83,Custom date range selector for all analytics,Collaboration initiative. The PRD carries the problem statement; this card tracks delivery.,In Build,Collaboration,urgent,demo2,Core,2026-04-11,2,2026-02-12T12:00:00+00:00,demo2,2026-03-01T12:00:00+00:00,5,2026-02-12T12:00:00+00:00||Idea|demo2; 2026-02-22T12:00:00+00:00|Idea|Validated|demo3; 2026-02-24T12:00:00+00:00|Validated|Scoped|demo4; 2026-02-26T12:00:00+00:00|Scoped|Prioritized|demo5; 2026-03-01T12:00:00+00:00|Prioritized|In Build|demo1,32.1,2027,iOS; Android; Self-hosted,40,,https://docs.example.com/prd/1045,false,Nadia Haddad,Avery Brooks,Retain,1025000
84,Multi-tenant isolation for managed hosting,,In Build,Import & Export,medium,demo4,"AI / ML, Core",,1,2026-02-11T12:00:00+00:00,demo4,2026-03-03T12:00:00+00:00,5,2026-02-11T12:00:00+00:00||Idea|demo4; 2026-02-18T12:00:00+00:00|Idea|Validated|demo5; 2026-02-22T12:00:00+00:00|Validated|Scoped|demo1; 2026-02-27T12:00:00+00:00|Scoped|Prioritized|demo2; 2026-03-03T12:00:00+00:00|Prioritized|In Build|demo3,27.8,Q4 2026,Web; Android; API,120,2026-02-14,https://docs.example.com/prd/1106,false,Owen Gallagher,Priya Raman,Scale,1150000
85,Cycle time histogram,Roadmap item for Automation. Update the RICE score when reach or effort estimates change.,In Build,Automation,urgent,demo1,"Core, UX",2026-02-23,2,2026-01-19T12:00:00+00:00,demo1,2026-02-09T12:00:00+00:00,5,2026-01-19T12:00:00+00:00||Idea|demo1; 2026-01-24T12:00:00+00:00|Idea|Validated|demo2; 2026-01-30T12:00:00+00:00|Validated|Scoped|demo3; 2026-02-06T12:00:00+00:00|Scoped|Prioritized|demo4; 2026-02-09T12:00:00+00:00|Prioritized|In Build|demo5,26.9,Q4 2026,Android; Self-hosted,7,2026-06-12,https://docs.example.com/prd/1037,false,Sofia Marino,Marcus Hale,Comply,1275000
86,Role-based API key scoping,,In Build,Automation,high,demo1,Compliance,,1,2026-01-08T12:00:00+00:00,demo1,2026-01-30T12:00:00+00:00,4,2026-01-08T12:00:00+00:00||Idea|demo1; 2026-01-15T12:00:00+00:00|Idea|Validated|demo2; 2026-01-25T12:00:00+00:00|Validated|Scoped|demo3; 2026-01-30T12:00:00+00:00|Scoped|In Build|demo4,22.1,Q2 2026,Web; API; Self-hosted,121,,https://docs.example.com/prd/1057,false,Sofia Marino,Marcus Hale,Comply,1275000
87,Board directory with search and categorization,,In Build,Automation,high,demo1,UX,,4,2026-01-08T12:00:00+00:00,demo1,2026-02-09T12:00:00+00:00,5,2026-01-08T12:00:00+00:00||Idea|demo1; 2026-01-18T12:00:00+00:00|Idea|Validated|demo2; 2026-01-26T12:00:00+00:00|Validated|Scoped|demo3; 2026-02-05T12:00:00+00:00|Scoped|Prioritized|demo4; 2026-02-09T12:00:00+00:00|Prioritized|In Build|demo5,11.6,Q4 2026,Web,1,2026-03-06,https://docs.example.com/prd/1117,false,Sofia Marino,Marcus Hale,Comply,1275000
88,Card handoff protocol between swimlanes,,Beta,Mobile App,medium,demo2,"UX, AI / ML",2026-02-18,2,2026-01-18T12:00:00+00:00,demo2,2026-02-22T12:00:00+00:00,6,2026-01-18T12:00:00+00:00||Idea|demo2; 2026-01-24T12:00:00+00:00|Idea|Validated|demo3; 2026-01-31T12:00:00+00:00|Validated|Scoped|demo4; 2026-02-06T12:00:00+00:00|Scoped|Prioritized|demo5; 2026-02-14T12:00:00+00:00|Prioritized|In Build|demo1; 2026-02-22T12:00:00+00:00|In Build|Beta|demo2,22.4,Q2 2026,Web; Self-hosted,121,,https://docs.example.com/prd/1070,false,Marcus Hale,Sofia Marino,Grow,400000
89,Admin audit log with search and export,Roadmap item for Mobile App. Update the RICE score when reach or effort estimates change.,Beta,Mobile App,urgent,demo2,UX,,1,2026-01-01T12:00:00+00:00,demo2,2026-02-02T12:00:00+00:00,6,2026-01-01T12:00:00+00:00||Idea|demo2; 2026-01-13T12:00:00+00:00|Idea|Validated|demo3; 2026-01-21T12:00:00+00:00|Validated|Scoped|demo4; 2026-01-23T12:00:00+00:00|Scoped|Prioritized|demo5; 2026-01-27T12:00:00+00:00|Prioritized|In Build|demo1; 2026-02-02T12:00:00+00:00|In Build|Beta|demo2,33.3,Q3 2026,API,48,2026-02-15,https://docs.example.com/prd/1100,false,Marcus Hale,Sofia Marino,Grow,400000
90,Card aging distribution chart,,Beta,Core Platform,low,demo4,,,1,2025-12-28T12:00:00+00:00,demo4,2026-01-18T12:00:00+00:00,5,2025-12-28T12:00:00+00:00||Idea|demo4; 2026-01-04T12:00:00+00:00|Idea|Validated|demo5; 2026-01-07T12:00:00+00:00|Validated|Prioritized|demo1; 2026-01-15T12:00:00+00:00|Prioritized|In Build|demo2; 2026-01-18T12:00:00+00:00|In Build|Beta|demo3,7.4,2027,iOS; Android; API,21,,,false,Elena Petrova,Tariq Aziz,Retain,525000
91,@mention autocomplete in card comments,,Beta,Core Platform,medium,demo4,,,3,2025-12-22T12:00:00+00:00,demo4,2026-01-19T12:00:00+00:00,6,2025-12-22T12:00:00+00:00||Idea|demo4; 2025-12-29T12:00:00+00:00|Idea|Validated|demo5; 2026-01-02T12:00:00+00:00|Validated|Scoped|demo1; 2026-01-09T12:00:00+00:00|Scoped|Prioritized|demo2; 2026-01-15T12:00:00+00:00|Prioritized|In Build|demo3; 2026-01-19T12:00:00+00:00|In Build|Beta|demo4,14.6,Q3 2026,Web,,2026-07-29,https://docs.example.com/prd/1061,false,Elena Petrova,Tariq Aziz,Retain,525000
92,Search by card movement history,,Beta,Core Platform,urgent,demo4,,2026-02-24,8,2026-01-18T12:00:00+00:00,demo4,2026-02-13T12:00:00+00:00,6,2026-01-18T12:00:00+00:00||Idea|demo4; 2026-01-28T12:00:00+00:00|Idea|Validated|demo5; 2026-02-02T12:00:00+00:00|Validated|Scoped|demo1; 2026-02-06T12:00:00+00:00|Scoped|Prioritized|demo2; 2026-02-11T12:00:00+00:00|Prioritized|In Build|demo3; 2026-02-13T12:00:00+00:00|In Build|Beta|demo4,14.7,Q4 2026,Android,14,,https://docs.example.com/prd/1111,true,Elena Petrova,Tariq Aziz,Retain,525000
93,Auto-notify assignee when card enters Review column,Roadmap item for Analytics. Update the RICE score when reach or effort estimates change.,Beta,Analytics,medium,demo3,AI / ML,2026-03-08,3,2026-01-07T12:00:00+00:00,demo3,2026-02-10T12:00:00+00:00,8,2026-01-07T12:00:00+00:00||Idea|demo3; 2026-01-16T12:00:00+00:00|Idea|Validated|demo4; 2026-01-20T12:00:00+00:00|Validated|Idea|demo5; 2026-01-27T12:00:00+00:00|Idea|Validated|demo1; 2026-01-29T12:00:00+00:00|Validated|Scoped|demo2; 2026-02-04T12:00:00+00:00|Scoped|Prioritized|demo3; 2026-02-06T12:00:00+00:00|Prioritized|In Build|demo4; 2026-02-10T12:00:00+00:00|In Build|Beta|demo5,10.3,Q2 2026,Android,,2026-02-18,https://docs.example.com/prd/1093,false,Hana Kobayashi,Jonas Berg,Comply,775000
94,Mobile board creation wizard,,Beta,Compliance & Security,medium,,"AI / ML, Platform",,8,2026-01-09T12:00:00+00:00,demo5,2026-02-15T12:00:00+00:00,6,2026-01-09T12:00:00+00:00||Idea|demo5; 2026-01-20T12:00:00+00:00|Idea|Validated|demo1; 2026-01-22T12:00:00+00:00|Validated|Scoped|demo2; 2026-01-31T12:00:00+00:00|Scoped|Prioritized|demo3; 2026-02-08T12:00:00+00:00|Prioritized|In Build|demo4; 2026-02-15T12:00:00+00:00|In Build|Beta|demo5,3.9,Q2 2026,Web; iOS,74,2026-07-01,,true,Lucas Ferreira,Isabel Ortiz,Grow,900000
95,Bottleneck detection with AI recommendations,,Beta,Compliance & Security,medium,,,2026-03-15,6,2026-01-09T12:00:00+00:00,demo5,2026-02-08T12:00:00+00:00,6,2026-01-09T12:00:00+00:00||Idea|demo5; 2026-01-14T12:00:00+00:00|Idea|Validated|demo1; 2026-01-21T12:00:00+00:00|Validated|Scoped|demo2; 2026-01-28T12:00:00+00:00|Scoped|Prioritized|demo3; 2026-02-01T12:00:00+00:00|Prioritized|In Build|demo4; 2026-02-08T12:00:00+00:00|In Build|Beta|demo5,37.0,Q2 2026,Web,66,2026-03-02,https://docs.example.com/prd/1044,true,Lucas Ferreira,Isabel Ortiz,Grow,900000
96,Notion page link preview in card comments,Collaboration initiative. The PRD carries the problem statement; this card tracks delivery.,Beta,Collaboration,medium,demo2,"UX, Platform",2026-03-25,6,2025-12-20T12:00:00+00:00,demo2,2026-01-29T12:00:00+00:00,6,2025-12-20T12:00:00+00:00||Idea|demo2; 2025-12-25T12:00:00+00:00|Idea|Validated|demo3; 2026-01-01T12:00:00+00:00|Validated|Scoped|demo4; 2026-01-10T12:00:00+00:00|Scoped|Prioritized|demo5; 2026-01-22T12:00:00+00:00|Prioritized|In Build|demo1; 2026-01-29T12:00:00+00:00|In Build|Beta|demo2,14.3,Q3 2026,Web; Android; API,25,,https://docs.example.com/prd/1035,false,Nadia Haddad,Avery Brooks,Retain,1025000
97,Encrypted card attachments at rest,,Beta,Collaboration,urgent,demo2,Compliance,2026-04-28,8,2025-12-29T12:00:00+00:00,demo2,2026-02-06T12:00:00+00:00,8,2025-12-29T12:00:00+00:00||Idea|demo2; 2026-01-03T12:00:00+00:00|Idea|Validated|demo3; 2026-01-11T12:00:00+00:00|Validated|Scoped|demo4; 2026-01-17T12:00:00+00:00|Scoped|Prioritized|demo5; 2026-01-22T12:00:00+00:00|Prioritized|In Build|demo1; 2026-01-25T12:00:00+00:00|In Build|Prioritized|demo2; 2026-01-31T12:00:00+00:00|Prioritized|In Build|demo3; 2026-02-06T12:00:00+00:00|In Build|Beta|demo4,3.0,Q2 2026,Web; API,74,2026-06-22,https://docs.example.com/prd/1055,false,Nadia Haddad,Avery Brooks,Retain,1025000
98,User deactivation with data reassignment workflow,,Beta,Collaboration,urgent,demo2,AI / ML,2026-04-29,4,2026-02-08T12:00:00+00:00,demo2,2026-03-01T12:00:00+00:00,6,2026-02-08T12:00:00+00:00||Idea|demo2; 2026-02-15T12:00:00+00:00|Idea|Validated|demo3; 2026-02-19T12:00:00+00:00|Validated|Scoped|demo4; 2026-02-21T12:00:00+00:00|Scoped|Prioritized|demo5; 2026-02-26T12:00:00+00:00|Prioritized|In Build|demo1; 2026-03-01T12:00:00+00:00|In Build|Beta|demo2,21.1,2027,Android; Self-hosted,25,2026-04-07,https://docs.example.com/prd/1105,false,Nadia Haddad,Avery Brooks,Retain,1025000
99,CSV import with column mapping UI,,Beta,Automation,high,demo1,"AI / ML, Core",2026-03-06,1,2026-01-11T12:00:00+00:00,demo1,2026-02-18T12:00:00+00:00,6,2026-01-11T12:00:00+00:00||Idea|demo1; 2026-01-22T12:00:00+00:00|Idea|Validated|demo2; 2026-01-29T12:00:00+00:00|Validated|Scoped|demo3; 2026-02-04T12:00:00+00:00|Scoped|Prioritized|demo4; 2026-02-13T12:00:00+00:00|Prioritized|In Build|demo5; 2026-02-18T12:00:00+00:00|In Build|Beta|demo1,46.4,Q3 2026,Web; Android,80,2026-07-15,https://docs.example.com/prd/1027,false,Sofia Marino,Marcus Hale,Comply,1275000
100,Guest access with time-limited invites,,Beta,Automation,medium,demo1,"Core, Compliance",2026-02-27,3,2026-01-28T12:00:00+00:00,demo1,2026-02-17T12:00:00+00:00,6,2026-01-28T12:00:00+00:00||Idea|demo1; 2026-02-01T12:00:00+00:00|Idea|Validated|demo2; 2026-02-05T12:00:00+00:00|Validated|Scoped|demo3; 2026-02-08T12:00:00+00:00|Scoped|Prioritized|demo4; 2026-02-12T12:00:00+00:00|Prioritized|In Build|demo5; 2026-02-17T12:00:00+00:00|In Build|Beta|demo1,24.6,2027,Web; Self-hosted,,2026-05-23,,true,Sofia Marino,Marcus Hale,Comply,1275000
101,Tablet split-view for board and card detail,Roadmap item for Admin & Settings. Update the RICE score when reach or effort estimates change.,Beta,Admin & Settings,urgent,demo3,Compliance,2026-03-05,4,2026-01-12T12:00:00+00:00,demo3,2026-02-09T12:00:00+00:00,6,2026-01-12T12:00:00+00:00||Idea|demo3; 2026-01-24T12:00:00+00:00|Idea|Validated|demo4; 2026-01-27T12:00:00+00:00|Validated|Scoped|demo5; 2026-01-29T12:00:00+00:00|Scoped|Prioritized|demo1; 2026-02-02T12:00:00+00:00|Prioritized|In Build|demo2; 2026-02-09T12:00:00+00:00|In Build|Beta|demo3,9.2,Q2 2026,iOS,113,2026-07-19,https://docs.example.com/prd/1008,false,Tariq Aziz,Elena Petrova,Grow,1400000
102,GDPR right-to-erasure automation,,Beta,Admin & Settings,medium,demo3,"AI / ML, UX",2026-04-23,3,2025-12-11T12:00:00+00:00,demo3,2026-01-14T12:00:00+00:00,6,2025-12-11T12:00:00+00:00||Idea|demo3; 2025-12-19T12:00:00+00:00|Idea|Validated|demo4; 2025-12-25T12:00:00+00:00|Validated|Scoped|demo5; 2026-01-04T12:00:00+00:00|Scoped|Prioritized|demo1; 2026-01-11T12:00:00+00:00|Prioritized|In Build|demo2; 2026-01-14T12:00:00+00:00|In Build|Beta|demo3,9.4,Q4 2026,Android; Self-hosted,52,2026-05-31,https://docs.example.com/prd/1048,false,Tariq Aziz,Elena Petrova,Grow,1400000
103,Mobile app widget for assigned cards count,,Beta,Search & Discovery,medium,,,2026-03-07,1,2025-12-23T12:00:00+00:00,demo5,2026-02-08T12:00:00+00:00,6,2025-12-23T12:00:00+00:00||Idea|demo5; 2026-01-01T12:00:00+00:00|Idea|Validated|demo1; 2026-01-11T12:00:00+00:00|Validated|Scoped|demo2; 2026-01-20T12:00:00+00:00|Scoped|Prioritized|demo3; 2026-01-30T12:00:00+00:00|Prioritized|In Build|demo4; 2026-02-08T12:00:00+00:00|In Build|Beta|demo5,42.2,Q3 2026,Android,28,2026-08-10,,true,Mei Lin,Kwame Mensah,Retain,1525000
104,Analytics API -- public endpoints,Roadmap item for Search & Discovery. Update the RICE score when reach or effort estimates change.,Beta,Search & Discovery,medium,,"AI / ML, Platform",2026-04-17,6,2026-01-09T12:00:00+00:00,demo5,2026-02-01T12:00:00+00:00,6,2026-01-09T12:00:00+00:00||Idea|demo5; 2026-01-16T12:00:00+00:00|Idea|Validated|demo1; 2026-01-22T12:00:00+00:00|Validated|Scoped|demo2; 2026-01-28T12:00:00+00:00|Scoped|Prioritized|demo3; 2026-01-30T12:00:00+00:00|Prioritized|In Build|demo4; 2026-02-01T12:00:00+00:00|In Build|Beta|demo5,13.7,Q4 2026,Android; API,,2026-08-09,,true,Mei Lin,Kwame Mensah,Retain,1525000
105,SOC 2 Type II -- audit logging,Search & Discovery initiative. The PRD carries the problem statement; this card tracks delivery.,Beta,Search & Discovery,medium,,"Platform, Compliance",2026-03-10,4,2026-01-01T12:00:00+00:00,demo5,2026-01-25T12:00:00+00:00,6,2026-01-01T12:00:00+00:00||Idea|demo5; 2026-01-12T12:00:00+00:00|Idea|Validated|demo1; 2026-01-15T12:00:00+00:00|Validated|Scoped|demo2; 2026-01-18T12:00:00+00:00|Scoped|Prioritized|demo3; 2026-01-21T12:00:00+00:00|Prioritized|In Build|demo4; 2026-01-25T12:00:00+00:00|In Build|Beta|demo5,7.3,Q3 2026,Web; Self-hosted,124,2026-03-02,https://docs.example.com/prd/1049,true,Mei Lin,Kwame Mensah,Retain,1525000
106,Trigger webhook on card field change,Roadmap item for Search & Discovery. Update the RICE score when reach or effort estimates change.,Beta,Search & Discovery,medium,,UX,2026-03-31,1,2025-12-10T12:00:00+00:00,demo5,2026-01-11T12:00:00+00:00,6,2025-12-10T12:00:00+00:00||Idea|demo5; 2025-12-23T12:00:00+00:00|Idea|Validated|demo1; 2025-12-25T12:00:00+00:00|Validated|Scoped|demo2; 2026-01-03T12:00:00+00:00|Scoped|Prioritized|demo3; 2026-01-09T12:00:00+00:00|Prioritized|In Build|demo4; 2026-01-11T12:00:00+00:00|In Build|Beta|demo5,13.1,Q2 2026,Android; Self-hosted,81,2026-07-31,https://docs.example.com/prd/1089,false,Mei Lin,Kwame Mensah,Retain,1525000
107,Biometric lock for sensitive boards,,Launched,Mobile App,urgent,demo2,"Compliance, Core",2026-04-19,2,2026-01-04T12:00:00+00:00,demo2,2026-02-09T12:00:00+00:00,7,2026-01-04T12:00:00+00:00||Idea|demo2; 2026-01-11T12:00:00+00:00|Idea|Validated|demo3; 2026-01-16T12:00:00+00:00|Validated|Scoped|demo4; 2026-01-23T12:00:00+00:00|Scoped|Prioritized|demo5; 2026-01-28T12:00:00+00:00|Prioritized|In Build|demo1; 2026-02-03T12:00:00+00:00|In Build|Beta|demo2; 2026-02-09T12:00:00+00:00|Beta|Launched|demo3,12.9,2027,Web; iOS,127,,https://docs.example.com/prd/1010,false,Marcus Hale,Sofia Marino,Grow,400000
108,Swimlane dwell time heatmap,Roadmap item for Mobile App. Update the RICE score when reach or effort estimates change.,Launched,Mobile App,urgent,demo2,AI / ML,2026-04-20,5,2025-12-15T12:00:00+00:00,demo2,2026-01-26T12:00:00+00:00,7,2025-12-15T12:00:00+00:00||Idea|demo2; 2025-12-29T12:00:00+00:00|Idea|Validated|demo3; 2026-01-02T12:00:00+00:00|Validated|Scoped|demo4; 2026-01-11T12:00:00+00:00|Scoped|Prioritized|demo5; 2026-01-21T12:00:00+00:00|Prioritized|In Build|demo1; 2026-01-24T12:00:00+00:00|In Build|Beta|demo2; 2026-01-26T12:00:00+00:00|Beta|Launched|demo3,17.1,Q3 2026,iOS,114,2026-05-02,https://docs.example.com/prd/1040,false,Marcus Hale,Sofia Marino,Grow,400000
109,Thread replies on card comments,Roadmap item for Integrations. Update the RICE score when reach or effort estimates change.,Launched,Integrations,low,demo1,,,5,2025-12-16T12:00:00+00:00,demo1,2026-02-15T12:00:00+00:00,7,2025-12-16T12:00:00+00:00||Idea|demo1; 2025-12-27T12:00:00+00:00|Idea|Validated|demo2; 2026-01-07T12:00:00+00:00|Validated|Scoped|demo3; 2026-01-16T12:00:00+00:00|Scoped|Prioritized|demo4; 2026-01-27T12:00:00+00:00|Prioritized|In Build|demo5; 2026-02-07T12:00:00+00:00|In Build|Beta|demo1; 2026-02-15T12:00:00+00:00|Beta|Launched|demo2,27.1,Q4 2026,Android; API; Self-hosted,112,2026-05-10,https://docs.example.com/prd/1062,false,Kwame Mensah,Mei Lin,Scale,650000
110,Board export to PDF with layout preservation,,Launched,Collaboration,medium,demo2,Compliance,2026-04-10,1,2026-01-28T12:00:00+00:00,demo2,2026-03-02T12:00:00+00:00,9,2026-01-28T12:00:00+00:00||Idea|demo2; 2026-02-05T12:00:00+00:00|Idea|Validated|demo3; 2026-02-08T12:00:00+00:00|Validated|Scoped|demo4; 2026-02-12T12:00:00+00:00|Scoped|Validated|demo5; 2026-02-16T12:00:00+00:00|Validated|Scoped|demo1; 2026-02-19T12:00:00+00:00|Scoped|Prioritized|demo2; 2026-02-23T12:00:00+00:00|Prioritized|In Build|demo3; 2026-02-26T12:00:00+00:00|In Build|Beta|demo4; 2026-03-02T12:00:00+00:00|Beta|Launched|demo5,36.8,Q2 2026,Android; API,113,2026-06-10,,false,Nadia Haddad,Avery Brooks,Retain,1025000
111,Real-time collaboration cursors,Import & Export initiative. The PRD carries the problem statement; this card tracks delivery.,Launched,Import & Export,low,demo4,"UX, AI / ML",,5,2025-12-20T12:00:00+00:00,demo4,2026-01-31T12:00:00+00:00,7,2025-12-20T12:00:00+00:00||Idea|demo4; 2026-01-03T12:00:00+00:00|Idea|Validated|demo5; 2026-01-10T12:00:00+00:00|Validated|Scoped|demo1; 2026-01-17T12:00:00+00:00|Scoped|Prioritized|demo2; 2026-01-21T12:00:00+00:00|Prioritized|In Build|demo3; 2026-01-25T12:00:00+00:00|In Build|Beta|demo4; 2026-01-31T12:00:00+00:00|Beta|Launched|demo5,27.2,Q4 2026,iOS; Android; API,97,2026-04-01,https://docs.example.com/prd/1016,false,Owen Gallagher,Priya Raman,Scale,1150000
112,Lead time vs cycle time breakdown,Roadmap item for Automation. Update the RICE score when reach or effort estimates change.,Launched,Automation,medium,demo1,"Platform, AI / ML",2026-03-17,6,2026-01-26T12:00:00+00:00,demo1,2026-02-25T12:00:00+00:00,8,2026-01-26T12:00:00+00:00||Idea|demo1; 2026-01-31T12:00:00+00:00|Idea|Validated|demo2; 2026-02-05T12:00:00+00:00|Validated|Scoped|demo3; 2026-02-07T12:00:00+00:00|Scoped|Prioritized|demo4; 2026-02-11T12:00:00+00:00|Prioritized|In Build|demo5; 2026-02-17T12:00:00+00:00|In Build|Beta|demo1; 2026-02-20T12:00:00+00:00|Beta|Launched|demo2; 2026-02-25T12:00:00+00:00|Launched|Launched|demo2,34.4,Q3 2026,iOS,26,2026-02-27,https://docs.example.com/prd/1047,false,Sofia Marino,Marcus Hale,Comply,1275000
113,Automated vulnerability disclosure page,,Launched,Admin & Settings,medium,demo3,"Compliance, UX",2026-02-23,3,2026-01-11T12:00:00+00:00,demo3,2026-02-11T12:00:00+00:00,6,2026-01-11T12:00:00+00:00||Idea|demo3; 2026-01-16T12:00:00+00:00|Idea|Validated|demo4; 2026-01-20T12:00:00+00:00|Validated|Scoped|demo5; 2026-01-29T12:00:00+00:00|Scoped|In Build|demo1; 2026-02-02T12:00:00+00:00|In Build|Beta|demo2; 2026-02-11T12:00:00+00:00|Beta|Launched|demo3,39.1,Q3 2026,iOS,,2026-04-10,https://docs.example.com/prd/1058,false,Tariq Aziz,Elena Petrova,Grow,1400000
114,Cross-board card migration tool,Roadmap item for Mobile App. Update the RICE score when reach or effort estimates change.,Monitoring,Mobile App,high,demo2,,2026-03-07,6,2026-01-01T12:00:00+00:00,demo2,2026-02-10T12:00:00+00:00,10,2026-01-01T12:00:00+00:00||Idea|demo2; 2026-01-09T12:00:00+00:00|Idea|Validated|demo3; 2026-01-13T12:00:00+00:00|Validated|Scoped|demo4; 2026-01-17T12:00:00+00:00|Scoped|Validated|demo5; 2026-01-22T12:00:00+00:00|Validated|Scoped|demo1; 2026-01-27T12:00:00+00:00|Scoped|Prioritized|demo2; 2026-01-29T12:00:00+00:00|Prioritized|In Build|demo3; 2026-02-02T12:00:00+00:00|In Build|Beta|demo4; 2026-02-07T12:00:00+00:00|Beta|Launched|demo5; 2026-02-10T12:00:00+00:00|Launched|Monitoring|demo1,26.6,Q4 2026,Web; iOS; API,33,2026-07-21,https://docs.example.com/prd/1080,false,Marcus Hale,Sofia Marino,Grow,400000
115,Board archival policy with auto-archive after inactivity,Roadmap item for Core Platform. Update the RICE score when reach or effort estimates change.,Monitoring,Core Platform,medium,demo4,Platform,2026-04-11,2,2026-02-03T12:00:00+00:00,demo4,2026-03-02T12:00:00+00:00,8,2026-02-03T12:00:00+00:00||Idea|demo4; 2026-02-10T12:00:00+00:00|Idea|Validated|demo5; 2026-02-12T12:00:00+00:00|Validated|Scoped|demo1; 2026-02-16T12:00:00+00:00|Scoped|Prioritized|demo2; 2026-02-19T12:00:00+00:00|Prioritized|In Build|demo3; 2026-02-22T12:00:00+00:00|In Build|Beta|demo4; 2026-02-26T12:00:00+00:00|Beta|Launched|demo5; 2026-03-02T12:00:00+00:00|Launched|Monitoring|demo1,34.6,2027,iOS; Android,19,2026-03-20,https://docs.example.com/prd/1101,false,Elena Petrova,Tariq Aziz,Retain,525000
116,Export board as static HTML for sharing,,Monitoring,Integrations,medium,demo1,"Core, Compliance",,6,2025-12-24T12:00:00+00:00,demo1,2026-02-07T12:00:00+00:00,8,2025-12-24T12:00:00+00:00||Idea|demo1; 2025-12-30T12:00:00+00:00|Idea|Validated|demo2; 2026-01-06T12:00:00+00:00|Validated|Scoped|demo3; 2026-01-10T12:00:00+00:00|Scoped|Prioritized|demo4; 2026-01-18T12:00:00+00:00|Prioritized|In Build|demo5; 2026-01-27T12:00:00+00:00|In Build|Beta|demo1; 2026-01-29T12:00:00+00:00|Beta|Launched|demo2; 2026-02-07T12:00:00+00:00|Launched|Monitoring|demo3,4.1,Q2 2026,iOS; Self-hosted,131,2026-02-17,,false,Kwame Mensah,Mei Lin,Scale,650000
117,Figma embed in card description,Roadmap item for Analytics. Update the RICE score when reach or effort estimates change.,Monitoring,Analytics,high,demo3,"UX, AI / ML",2026-03-06,1,2025-12-30T12:00:00+00:00,demo3,2026-02-10T12:00:00+00:00,10,2025-12-30T12:00:00+00:00||Idea|demo3; 2026-01-09T12:00:00+00:00|Idea|Validated|demo4; 2026-01-11T12:00:00+00:00|Validated|Scoped|demo5; 2026-01-17T12:00:00+00:00|Scoped|Prioritized|demo1; 2026-01-20T12:00:00+00:00|Prioritized|In Build|demo2; 2026-01-23T12:00:00+00:00|In Build|Beta|demo3; 2026-01-27T12:00:00+00:00|Beta|In Build|demo4; 2026-01-30T12:00:00+00:00|In Build|Beta|demo5; 2026-02-04T12:00:00+00:00|Beta|Launched|demo1; 2026-02-10T12:00:00+00:00|Launched|Monitoring|demo2,41.5,2027,iOS; Self-hosted,2,,,false,Hana Kobayashi,Jonas Berg,Comply,775000
118,Card watchers with selective notifications,,Monitoring,Analytics,medium,demo3,Compliance,,4,2025-12-24T12:00:00+00:00,demo3,2026-02-10T12:00:00+00:00,8,2025-12-24T12:00:00+00:00||Idea|demo3; 2026-01-02T12:00:00+00:00|Idea|Validated|demo4; 2026-01-09T12:00:00+00:00|Validated|Scoped|demo5; 2026-01-16T12:00:00+00:00|Scoped|Prioritized|demo1; 2026-01-25T12:00:00+00:00|Prioritized|In Build|demo2; 2026-02-02T12:00:00+00:00|In Build|Beta|demo3; 2026-02-08T12:00:00+00:00|Beta|Launched|demo4; 2026-02-10T12:00:00+00:00|Launched|Monitoring|demo5,42.8,Q3 2026,Web; Android; API,22,,https://docs.example.com/prd/1063,false,Hana Kobayashi,Jonas Berg,Comply,775000
119,IP allowlisting for board access,,Monitoring,Compliance & Security,high,,Platform,,2,2026-01-19T12:00:00+00:00,demo5,2026-02-18T12:00:00+00:00,7,2026-01-19T12:00:00+00:00||Idea|demo5; 2026-01-28T12:00:00+00:00|Idea|Validated|demo1; 2026-02-01T12:00:00+00:00|Validated|Scoped|demo2; 2026-02-03T12:00:00+00:00|Scoped|In Build|demo3; 2026-02-08T12:00:00+00:00|In Build|Beta|demo4; 2026-02-12T12:00:00+00:00|Beta|Launched|demo5; 2026-02-18T12:00:00+00:00|Launched|Monitoring|demo1,26.7,Q2 2026,Web,129,2026-05-02,https://docs.example.com/prd/1054,false,Lucas Ferreira,Isabel Ortiz,Grow,900000
120,Gesture-based card priority change,,Monitoring,Collaboration,low,demo2,AI / ML,2026-04-16,8,2026-01-31T12:00:00+00:00,demo2,2026-02-22T12:00:00+00:00,8,2026-01-31T12:00:00+00:00||Idea|demo2; 2026-02-05T12:00:00+00:00|Idea|Validated|demo3; 2026-02-07T12:00:00+00:00|Validated|Scoped|demo4; 2026-02-10T12:00:00+00:00|Scoped|Prioritized|demo5; 2026-02-13T12:00:00+00:00|Prioritized|In Build|demo1; 2026-02-16T12:00:00+00:00|In Build|Beta|demo2; 2026-02-20T12:00:00+00:00|Beta|Launched|demo3; 2026-02-22T12:00:00+00:00|Launched|Monitoring|demo4,22.4,Q4 2026,Web,62,2026-02-27,,false,Nadia Haddad,Avery Brooks,Retain,1025000
