Card ID,Title,Description,Column,Swimlane,Priority,Assignee,Labels,Due Date,Weight,Created At,Created By,Last Moved At,Movement Count,Movement History,Custom: RAG,Custom: Percent complete,Custom: Budget,Custom: Milestone date,Custom: Workstreams,Custom: Needs sponsor sign-off,Swimlane Custom: Sponsor,Swimlane Custom: Project manager,Swimlane Custom: Go-live,Swimlane Custom: Total budget
1,Define MVP scope and success metrics,,Planning,Mobile App Relaunch,low,demo4,Blocked,2026-04-24,7,2026-01-07T12:00:00+00:00,demo4,2026-01-07T12:00:00+00:00,1,2026-01-07T12:00:00+00:00||Planning|demo4,Red,0,197500,,Design; Vendor,false,Kwame Mensah,Tariq Aziz,2026-04-04,250000
2,Rate limiting strategy — per-user and per-endpoint,Deliverable for Mobile App Relaunch. RAG status is reviewed at the weekly steering meeting.,Planning,Mobile App Relaunch,medium,demo4,"On Track, Dependency",,7,2026-01-19T12:00:00+00:00,demo4,2026-01-19T12:00:00+00:00,1,2026-01-19T12:00:00+00:00||Planning|demo4,Green,0,45000,2026-03-08,Legal; Vendor,false,Kwame Mensah,Tariq Aziz,2026-04-04,250000
3,Kickoff stakeholder alignment meeting,,Planning,Data Platform Migration,urgent,demo1,Milestone,2026-02-14,2,2026-01-22T12:00:00+00:00,demo1,2026-01-22T12:00:00+00:00,1,2026-01-22T12:00:00+00:00||Planning|demo1,Green,0,190000,2026-05-17,Design; Legal,true,Hana Kobayashi,Mei Lin,2026-04-25,340000
4,Network segmentation review with diagrams,,Planning,Data Platform Migration,urgent,demo1,"Dependency, Milestone",2026-03-28,2,2026-01-28T12:00:00+00:00,demo1,2026-01-28T12:00:00+00:00,1,2026-01-28T12:00:00+00:00||Planning|demo1,Green,0,,,Legal; Change mgmt,false,Hana Kobayashi,Mei Lin,2026-04-25,340000
5,Cloud security posture review — CIS benchmarks,,Planning,Data Platform Migration,low,demo1,"At Risk, On Track",,3,2026-01-19T12:00:00+00:00,demo1,2026-01-19T12:00:00+00:00,1,2026-01-19T12:00:00+00:00||Planning|demo1,Amber,0,245000,2026-03-20,Engineering,false,Hana Kobayashi,Mei Lin,2026-04-25,340000
6,Swag and merchandise design — new logo,Data Platform Migration workstream task. Raise blockers as comments so the sponsor sees them.,Planning,Data Platform Migration,urgent,demo1,At Risk,2026-02-23,6,2026-01-03T12:00:00+00:00,demo1,2026-01-03T12:00:00+00:00,1,2026-01-03T12:00:00+00:00||Planning|demo1,Amber,0,,,Vendor,true,Hana Kobayashi,Mei Lin,2026-04-25,340000
7,UX research synthesis — navigation patterns,Deliverable for Security Compliance Audit. RAG status is reviewed at the weekly steering meeting.,Planning,Security Compliance Audit,high,demo3,"On Track, Blocked",,5,2026-01-24T12:00:00+00:00,demo3,2026-01-24T12:00:00+00:00,1,2026-01-24T12:00:00+00:00||Planning|demo3,Red,0,,2026-04-29,Legal,false,Lucas Ferreira,Jonas Berg,2026-05-16,430000
8,Role-based portal access — admin vs viewer,,Planning,Security Compliance Audit,high,demo3,,2026-03-25,7,2026-02-03T12:00:00+00:00,demo3,2026-02-03T12:00:00+00:00,1,2026-02-03T12:00:00+00:00||Planning|demo3,Green,0,87500,2026-05-11,Change mgmt,false,Lucas Ferreira,Jonas Berg,2026-05-16,430000
9,ELT pipeline cutover — dbt models,,Planning,Customer Portal v2,medium,,"Dependency, Milestone",2026-03-01,6,2026-02-05T12:00:00+00:00,demo5,2026-02-05T12:00:00+00:00,1,2026-02-05T12:00:00+00:00||Planning|demo5,Green,0,245000,2026-05-11,Vendor; Change mgmt,false,Nadia Haddad,Isabel Ortiz,2026-06-06,520000
10,Notification preferences center,,Planning,Customer Portal v2,high,,At Risk,2026-03-24,4,2026-02-06T12:00:00+00:00,demo5,2026-02-06T12:00:00+00:00,1,2026-02-06T12:00:00+00:00||Planning|demo5,Amber,0,127500,2026-05-31,Legal,false,Nadia Haddad,Isabel Ortiz,2026-06-06,520000
11,Brand voice and tone guidelines document,,Planning,Customer Portal v2,medium,,,2026-03-31,7,2026-01-27T12:00:00+00:00,demo5,2026-01-27T12:00:00+00:00,1,2026-01-27T12:00:00+00:00||Planning|demo5,Green,0,70000,,Change mgmt,false,Nadia Haddad,Isabel Ortiz,2026-06-06,520000
12,API key management self-service,GDPR Deletion Pipeline workstream task. Raise blockers as comments so the sponsor sees them.,Planning,GDPR Deletion Pipeline,medium,demo2,"Milestone, Blocked",,7,2025-12-18T12:00:00+00:00,demo2,2025-12-18T12:00:00+00:00,1,2025-12-18T12:00:00+00:00||Planning|demo2,Red,0,22500,2026-05-09,Legal,true,Owen Gallagher,Avery Brooks,2026-06-27,610000
13,Typography system — font selection and scale,GDPR Deletion Pipeline workstream task. Raise blockers as comments so the sponsor sees them.,Planning,GDPR Deletion Pipeline,high,demo2,"At Risk, On Track",2026-03-27,4,2025-12-15T12:00:00+00:00,demo2,2025-12-15T12:00:00+00:00,1,2025-12-15T12:00:00+00:00||Planning|demo2,Amber,0,,2026-03-16,Design; Vendor,true,Owen Gallagher,Avery Brooks,2026-06-27,610000
14,Vendor onboarding workflow design,,Planning,GDPR Deletion Pipeline,medium,demo2,On Track,,2,2026-02-05T12:00:00+00:00,demo2,2026-02-05T12:00:00+00:00,1,2026-02-05T12:00:00+00:00||Planning|demo2,Green,0,232500,2026-04-28,Design; Change mgmt,true,Owen Gallagher,Avery Brooks,2026-06-27,610000
15,Customer feedback widget embedded in portal,Infrastructure Modernization workstream task. Raise blockers as comments so the sponsor sees them.,Planning,Infrastructure Modernization,medium,demo4,On Track,,2,2026-01-13T12:00:00+00:00,demo4,2026-01-13T12:00:00+00:00,1,2026-01-13T12:00:00+00:00||Planning|demo4,Green,0,30000,2026-05-18,Engineering; Legal,false,Sofia Marino,Priya Raman,2026-07-18,700000
16,Contract repository — schema and migration,,Planning,Infrastructure Modernization,medium,demo4,"At Risk, Blocked",2026-02-19,7,2026-01-04T12:00:00+00:00,demo4,2026-01-04T12:00:00+00:00,1,2026-01-04T12:00:00+00:00||Planning|demo4,Red,0,,2026-03-31,Legal; Vendor,true,Sofia Marino,Priya Raman,2026-07-18,700000
17,Historical spend data import — 3 years,,Planning,Infrastructure Modernization,medium,demo4,,2026-03-21,3,2026-01-30T12:00:00+00:00,demo4,2026-01-30T12:00:00+00:00,1,2026-01-30T12:00:00+00:00||Planning|demo4,Green,0,230000,2026-04-07,Legal; Change mgmt,false,Sofia Marino,Priya Raman,2026-07-18,700000
18,Accessibility audit — WCAG 2.1 AA compliance,,Planning,Brand Redesign,medium,demo1,Blocked,,3,2026-01-02T12:00:00+00:00,demo1,2026-01-02T12:00:00+00:00,1,2026-01-02T12:00:00+00:00||Planning|demo1,Red,0,,2026-06-20,Change mgmt,false,Tariq Aziz,Marcus Hale,2026-08-08,790000
19,Data export — CSV and JSON download,Brand Redesign workstream task. Raise blockers as comments so the sponsor sees them.,Planning,Brand Redesign,medium,demo1,,2026-02-24,4,2026-01-13T12:00:00+00:00,demo1,2026-01-13T12:00:00+00:00,1,2026-01-13T12:00:00+00:00||Planning|demo1,Green,0,195000,2026-05-25,Design,true,Tariq Aziz,Marcus Hale,2026-08-08,790000
20,Spend tracking dashboard — by vendor and category,Brand Redesign workstream task. Raise blockers as comments so the sponsor sees them.,Planning,Brand Redesign,low,demo1,"At Risk, Milestone",2026-03-15,2,2025-12-29T12:00:00+00:00,demo1,2025-12-29T12:00:00+00:00,1,2025-12-29T12:00:00+00:00||Planning|demo1,Amber,0,,2026-03-18,Change mgmt,false,Tariq Aziz,Marcus Hale,2026-08-08,790000
21,Usage dashboard — seats and API calls,Vendor Management System workstream task. Raise blockers as comments so the sponsor sees them.,Planning,Vendor Management System,medium,demo3,"At Risk, Dependency",2026-03-02,5,2026-02-05T12:00:00+00:00,demo3,2026-02-05T12:00:00+00:00,1,2026-02-05T12:00:00+00:00||Planning|demo3,Amber,0,190000,2026-03-25,Vendor,true,Mei Lin,Elena Petrova,2026-08-29,880000
22,Load balancer migration — ALB configuration,,Planning,Vendor Management System,high,demo3,Blocked,2026-04-12,6,2026-01-09T12:00:00+00:00,demo3,2026-01-09T12:00:00+00:00,1,2026-01-09T12:00:00+00:00||Planning|demo3,Red,0,195000,2026-06-09,Engineering; Vendor,false,Mei Lin,Elena Petrova,2026-08-29,880000
23,Vendor risk scoring model,,Planning,Vendor Management System,high,demo3,At Risk,,8,2025-12-18T12:00:00+00:00,demo3,2025-12-18T12:00:00+00:00,1,2025-12-18T12:00:00+00:00||Planning|demo3,Amber,0,80000,2026-04-28,Design; Legal,true,Mei Lin,Elena Petrova,2026-08-29,880000
24,Data quality framework — Great Expectations suite,,Planning,Employee Onboarding Platform,high,,"Dependency, On Track",,4,2025-12-23T12:00:00+00:00,demo5,2025-12-23T12:00:00+00:00,1,2025-12-23T12:00:00+00:00||Planning|demo5,Green,0,,2026-05-19,Engineering,true,Jonas Berg,Kwame Mensah,2026-09-19,970000
25,Email template refresh — match new brand,Deliverable for Employee Onboarding Platform. RAG status is reviewed at the weekly steering meeting.,Planning,Employee Onboarding Platform,low,,At Risk,2026-03-26,7,2026-01-30T12:00:00+00:00,demo5,2026-01-30T12:00:00+00:00,1,2026-01-30T12:00:00+00:00||Planning|demo5,Amber,0,125000,2026-03-10,Design,false,Jonas Berg,Kwame Mensah,2026-09-19,970000
26,Reverse ETL pipeline for Salesforce sync,API Gateway Overhaul workstream task. Raise blockers as comments so the sponsor sees them.,Planning,API Gateway Overhaul,low,demo2,"Dependency, Blocked",2026-03-01,6,2025-12-15T12:00:00+00:00,demo2,2025-12-15T12:00:00+00:00,1,2025-12-15T12:00:00+00:00||Planning|demo2,Red,0,227500,2026-03-25,Engineering,false,Isabel Ortiz,Hana Kobayashi,2026-10-10,1060000
27,Procurement approval workflow — multi-tier,,Planning,API Gateway Overhaul,low,demo2,At Risk,2026-03-22,4,2026-01-02T12:00:00+00:00,demo2,2026-01-02T12:00:00+00:00,1,2026-01-02T12:00:00+00:00||Planning|demo2,Amber,0,,2026-05-19,Change mgmt,false,Isabel Ortiz,Hana Kobayashi,2026-10-10,1060000
28,Authentication plugin configuration — JWT and OAuth,Deliverable for API Gateway Overhaul. RAG status is reviewed at the weekly steering meeting.,Planning,API Gateway Overhaul,low,demo2,Milestone,,3,2025-12-24T12:00:00+00:00,demo2,2025-12-24T12:00:00+00:00,1,2025-12-24T12:00:00+00:00||Planning|demo2,Green,0,55000,,Engineering; Design,false,Isabel Ortiz,Hana Kobayashi,2026-10-10,1060000
29,Vendor performance review template,,Kickoff,Mobile App Relaunch,medium,demo4,,2026-04-12,1,2026-01-19T12:00:00+00:00,demo4,2026-02-02T12:00:00+00:00,2,2026-01-19T12:00:00+00:00||Planning|demo4; 2026-02-02T12:00:00+00:00|Planning|Kickoff|demo5,Green,22,97500,2026-06-20,Legal,false,Kwame Mensah,Tariq Aziz,2026-04-04,250000
30,Stakeholder training sessions — Snowflake UI,,Kickoff,Data Platform Migration,high,demo1,,,6,2026-02-10T12:00:00+00:00,demo1,2026-02-18T12:00:00+00:00,2,2026-02-10T12:00:00+00:00||Planning|demo1; 2026-02-18T12:00:00+00:00|Planning|Kickoff|demo2,Green,22,,,Change mgmt,true,Hana Kobayashi,Mei Lin,2026-04-25,340000
31,Automated identity verification step,,Kickoff,Security Compliance Audit,medium,demo3,On Track,,7,2026-01-19T12:00:00+00:00,demo3,2026-02-08T12:00:00+00:00,2,2026-01-19T12:00:00+00:00||Planning|demo3; 2026-02-08T12:00:00+00:00|Planning|Kickoff|demo4,Green,22,,2026-06-11,Legal; Vendor,true,Lucas Ferreira,Jonas Berg,2026-05-16,430000
32,Analytics service — S3 event log purge job,Deliverable for Customer Portal v2. RAG status is reviewed at the weekly steering meeting.,Kickoff,Customer Portal v2,urgent,,,2026-03-10,6,2026-01-06T12:00:00+00:00,demo5,2026-01-16T12:00:00+00:00,2,2026-01-06T12:00:00+00:00||Planning|demo5; 2026-01-16T12:00:00+00:00|Planning|Kickoff|demo1,Green,22,22500,2026-03-05,Change mgmt,false,Nadia Haddad,Isabel Ortiz,2026-06-06,520000
33,Logo design exploration — 3 concept directions,Deliverable for Customer Portal v2. RAG status is reviewed at the weekly steering meeting.,Kickoff,Customer Portal v2,medium,,Dependency,2026-04-01,2,2026-01-13T12:00:00+00:00,demo5,2026-02-07T12:00:00+00:00,2,2026-01-13T12:00:00+00:00||Planning|demo5; 2026-02-07T12:00:00+00:00|Planning|Kickoff|demo1,Green,22,,2026-06-07,Legal; Vendor,true,Nadia Haddad,Isabel Ortiz,2026-06-06,520000
34,"Compliance certificate tracking — SOC 2, ISO",,Kickoff,Customer Portal v2,medium,,,2026-04-20,6,2025-12-20T12:00:00+00:00,demo5,2026-01-20T12:00:00+00:00,2,2025-12-20T12:00:00+00:00||Planning|demo5; 2026-01-20T12:00:00+00:00|Planning|Kickoff|demo1,Green,22,160000,2026-03-09,Vendor; Change mgmt,false,Nadia Haddad,Isabel Ortiz,2026-06-06,520000
35,Historical data validation — row counts and checksums,GDPR Deletion Pipeline workstream task. Raise blockers as comments so the sponsor sees them.,Kickoff,GDPR Deletion Pipeline,high,demo2,,,7,2026-02-10T12:00:00+00:00,demo2,2026-02-24T12:00:00+00:00,2,2026-02-10T12:00:00+00:00||Planning|demo2; 2026-02-24T12:00:00+00:00|Planning|Kickoff|demo3,Green,22,207500,,Legal,false,Owen Gallagher,Avery Brooks,2026-06-27,610000
36,Access control evidence collection,,Kickoff,GDPR Deletion Pipeline,medium,demo2,Blocked,2026-03-06,4,2026-01-30T12:00:00+00:00,demo2,2026-02-11T12:00:00+00:00,2,2026-01-30T12:00:00+00:00||Planning|demo2; 2026-02-11T12:00:00+00:00|Planning|Kickoff|demo3,Red,22,75000,2026-04-07,Change mgmt,false,Owen Gallagher,Avery Brooks,2026-06-27,610000
37,Billing service — invoice data anonymization,GDPR Deletion Pipeline workstream task. Raise blockers as comments so the sponsor sees them.,Kickoff,GDPR Deletion Pipeline,high,demo2,Blocked,2026-02-14,4,2025-12-19T12:00:00+00:00,demo2,2026-01-11T12:00:00+00:00,2,2025-12-19T12:00:00+00:00||Planning|demo2; 2026-01-11T12:00:00+00:00|Planning|Kickoff|demo3,Red,22,,2026-04-13,Design; Vendor,true,Owen Gallagher,Avery Brooks,2026-06-27,610000
38,Decommission Redshift cluster,Deliverable for Infrastructure Modernization. RAG status is reviewed at the weekly steering meeting.,Kickoff,Infrastructure Modernization,medium,demo4,Blocked,,3,2026-01-13T12:00:00+00:00,demo4,2026-01-27T12:00:00+00:00,2,2026-01-13T12:00:00+00:00||Planning|demo4; 2026-01-27T12:00:00+00:00|Planning|Kickoff|demo5,Red,22,180000,,Legal; Vendor,false,Sofia Marino,Priya Raman,2026-07-18,700000
39,Penetration test — external perimeter,Deliverable for Infrastructure Modernization. RAG status is reviewed at the weekly steering meeting.,Kickoff,Infrastructure Modernization,low,demo4,"At Risk, Milestone",2026-03-29,6,2026-01-01T12:00:00+00:00,demo4,2026-01-21T12:00:00+00:00,2,2026-01-01T12:00:00+00:00||Planning|demo4; 2026-01-21T12:00:00+00:00|Planning|Kickoff|demo5,Amber,22,192500,2026-06-18,Engineering,false,Sofia Marino,Priya Raman,2026-07-18,700000
40,Org chart integration — reporting lines,,Kickoff,Infrastructure Modernization,medium,demo4,"Milestone, Dependency",2026-02-25,8,2026-01-06T12:00:00+00:00,demo4,2026-01-19T12:00:00+00:00,2,2026-01-06T12:00:00+00:00||Planning|demo4; 2026-01-19T12:00:00+00:00|Planning|Kickoff|demo5,Green,22,105000,2026-05-05,Change mgmt,false,Sofia Marino,Priya Raman,2026-07-18,700000
41,Invoice download and history UI,Deliverable for Brand Redesign. RAG status is reviewed at the weekly steering meeting.,Kickoff,Brand Redesign,high,demo1,Milestone,2026-04-22,8,2025-12-14T12:00:00+00:00,demo1,2025-12-21T12:00:00+00:00,2,2025-12-14T12:00:00+00:00||Planning|demo1; 2025-12-21T12:00:00+00:00|Planning|Kickoff|demo2,Green,22,45000,2026-04-15,Engineering; Vendor,true,Tariq Aziz,Marcus Hale,2026-08-08,790000
42,Brand guidelines document — v1 draft,,Kickoff,Brand Redesign,high,demo1,,2026-02-15,1,2026-01-13T12:00:00+00:00,demo1,2026-01-21T12:00:00+00:00,2,2026-01-13T12:00:00+00:00||Planning|demo1; 2026-01-21T12:00:00+00:00|Planning|Kickoff|demo2,Green,22,155000,2026-04-19,Engineering,true,Tariq Aziz,Marcus Hale,2026-08-08,790000
43,Support ticket submission flow,,Kickoff,Employee Onboarding Platform,low,,Dependency,2026-04-08,6,2026-01-01T12:00:00+00:00,demo5,2026-01-13T12:00:00+00:00,2,2026-01-01T12:00:00+00:00||Planning|demo5; 2026-01-13T12:00:00+00:00|Planning|Kickoff|demo1,Green,22,147500,2026-04-23,Design,false,Jonas Berg,Kwame Mensah,2026-09-19,970000
44,Kong gateway evaluation — proof of concept,,Kickoff,Employee Onboarding Platform,medium,,"Dependency, Blocked",2026-03-08,5,2026-01-18T12:00:00+00:00,demo5,2026-02-08T12:00:00+00:00,2,2026-01-18T12:00:00+00:00||Planning|demo5; 2026-02-08T12:00:00+00:00|Planning|Kickoff|demo1,Red,22,182500,2026-04-23,Design,false,Jonas Berg,Kwame Mensah,2026-09-19,970000
45,Security awareness training — all hands,,Kickoff,API Gateway Overhaul,medium,demo2,,2026-03-16,8,2026-01-07T12:00:00+00:00,demo2,2026-01-30T12:00:00+00:00,2,2026-01-07T12:00:00+00:00||Planning|demo2; 2026-01-30T12:00:00+00:00|Planning|Kickoff|demo3,Green,22,,2026-04-03,Engineering,true,Isabel Ortiz,Hana Kobayashi,2026-10-10,1060000
46,Deletion dry-run mode for testing,Deliverable for API Gateway Overhaul. RAG status is reviewed at the weekly steering meeting.,Kickoff,API Gateway Overhaul,medium,demo2,Dependency,2026-04-01,3,2026-02-05T12:00:00+00:00,demo2,2026-02-12T12:00:00+00:00,2,2026-02-05T12:00:00+00:00||Planning|demo2; 2026-02-12T12:00:00+00:00|Planning|Kickoff|demo3,Green,22,42500,2026-05-09,Engineering,true,Isabel Ortiz,Hana Kobayashi,2026-10-10,1060000
47,Cost estimation and budget approval,,Kickoff,API Gateway Overhaul,low,demo2,"Blocked, Milestone",,1,2026-01-12T12:00:00+00:00,demo2,2026-01-18T12:00:00+00:00,2,2026-01-12T12:00:00+00:00||Planning|demo2; 2026-01-18T12:00:00+00:00|Planning|Kickoff|demo3,Red,22,62500,2026-05-18,Vendor; Change mgmt,false,Isabel Ortiz,Hana Kobayashi,2026-10-10,1060000
48,Encryption at rest audit — all data stores,,Execution,Mobile App Relaunch,medium,demo4,At Risk,2026-02-27,1,2026-01-05T12:00:00+00:00,demo4,2026-01-27T12:00:00+00:00,3,2026-01-05T12:00:00+00:00||Planning|demo4; 2026-01-21T12:00:00+00:00|Planning|Kickoff|demo5; 2026-01-27T12:00:00+00:00|Kickoff|Execution|demo1,Amber,45,122500,,Engineering,true,Kwame Mensah,Tariq Aziz,2026-04-04,250000
49,First-week schedule generator,Mobile App Relaunch workstream task. Raise blockers as comments so the sponsor sees them.,Execution,Mobile App Relaunch,medium,demo4,At Risk,,2,2026-01-07T12:00:00+00:00,demo4,2026-01-31T12:00:00+00:00,5,2026-01-07T12:00:00+00:00||Planning|demo4; 2026-01-11T12:00:00+00:00|Planning|Kickoff|demo5; 2026-01-16T12:00:00+00:00|Kickoff|Planning|demo1; 2026-01-23T12:00:00+00:00|Planning|Kickoff|demo2; 2026-01-31T12:00:00+00:00|Kickoff|Execution|demo3,Amber,45,47500,2026-05-14,Legal,false,Kwame Mensah,Tariq Aziz,2026-04-04,250000
50,Crash reporting setup — Sentry for mobile,,Execution,Data Platform Migration,medium,demo1,"At Risk, Milestone",2026-04-16,1,2025-12-10T12:00:00+00:00,demo1,2026-01-11T12:00:00+00:00,3,2025-12-10T12:00:00+00:00||Planning|demo1; 2025-12-29T12:00:00+00:00|Planning|Kickoff|demo2; 2026-01-11T12:00:00+00:00|Kickoff|Execution|demo3,Amber,45,220000,2026-05-28,Engineering; Legal,false,Hana Kobayashi,Mei Lin,2026-04-25,340000
51,Account settings and billing management,Deliverable for Data Platform Migration. RAG status is reviewed at the weekly steering meeting.,Execution,Data Platform Migration,medium,demo1,,2026-02-24,7,2026-02-01T12:00:00+00:00,demo1,2026-02-19T12:00:00+00:00,3,2026-02-01T12:00:00+00:00||Planning|demo1; 2026-02-09T12:00:00+00:00|Planning|Kickoff|demo2; 2026-02-19T12:00:00+00:00|Kickoff|Execution|demo3,Green,45,,2026-03-17,Vendor,false,Hana Kobayashi,Mei Lin,2026-04-25,340000
52,Terraform state migration to Terraform Cloud,Data Platform Migration workstream task. Raise blockers as comments so the sponsor sees them.,Execution,Data Platform Migration,high,demo1,"At Risk, Dependency",2026-04-28,1,2026-01-31T12:00:00+00:00,demo1,2026-02-14T12:00:00+00:00,3,2026-01-31T12:00:00+00:00||Planning|demo1; 2026-02-07T12:00:00+00:00|Planning|Kickoff|demo2; 2026-02-14T12:00:00+00:00|Kickoff|Execution|demo3,Amber,45,192500,2026-05-28,Engineering; Legal,false,Hana Kobayashi,Mei Lin,2026-04-25,340000
53,API versioning scheme — URL path vs header,Deliverable for Data Platform Migration. RAG status is reviewed at the weekly steering meeting.,Execution,Data Platform Migration,urgent,demo1,"Milestone, At Risk",2026-03-07,6,2026-01-18T12:00:00+00:00,demo1,2026-01-27T12:00:00+00:00,3,2026-01-18T12:00:00+00:00||Planning|demo1; 2026-01-23T12:00:00+00:00|Planning|Kickoff|demo2; 2026-01-27T12:00:00+00:00|Kickoff|Execution|demo3,Amber,45,132500,2026-06-10,Change mgmt,false,Hana Kobayashi,Mei Lin,2026-04-25,340000
54,Slide deck template — new brand,,Execution,Security Compliance Audit,medium,demo3,"Blocked, Milestone",2026-02-26,6,2026-01-11T12:00:00+00:00,demo3,2026-01-30T12:00:00+00:00,3,2026-01-11T12:00:00+00:00||Planning|demo3; 2026-01-28T12:00:00+00:00|Planning|Kickoff|demo4; 2026-01-30T12:00:00+00:00|Kickoff|Execution|demo5,Red,45,,2026-04-22,Design; Change mgmt,true,Lucas Ferreira,Jonas Berg,2026-05-16,430000
55,Onboarding feedback survey — Day 30 and Day 90,,Execution,Security Compliance Audit,low,demo3,Dependency,2026-03-16,4,2025-12-30T12:00:00+00:00,demo3,2026-01-16T12:00:00+00:00,3,2025-12-30T12:00:00+00:00||Planning|demo3; 2026-01-10T12:00:00+00:00|Planning|Kickoff|demo4; 2026-01-16T12:00:00+00:00|Kickoff|Execution|demo5,Green,45,,2026-03-27,Legal,true,Lucas Ferreira,Jonas Berg,2026-05-16,430000
56,Request logging and distributed tracing setup,,Execution,Security Compliance Audit,high,demo3,On Track,2026-03-10,3,2025-12-11T12:00:00+00:00,demo3,2025-12-28T12:00:00+00:00,3,2025-12-11T12:00:00+00:00||Planning|demo3; 2025-12-20T12:00:00+00:00|Planning|Kickoff|demo4; 2025-12-28T12:00:00+00:00|Kickoff|Execution|demo5,Green,45,142500,2026-06-10,Engineering; Change mgmt,false,Lucas Ferreira,Jonas Berg,2026-05-16,430000
57,Beta release to 500 internal testers,,Execution,Customer Portal v2,high,,"At Risk, Blocked",2026-02-19,3,2025-12-24T12:00:00+00:00,demo5,2026-01-20T12:00:00+00:00,3,2025-12-24T12:00:00+00:00||Planning|demo5; 2026-01-05T12:00:00+00:00|Planning|Kickoff|demo1; 2026-01-20T12:00:00+00:00|Kickoff|Execution|demo2,Red,45,212500,2026-06-13,Engineering,false,Nadia Haddad,Isabel Ortiz,2026-06-06,520000
58,Equipment inventory tracking integration,Customer Portal v2 workstream task. Raise blockers as comments so the sponsor sees them.,Execution,Customer Portal v2,medium,,,,5,2026-01-18T12:00:00+00:00,demo5,2026-02-05T12:00:00+00:00,5,2026-01-18T12:00:00+00:00||Planning|demo5; 2026-01-22T12:00:00+00:00|Planning|Kickoff|demo1; 2026-01-26T12:00:00+00:00|Kickoff|Planning|demo2; 2026-02-02T12:00:00+00:00|Planning|Kickoff|demo3; 2026-02-05T12:00:00+00:00|Kickoff|Execution|demo4,Green,45,185000,,Legal,false,Nadia Haddad,Isabel Ortiz,2026-06-06,520000
59,VPN to cloud interconnect setup,,Execution,GDPR Deletion Pipeline,high,demo2,,2026-03-27,3,2026-01-06T12:00:00+00:00,demo2,2026-02-08T12:00:00+00:00,5,2026-01-06T12:00:00+00:00||Planning|demo2; 2026-01-17T12:00:00+00:00|Planning|Kickoff|demo3; 2026-01-24T12:00:00+00:00|Kickoff|Planning|demo4; 2026-02-02T12:00:00+00:00|Planning|Kickoff|demo5; 2026-02-08T12:00:00+00:00|Kickoff|Execution|demo1,Green,45,112500,2026-05-18,Engineering; Legal,false,Owen Gallagher,Avery Brooks,2026-06-27,610000
60,Performance profiling — cold start under 2s,,Execution,Infrastructure Modernization,medium,demo4,"Milestone, At Risk",2026-03-30,8,2025-12-16T12:00:00+00:00,demo4,2026-01-08T12:00:00+00:00,5,2025-12-16T12:00:00+00:00||Planning|demo4; 2025-12-23T12:00:00+00:00|Planning|Kickoff|demo5; 2025-12-31T12:00:00+00:00|Kickoff|Planning|demo1; 2026-01-06T12:00:00+00:00|Planning|Kickoff|demo2; 2026-01-08T12:00:00+00:00|Kickoff|Execution|demo3,Amber,45,,2026-03-11,Design; Legal,false,Sofia Marino,Priya Raman,2026-07-18,700000
61,Load testing — 10k RPS sustained throughput,Infrastructure Modernization workstream task. Raise blockers as comments so the sponsor sees them.,Execution,Infrastructure Modernization,medium,demo4,Dependency,2026-03-05,5,2026-02-11T12:00:00+00:00,demo4,2026-03-02T12:00:00+00:00,5,2026-02-11T12:00:00+00:00||Planning|demo4; 2026-02-18T12:00:00+00:00|Planning|Kickoff|demo5; 2026-02-22T12:00:00+00:00|Kickoff|Planning|demo1; 2026-02-26T12:00:00+00:00|Planning|Kickoff|demo2; 2026-03-02T12:00:00+00:00|Kickoff|Execution|demo3,Green,45,30000,2026-04-19,Engineering,false,Sofia Marino,Priya Raman,2026-07-18,700000
62,Snowflake role-based access control setup,,Execution,Brand Redesign,medium,demo1,Milestone,,3,2026-01-22T12:00:00+00:00,demo1,2026-02-11T12:00:00+00:00,3,2026-01-22T12:00:00+00:00||Planning|demo1; 2026-02-04T12:00:00+00:00|Planning|Kickoff|demo2; 2026-02-11T12:00:00+00:00|Kickoff|Execution|demo3,Green,45,,2026-05-20,Legal,true,Tariq Aziz,Marcus Hale,2026-08-08,790000
63,New hire welcome kit — swag order automation,Deliverable for Brand Redesign. RAG status is reviewed at the weekly steering meeting.,Execution,Brand Redesign,high,demo1,"On Track, Blocked",2026-04-28,5,2026-01-17T12:00:00+00:00,demo1,2026-02-01T12:00:00+00:00,3,2026-01-17T12:00:00+00:00||Planning|demo1; 2026-01-23T12:00:00+00:00|Planning|Kickoff|demo2; 2026-02-01T12:00:00+00:00|Kickoff|Execution|demo3,Red,45,225000,2026-04-25,Engineering; Vendor,true,Tariq Aziz,Marcus Hale,2026-08-08,790000
64,Canary deployment strategy for gateway rollout,,Execution,Brand Redesign,medium,demo1,Blocked,2026-02-17,6,2026-02-05T12:00:00+00:00,demo1,2026-02-17T12:00:00+00:00,3,2026-02-05T12:00:00+00:00||Planning|demo1; 2026-02-14T12:00:00+00:00|Planning|Kickoff|demo2; 2026-02-17T12:00:00+00:00|Kickoff|Execution|demo3,Red,45,147500,2026-03-10,Engineering; Design,false,Tariq Aziz,Marcus Hale,2026-08-08,790000
65,Cost monitoring dashboard for Snowflake credits,Vendor Management System workstream task. Raise blockers as comments so the sponsor sees them.,Execution,Vendor Management System,low,demo3,"Blocked, Dependency",2026-02-19,5,2026-01-24T12:00:00+00:00,demo3,2026-02-18T12:00:00+00:00,5,2026-01-24T12:00:00+00:00||Planning|demo3; 2026-02-02T12:00:00+00:00|Planning|Kickoff|demo4; 2026-02-04T12:00:00+00:00|Kickoff|Planning|demo5; 2026-02-11T12:00:00+00:00|Planning|Kickoff|demo1; 2026-02-18T12:00:00+00:00|Kickoff|Execution|demo2,Red,45,,2026-06-10,Vendor; Change mgmt,true,Mei Lin,Elena Petrova,2026-08-29,880000
66,90-day SLA timer and escalation alerts,,Execution,Vendor Management System,medium,demo3,"On Track, Blocked",2026-03-09,1,2026-01-30T12:00:00+00:00,demo3,2026-02-13T12:00:00+00:00,3,2026-01-30T12:00:00+00:00||Planning|demo3; 2026-02-11T12:00:00+00:00|Planning|Kickoff|demo4; 2026-02-13T12:00:00+00:00|Kickoff|Execution|demo5,Red,45,177500,2026-03-17,Design; Legal,false,Mei Lin,Elena Petrova,2026-08-29,880000
67,Marketing site redesign — homepage wireframes,Vendor Management System workstream task. Raise blockers as comments so the sponsor sees them.,Execution,Vendor Management System,low,demo3,,2026-04-12,8,2026-02-01T12:00:00+00:00,demo3,2026-02-24T12:00:00+00:00,5,2026-02-01T12:00:00+00:00||Planning|demo3; 2026-02-11T12:00:00+00:00|Planning|Kickoff|demo4; 2026-02-15T12:00:00+00:00|Kickoff|Planning|demo5; 2026-02-20T12:00:00+00:00|Planning|Kickoff|demo1; 2026-02-24T12:00:00+00:00|Kickoff|Execution|demo2,Green,45,77500,2026-03-13,Vendor,false,Mei Lin,Elena Petrova,2026-08-29,880000
68,IT provisioning automation — laptop and accounts,,Execution,Vendor Management System,high,demo3,Blocked,,3,2026-01-20T12:00:00+00:00,demo3,2026-02-09T12:00:00+00:00,3,2026-01-20T12:00:00+00:00||Planning|demo3; 2026-01-31T12:00:00+00:00|Planning|Kickoff|demo4; 2026-02-09T12:00:00+00:00|Kickoff|Execution|demo5,Red,45,190000,2026-04-24,Design; Change mgmt,true,Mei Lin,Elena Petrova,2026-08-29,880000
69,Manager onboarding dashboard — progress view,Vendor Management System workstream task. Raise blockers as comments so the sponsor sees them.,Execution,Vendor Management System,urgent,demo3,At Risk,2026-03-29,7,2026-01-29T12:00:00+00:00,demo3,2026-02-14T12:00:00+00:00,3,2026-01-29T12:00:00+00:00||Planning|demo3; 2026-02-05T12:00:00+00:00|Planning|Kickoff|demo4; 2026-02-14T12:00:00+00:00|Kickoff|Execution|demo5,Amber,45,247500,2026-03-17,Legal,false,Mei Lin,Elena Petrova,2026-08-29,880000
70,SOC 2 evidence package assembly,Employee Onboarding Platform workstream task. Raise blockers as comments so the sponsor sees them.,Execution,Employee Onboarding Platform,urgent,,Milestone,,7,2026-01-27T12:00:00+00:00,demo5,2026-02-15T12:00:00+00:00,5,2026-01-27T12:00:00+00:00||Planning|demo5; 2026-02-01T12:00:00+00:00|Planning|Kickoff|demo1; 2026-02-05T12:00:00+00:00|Kickoff|Planning|demo2; 2026-02-11T12:00:00+00:00|Planning|Kickoff|demo3; 2026-02-15T12:00:00+00:00|Kickoff|Execution|demo4,Green,45,,2026-05-08,Legal; Change mgmt,false,Jonas Berg,Kwame Mensah,2026-09-19,970000
71,Deletion request intake API,Deliverable for Employee Onboarding Platform. RAG status is reviewed at the weekly steering meeting.,Execution,Employee Onboarding Platform,medium,,"Blocked, On Track",,3,2025-12-17T12:00:00+00:00,demo5,2026-01-24T12:00:00+00:00,5,2025-12-17T12:00:00+00:00||Planning|demo5; 2025-12-24T12:00:00+00:00|Planning|Kickoff|demo1; 2026-01-06T12:00:00+00:00|Kickoff|Planning|demo2; 2026-01-11T12:00:00+00:00|Planning|Kickoff|demo3; 2026-01-24T12:00:00+00:00|Kickoff|Execution|demo4,Red,45,,,Vendor; Change mgmt,true,Jonas Berg,Kwame Mensah,2026-09-19,970000
72,DNS cutover plan — zero-downtime,Deliverable for Employee Onboarding Platform. RAG status is reviewed at the weekly steering meeting.,Execution,Employee Onboarding Platform,low,,"At Risk, On Track",2026-02-28,2,2026-02-11T12:00:00+00:00,demo5,2026-02-24T12:00:00+00:00,3,2026-02-11T12:00:00+00:00||Planning|demo5; 2026-02-17T12:00:00+00:00|Planning|Kickoff|demo1; 2026-02-24T12:00:00+00:00|Kickoff|Execution|demo2,Amber,45,37500,2026-03-30,Design; Change mgmt,false,Jonas Berg,Kwame Mensah,2026-09-19,970000
73,Analytics SDK integration — Mixpanel events,API Gateway Overhaul workstream task. Raise blockers as comments so the sponsor sees them.,Execution,API Gateway Overhaul,medium,demo2,,2026-02-27,6,2026-02-03T12:00:00+00:00,demo2,2026-02-17T12:00:00+00:00,3,2026-02-03T12:00:00+00:00||Planning|demo2; 2026-02-10T12:00:00+00:00|Planning|Kickoff|demo3; 2026-02-17T12:00:00+00:00|Kickoff|Execution|demo4,Green,45,92500,2026-05-02,Design,false,Isabel Ortiz,Hana Kobayashi,2026-10-10,1060000
74,SSO deep-link for portal (SAML assertions),Deliverable for API Gateway Overhaul. RAG status is reviewed at the weekly steering meeting.,Execution,API Gateway Overhaul,urgent,demo2,"Milestone, On Track",2026-03-02,5,2026-01-25T12:00:00+00:00,demo2,2026-02-17T12:00:00+00:00,5,2026-01-25T12:00:00+00:00||Planning|demo2; 2026-02-01T12:00:00+00:00|Planning|Kickoff|demo3; 2026-02-06T12:00:00+00:00|Kickoff|Planning|demo4; 2026-02-11T12:00:00+00:00|Planning|Kickoff|demo5; 2026-02-17T12:00:00+00:00|Kickoff|Execution|demo1,Green,45,60000,2026-03-30,Design,false,Isabel Ortiz,Hana Kobayashi,2026-10-10,1060000
75,Cross-service deletion orchestrator,API Gateway Overhaul workstream task. Raise blockers as comments so the sponsor sees them.,Execution,API Gateway Overhaul,urgent,demo2,"Blocked, On Track",2026-03-01,8,2026-02-05T12:00:00+00:00,demo2,2026-02-16T12:00:00+00:00,3,2026-02-05T12:00:00+00:00||Planning|demo2; 2026-02-14T12:00:00+00:00|Planning|Kickoff|demo3; 2026-02-16T12:00:00+00:00|Kickoff|Execution|demo4,Red,45,,2026-04-07,Legal; Change mgmt,false,Isabel Ortiz,Hana Kobayashi,2026-10-10,1060000
76,Monitoring and alerting — latency SLOs,,Execution,API Gateway Overhaul,medium,demo2,On Track,2026-04-09,8,2025-12-15T12:00:00+00:00,demo2,2026-01-15T12:00:00+00:00,3,2025-12-15T12:00:00+00:00||Planning|demo2; 2026-01-07T12:00:00+00:00|Planning|Kickoff|demo3; 2026-01-15T12:00:00+00:00|Kickoff|Execution|demo4,Green,45,,2026-04-14,Engineering,false,Isabel Ortiz,Hana Kobayashi,2026-10-10,1060000
77,Migration runbook and rollback procedure,Mobile App Relaunch workstream task. Raise blockers as comments so the sponsor sees them.,Milestone Review,Mobile App Relaunch,medium,demo4,"Blocked, Milestone",2026-04-11,2,2025-12-26T12:00:00+00:00,demo4,2026-01-23T12:00:00+00:00,3,2025-12-26T12:00:00+00:00||Planning|demo4; 2026-01-18T12:00:00+00:00|Planning|Kickoff|demo5; 2026-01-23T12:00:00+00:00|Kickoff|Milestone Review|demo1,Red,67,,2026-04-28,Legal,false,Kwame Mensah,Tariq Aziz,2026-04-04,250000
78,Deletion audit report — per-request evidence,Deliverable for Mobile App Relaunch. RAG status is reviewed at the weekly steering meeting.,Milestone Review,Mobile App Relaunch,medium,demo4,Blocked,2026-04-25,1,2026-01-18T12:00:00+00:00,demo4,2026-02-05T12:00:00+00:00,3,2026-01-18T12:00:00+00:00||Planning|demo4; 2026-01-26T12:00:00+00:00|Planning|Kickoff|demo5; 2026-02-05T12:00:00+00:00|Kickoff|Milestone Review|demo1,Red,67,,2026-03-19,Engineering,false,Kwame Mensah,Tariq Aziz,2026-04-04,250000
79,Legacy service decommission plan,,Milestone Review,Mobile App Relaunch,low,demo4,At Risk,2026-02-16,1,2026-01-03T12:00:00+00:00,demo4,2026-02-04T12:00:00+00:00,4,2026-01-03T12:00:00+00:00||Planning|demo4; 2026-01-15T12:00:00+00:00|Planning|Kickoff|demo5; 2026-01-25T12:00:00+00:00|Kickoff|Execution|demo1; 2026-02-04T12:00:00+00:00|Execution|Milestone Review|demo2,Amber,67,225000,,Engineering,false,Kwame Mensah,Tariq Aziz,2026-04-04,250000
80,Internal brand launch — all-hands presentation,,Milestone Review,Mobile App Relaunch,urgent,demo4,Dependency,,7,2026-01-25T12:00:00+00:00,demo4,2026-02-14T12:00:00+00:00,4,2026-01-25T12:00:00+00:00||Planning|demo4; 2026-01-31T12:00:00+00:00|Planning|Kickoff|demo5; 2026-02-09T12:00:00+00:00|Kickoff|Execution|demo1; 2026-02-14T12:00:00+00:00|Execution|Milestone Review|demo2,Green,67,10000,2026-04-14,Engineering,false,Kwame Mensah,Tariq Aziz,2026-04-04,250000
81,Integration with accounting system — AP sync,,Milestone Review,Data Platform Migration,medium,demo1,"Blocked, At Risk",2026-02-16,4,2026-02-11T12:00:00+00:00,demo1,2026-03-01T12:00:00+00:00,3,2026-02-11T12:00:00+00:00||Planning|demo1; 2026-02-21T12:00:00+00:00|Planning|Kickoff|demo2; 2026-03-01T12:00:00+00:00|Kickoff|Milestone Review|demo3,Red,67,,2026-03-13,Legal; Change mgmt,true,Hana Kobayashi,Mei Lin,2026-04-25,340000
82,Buddy program matching algorithm,Deliverable for Data Platform Migration. RAG status is reviewed at the weekly steering meeting.,Milestone Review,Data Platform Migration,high,demo1,,,1,2026-01-25T12:00:00+00:00,demo1,2026-02-26T12:00:00+00:00,6,2026-01-25T12:00:00+00:00||Planning|demo1; 2026-02-04T12:00:00+00:00|Planning|Kickoff|demo2; 2026-02-09T12:00:00+00:00|Kickoff|Planning|demo3; 2026-02-16T12:00:00+00:00|Planning|Kickoff|demo4; 2026-02-23T12:00:00+00:00|Kickoff|Execution|demo5; 2026-02-26T12:00:00+00:00|Execution|Milestone Review|demo1,Green,67,160000,2026-05-13,Design; Vendor,false,Hana Kobayashi,Mei Lin,2026-04-25,340000
83,Business continuity plan — annual update,,Milestone Review,Security Compliance Audit,high,demo3,"On Track, Milestone",2026-02-15,1,2026-01-26T12:00:00+00:00,demo3,2026-02-13T12:00:00+00:00,4,2026-01-26T12:00:00+00:00||Planning|demo3; 2026-02-06T12:00:00+00:00|Planning|Kickoff|demo4; 2026-02-11T12:00:00+00:00|Kickoff|Execution|demo5; 2026-02-13T12:00:00+00:00|Execution|Milestone Review|demo1,Green,67,145000,2026-03-07,Engineering; Vendor,false,Lucas Ferreira,Jonas Berg,2026-05-16,430000
84,Brand audit — competitive positioning analysis,,Milestone Review,Security Compliance Audit,medium,demo3,Milestone,2026-04-29,5,2026-01-17T12:00:00+00:00,demo3,2026-02-03T12:00:00+00:00,4,2026-01-17T12:00:00+00:00||Planning|demo3; 2026-01-28T12:00:00+00:00|Planning|Kickoff|demo4; 2026-01-31T12:00:00+00:00|Kickoff|Execution|demo5; 2026-02-03T12:00:00+00:00|Execution|Milestone Review|demo1,Green,67,82500,2026-03-07,Legal,false,Lucas Ferreira,Jonas Berg,2026-05-16,430000
85,Archive cold data to S3 Glacier,,Milestone Review,Customer Portal v2,medium,,At Risk,2026-04-03,7,2025-12-19T12:00:00+00:00,demo5,2026-01-11T12:00:00+00:00,4,2025-12-19T12:00:00+00:00||Planning|demo5; 2025-12-26T12:00:00+00:00|Planning|Kickoff|demo1; 2026-01-01T12:00:00+00:00|Kickoff|Execution|demo2; 2026-01-11T12:00:00+00:00|Execution|Milestone Review|demo3,Amber,67,117500,2026-04-01,Engineering,false,Nadia Haddad,Isabel Ortiz,2026-06-06,520000
86,Third-party code audit — open-source components,,Milestone Review,Customer Portal v2,high,,At Risk,,2,2026-01-17T12:00:00+00:00,demo5,2026-02-08T12:00:00+00:00,4,2026-01-17T12:00:00+00:00||Planning|demo5; 2026-01-31T12:00:00+00:00|Planning|Kickoff|demo1; 2026-02-02T12:00:00+00:00|Kickoff|Execution|demo2; 2026-02-08T12:00:00+00:00|Execution|Milestone Review|demo3,Amber,67,210000,2026-05-06,Engineering; Design,false,Nadia Haddad,Isabel Ortiz,2026-06-06,520000
87,Database migration — on-prem PostgreSQL to RDS,Deliverable for Customer Portal v2. RAG status is reviewed at the weekly steering meeting.,Milestone Review,Customer Portal v2,low,,At Risk,,7,2026-01-24T12:00:00+00:00,demo5,2026-02-21T12:00:00+00:00,6,2026-01-24T12:00:00+00:00||Planning|demo5; 2026-02-05T12:00:00+00:00|Planning|Kickoff|demo1; 2026-02-09T12:00:00+00:00|Kickoff|Execution|demo2; 2026-02-12T12:00:00+00:00|Execution|Kickoff|demo3; 2026-02-16T12:00:00+00:00|Kickoff|Execution|demo4; 2026-02-21T12:00:00+00:00|Execution|Milestone Review|demo5,Amber,67,,2026-04-24,Vendor,false,Nadia Haddad,Isabel Ortiz,2026-06-06,520000
88,Circuit breaker configuration for upstream services,Customer Portal v2 workstream task. Raise blockers as comments so the sponsor sees them.,Milestone Review,Customer Portal v2,medium,,"Dependency, On Track",2026-03-02,1,2026-01-29T12:00:00+00:00,demo5,2026-02-22T12:00:00+00:00,4,2026-01-29T12:00:00+00:00||Planning|demo5; 2026-02-09T12:00:00+00:00|Planning|Kickoff|demo1; 2026-02-17T12:00:00+00:00|Kickoff|Execution|demo2; 2026-02-22T12:00:00+00:00|Execution|Milestone Review|demo3,Green,67,135000,2026-05-30,Legal,false,Nadia Haddad,Isabel Ortiz,2026-06-06,520000
89,App store submission and release notes,,Milestone Review,GDPR Deletion Pipeline,high,demo2,"On Track, At Risk",2026-04-05,8,2026-01-09T12:00:00+00:00,demo2,2026-02-17T12:00:00+00:00,6,2026-01-09T12:00:00+00:00||Planning|demo2; 2026-01-18T12:00:00+00:00|Planning|Kickoff|demo3; 2026-01-26T12:00:00+00:00|Kickoff|Execution|demo4; 2026-01-31T12:00:00+00:00|Execution|Kickoff|demo5; 2026-02-08T12:00:00+00:00|Kickoff|Execution|demo1; 2026-02-17T12:00:00+00:00|Execution|Milestone Review|demo2,Amber,67,47500,2026-05-13,Legal,false,Owen Gallagher,Avery Brooks,2026-06-27,610000
90,Multi-factor authentication enrollment push,Deliverable for GDPR Deletion Pipeline. RAG status is reviewed at the weekly steering meeting.,Milestone Review,GDPR Deletion Pipeline,medium,demo2,"Blocked, On Track",,5,2025-12-29T12:00:00+00:00,demo2,2026-01-27T12:00:00+00:00,4,2025-12-29T12:00:00+00:00||Planning|demo2; 2026-01-12T12:00:00+00:00|Planning|Kickoff|demo3; 2026-01-23T12:00:00+00:00|Kickoff|Execution|demo4; 2026-01-27T12:00:00+00:00|Execution|Milestone Review|demo5,Red,67,10000,2026-03-12,Legal,true,Owen Gallagher,Avery Brooks,2026-06-27,610000
91,Budget vs actuals report — quarterly,,Milestone Review,GDPR Deletion Pipeline,medium,demo2,At Risk,2026-02-21,5,2025-12-13T12:00:00+00:00,demo2,2026-01-24T12:00:00+00:00,6,2025-12-13T12:00:00+00:00||Planning|demo2; 2025-12-28T12:00:00+00:00|Planning|Kickoff|demo3; 2025-12-31T12:00:00+00:00|Kickoff|Execution|demo4; 2026-01-11T12:00:00+00:00|Execution|Kickoff|demo5; 2026-01-14T12:00:00+00:00|Kickoff|Execution|demo1; 2026-01-24T12:00:00+00:00|Execution|Milestone Review|demo2,Amber,67,245000,,Legal; Change mgmt,false,Owen Gallagher,Avery Brooks,2026-06-27,610000
92,Benefits enrollment walkthrough flow,Deliverable for GDPR Deletion Pipeline. RAG status is reviewed at the weekly steering meeting.,Milestone Review,GDPR Deletion Pipeline,medium,demo2,At Risk,2026-02-15,3,2026-01-03T12:00:00+00:00,demo2,2026-01-28T12:00:00+00:00,4,2026-01-03T12:00:00+00:00||Planning|demo2; 2026-01-18T12:00:00+00:00|Planning|Kickoff|demo3; 2026-01-23T12:00:00+00:00|Kickoff|Execution|demo4; 2026-01-28T12:00:00+00:00|Execution|Milestone Review|demo5,Amber,67,,,Vendor; Change mgmt,false,Owen Gallagher,Avery Brooks,2026-06-27,610000
93,Email service — unsubscribe and purge flow,Deliverable for Infrastructure Modernization. RAG status is reviewed at the weekly steering meeting.,Milestone Review,Infrastructure Modernization,urgent,demo4,"At Risk, Milestone",,6,2025-12-17T12:00:00+00:00,demo4,2026-02-01T12:00:00+00:00,4,2025-12-17T12:00:00+00:00||Planning|demo4; 2026-01-05T12:00:00+00:00|Planning|Kickoff|demo5; 2026-01-15T12:00:00+00:00|Kickoff|Execution|demo1; 2026-02-01T12:00:00+00:00|Execution|Milestone Review|demo2,Amber,67,210000,2026-04-20,Engineering; Design,true,Sofia Marino,Priya Raman,2026-07-18,700000
94,CI/CD pipeline migration to GitHub Actions,,Milestone Review,Infrastructure Modernization,high,demo4,"Dependency, At Risk",2026-04-03,3,2025-12-21T12:00:00+00:00,demo4,2026-01-19T12:00:00+00:00,4,2025-12-21T12:00:00+00:00||Planning|demo4; 2025-12-28T12:00:00+00:00|Planning|Kickoff|demo5; 2026-01-11T12:00:00+00:00|Kickoff|Execution|demo1; 2026-01-19T12:00:00+00:00|Execution|Milestone Review|demo2,Amber,67,,2026-05-19,Engineering; Change mgmt,false,Sofia Marino,Priya Raman,2026-07-18,700000
95,Color palette definition — primary and extended,,Milestone Review,Infrastructure Modernization,high,demo4,"Blocked, Dependency",,7,2026-02-08T12:00:00+00:00,demo4,2026-03-04T12:00:00+00:00,4,2026-02-08T12:00:00+00:00||Planning|demo4; 2026-02-20T12:00:00+00:00|Planning|Kickoff|demo5; 2026-02-27T12:00:00+00:00|Kickoff|Execution|demo1; 2026-03-04T12:00:00+00:00|Execution|Milestone Review|demo2,Red,67,,2026-03-24,Design,true,Sofia Marino,Priya Raman,2026-07-18,700000
96,Incident response plan — tabletop exercise,,Milestone Review,Brand Redesign,medium,demo1,Dependency,,5,2026-01-18T12:00:00+00:00,demo1,2026-02-17T12:00:00+00:00,6,2026-01-18T12:00:00+00:00||Planning|demo1; 2026-01-25T12:00:00+00:00|Planning|Kickoff|demo2; 2026-02-01T12:00:00+00:00|Kickoff|Execution|demo3; 2026-02-06T12:00:00+00:00|Execution|Kickoff|demo4; 2026-02-14T12:00:00+00:00|Kickoff|Execution|demo5; 2026-02-17T12:00:00+00:00|Execution|Milestone Review|demo1,Green,67,202500,2026-03-14,Legal,false,Tariq Aziz,Marcus Hale,2026-08-08,790000
97,Secret management — migrate to Vault,Brand Redesign workstream task. Raise blockers as comments so the sponsor sees them.,Milestone Review,Brand Redesign,urgent,demo1,,2026-03-18,3,2026-02-06T12:00:00+00:00,demo1,2026-02-25T12:00:00+00:00,4,2026-02-06T12:00:00+00:00||Planning|demo1; 2026-02-17T12:00:00+00:00|Planning|Kickoff|demo2; 2026-02-20T12:00:00+00:00|Kickoff|Execution|demo3; 2026-02-25T12:00:00+00:00|Execution|Milestone Review|demo4,Green,67,162500,2026-03-21,Engineering; Change mgmt,false,Tariq Aziz,Marcus Hale,2026-08-08,790000
98,White-label portal theming for enterprise,,Milestone Review,Vendor Management System,medium,demo3,Blocked,,6,2026-01-12T12:00:00+00:00,demo3,2026-02-06T12:00:00+00:00,4,2026-01-12T12:00:00+00:00||Planning|demo3; 2026-01-27T12:00:00+00:00|Planning|Kickoff|demo4; 2026-02-01T12:00:00+00:00|Kickoff|Execution|demo5; 2026-02-06T12:00:00+00:00|Execution|Milestone Review|demo1,Red,67,227500,,Vendor,true,Mei Lin,Elena Petrova,2026-08-29,880000
99,Offline mode — sync queue architecture,,Milestone Review,Employee Onboarding Platform,medium,,Dependency,,1,2025-12-23T12:00:00+00:00,demo5,2026-01-19T12:00:00+00:00,3,2025-12-23T12:00:00+00:00||Planning|demo5; 2026-01-01T12:00:00+00:00|Planning|Execution|demo1; 2026-01-19T12:00:00+00:00|Execution|Milestone Review|demo2,Green,67,40000,2026-03-27,Design; Vendor,true,Jonas Berg,Kwame Mensah,2026-09-19,970000
100,DPA-facing deletion status dashboard,,Milestone Review,Employee Onboarding Platform,medium,,,2026-03-30,6,2026-01-04T12:00:00+00:00,demo5,2026-01-26T12:00:00+00:00,4,2026-01-04T12:00:00+00:00||Planning|demo5; 2026-01-18T12:00:00+00:00|Planning|Kickoff|demo1; 2026-01-22T12:00:00+00:00|Kickoff|Execution|demo2; 2026-01-26T12:00:00+00:00|Execution|Milestone Review|demo3,Green,67,115000,2026-05-09,Design; Legal,true,Jonas Berg,Kwame Mensah,2026-09-19,970000
101,Automated renewal reminders — 60-day notice,Employee Onboarding Platform workstream task. Raise blockers as comments so the sponsor sees them.,Milestone Review,Employee Onboarding Platform,medium,,,2026-03-07,5,2026-01-17T12:00:00+00:00,demo5,2026-02-05T12:00:00+00:00,3,2026-01-17T12:00:00+00:00||Planning|demo5; 2026-01-29T12:00:00+00:00|Planning|Kickoff|demo1; 2026-02-05T12:00:00+00:00|Kickoff|Milestone Review|demo2,Green,67,140000,2026-06-22,Legal,false,Jonas Berg,Kwame Mensah,2026-09-19,970000
102,HR paperwork — e-signature integration,,Milestone Review,Employee Onboarding Platform,high,,"Milestone, Dependency",,6,2025-12-18T12:00:00+00:00,demo5,2026-01-13T12:00:00+00:00,4,2025-12-18T12:00:00+00:00||Planning|demo5; 2026-01-02T12:00:00+00:00|Planning|Kickoff|demo1; 2026-01-06T12:00:00+00:00|Kickoff|Execution|demo2; 2026-01-13T12:00:00+00:00|Execution|Milestone Review|demo3,Green,67,,,Engineering; Change mgmt,false,Jonas Berg,Kwame Mensah,2026-09-19,970000
103,Developer portal — API key self-service,Employee Onboarding Platform workstream task. Raise blockers as comments so the sponsor sees them.,Milestone Review,Employee Onboarding Platform,low,,Dependency,2026-02-22,7,2026-01-22T12:00:00+00:00,demo5,2026-02-12T12:00:00+00:00,4,2026-01-22T12:00:00+00:00||Planning|demo5; 2026-02-04T12:00:00+00:00|Planning|Kickoff|demo1; 2026-02-08T12:00:00+00:00|Kickoff|Execution|demo2; 2026-02-12T12:00:00+00:00|Execution|Milestone Review|demo3,Green,67,,2026-06-03,Legal,false,Jonas Berg,Kwame Mensah,2026-09-19,970000
104,Social media kit — templates and guidelines,,Milestone Review,API Gateway Overhaul,high,demo2,On Track,,1,2025-12-15T12:00:00+00:00,demo2,2026-01-09T12:00:00+00:00,3,2025-12-15T12:00:00+00:00||Planning|demo2; 2026-01-03T12:00:00+00:00|Planning|Execution|demo3; 2026-01-09T12:00:00+00:00|Execution|Milestone Review|demo4,Green,67,55000,2026-06-02,Design; Vendor,false,Isabel Ortiz,Hana Kobayashi,2026-10-10,1060000
105,Team introduction scheduling — calendar sync,API Gateway Overhaul workstream task. Raise blockers as comments so the sponsor sees them.,Milestone Review,API Gateway Overhaul,high,demo2,"At Risk, Blocked",,4,2026-01-01T12:00:00+00:00,demo2,2026-01-27T12:00:00+00:00,4,2026-01-01T12:00:00+00:00||Planning|demo2; 2026-01-08T12:00:00+00:00|Planning|Kickoff|demo3; 2026-01-16T12:00:00+00:00|Kickoff|Execution|demo4; 2026-01-27T12:00:00+00:00|Execution|Milestone Review|demo5,Red,67,100000,,Legal,false,Isabel Ortiz,Hana Kobayashi,2026-10-10,1060000
106,Knowledge base search integration,,Wrap-up,Mobile App Relaunch,high,demo4,,,5,2026-02-12T12:00:00+00:00,demo4,2026-03-01T12:00:00+00:00,5,2026-02-12T12:00:00+00:00||Planning|demo4; 2026-02-18T12:00:00+00:00|Planning|Kickoff|demo5; 2026-02-22T12:00:00+00:00|Kickoff|Execution|demo1; 2026-02-24T12:00:00+00:00|Execution|Milestone Review|demo2; 2026-03-01T12:00:00+00:00|Milestone Review|Wrap-up|demo3,Green,90,,2026-04-05,Engineering; Legal,false,Kwame Mensah,Tariq Aziz,2026-04-04,250000
107,Suppression list for marketing after deletion,Deliverable for Data Platform Migration. RAG status is reviewed at the weekly steering meeting.,Wrap-up,Data Platform Migration,medium,demo1,Blocked,,4,2026-02-07T12:00:00+00:00,demo1,2026-02-24T12:00:00+00:00,7,2026-02-07T12:00:00+00:00||Planning|demo1; 2026-02-11T12:00:00+00:00|Planning|Kickoff|demo2; 2026-02-14T12:00:00+00:00|Kickoff|Execution|demo3; 2026-02-16T12:00:00+00:00|Execution|Milestone Review|demo4; 2026-02-19T12:00:00+00:00|Milestone Review|Execution|demo5; 2026-02-21T12:00:00+00:00|Execution|Milestone Review|demo1; 2026-02-24T12:00:00+00:00|Milestone Review|Wrap-up|demo2,Red,90,205000,2026-05-08,Design; Change mgmt,false,Hana Kobayashi,Mei Lin,2026-04-25,340000
108,Schema mapping: Redshift to Snowflake,Deliverable for Security Compliance Audit. RAG status is reviewed at the weekly steering meeting.,Wrap-up,Security Compliance Audit,high,demo3,"Milestone, Blocked",2026-03-09,5,2026-01-14T12:00:00+00:00,demo3,2026-02-03T12:00:00+00:00,4,2026-01-14T12:00:00+00:00||Planning|demo3; 2026-01-24T12:00:00+00:00|Planning|Kickoff|demo4; 2026-01-28T12:00:00+00:00|Kickoff|Execution|demo5; 2026-02-03T12:00:00+00:00|Execution|Wrap-up|demo1,Red,90,77500,,Engineering; Legal,false,Lucas Ferreira,Jonas Berg,2026-05-16,430000
109,Snowflake Streams for real-time CDC,,Wrap-up,Security Compliance Audit,low,demo3,"At Risk, Blocked",2026-04-21,1,2025-12-25T12:00:00+00:00,demo3,2026-02-03T12:00:00+00:00,5,2025-12-25T12:00:00+00:00||Planning|demo3; 2026-01-03T12:00:00+00:00|Planning|Kickoff|demo4; 2026-01-11T12:00:00+00:00|Kickoff|Execution|demo5; 2026-01-24T12:00:00+00:00|Execution|Milestone Review|demo1; 2026-02-03T12:00:00+00:00|Milestone Review|Wrap-up|demo2,Red,90,240000,2026-03-17,Legal; Change mgmt,false,Lucas Ferreira,Jonas Berg,2026-05-16,430000
110,Vendor portal — self-service document upload,,Wrap-up,Security Compliance Audit,medium,demo3,"Blocked, Milestone",,3,2025-12-13T12:00:00+00:00,demo3,2026-01-14T12:00:00+00:00,5,2025-12-13T12:00:00+00:00||Planning|demo3; 2025-12-25T12:00:00+00:00|Planning|Kickoff|demo4; 2026-01-01T12:00:00+00:00|Kickoff|Execution|demo5; 2026-01-03T12:00:00+00:00|Execution|Milestone Review|demo1; 2026-01-14T12:00:00+00:00|Milestone Review|Wrap-up|demo2,Red,90,,2026-03-16,Design,true,Lucas Ferreira,Jonas Berg,2026-05-16,430000
111,API documentation portal — Swagger/OpenAPI,Deliverable for GDPR Deletion Pipeline. RAG status is reviewed at the weekly steering meeting.,Wrap-up,GDPR Deletion Pipeline,high,demo2,"At Risk, On Track",2026-04-20,5,2026-01-18T12:00:00+00:00,demo2,2026-02-18T12:00:00+00:00,5,2026-01-18T12:00:00+00:00||Planning|demo2; 2026-01-31T12:00:00+00:00|Planning|Kickoff|demo3; 2026-02-06T12:00:00+00:00|Kickoff|Execution|demo4; 2026-02-09T12:00:00+00:00|Execution|Milestone Review|demo5; 2026-02-18T12:00:00+00:00|Milestone Review|Wrap-up|demo1,Amber,90,,2026-03-21,Engineering,false,Owen Gallagher,Avery Brooks,2026-06-27,610000
112,Onboarding checklist builder — role-based templates,,Wrap-up,Brand Redesign,medium,demo1,"Milestone, Dependency",2026-04-14,6,2026-01-24T12:00:00+00:00,demo1,2026-02-19T12:00:00+00:00,5,2026-01-24T12:00:00+00:00||Planning|demo1; 2026-02-01T12:00:00+00:00|Planning|Kickoff|demo2; 2026-02-06T12:00:00+00:00|Kickoff|Execution|demo3; 2026-02-12T12:00:00+00:00|Execution|Milestone Review|demo4; 2026-02-19T12:00:00+00:00|Milestone Review|Wrap-up|demo5,Green,90,,2026-04-20,Engineering; Change mgmt,false,Tariq Aziz,Marcus Hale,2026-08-08,790000
113,Deep linking implementation for marketing URLs,Mobile App Relaunch workstream task. Raise blockers as comments so the sponsor sees them.,Retro,Mobile App Relaunch,high,demo4,"Blocked, Dependency",,1,2026-01-13T12:00:00+00:00,demo4,2026-02-11T12:00:00+00:00,5,2026-01-13T12:00:00+00:00||Planning|demo4; 2026-01-22T12:00:00+00:00|Planning|Kickoff|demo5; 2026-01-24T12:00:00+00:00|Kickoff|Execution|demo1; 2026-02-01T12:00:00+00:00|Execution|Milestone Review|demo2; 2026-02-11T12:00:00+00:00|Milestone Review|Retro|demo3,Red,100,235000,2026-05-04,Design; Change mgmt,false,Kwame Mensah,Tariq Aziz,2026-04-04,250000
114,Cloud readiness assessment — all services,,Retro,Mobile App Relaunch,urgent,demo4,"On Track, Milestone",,2,2025-12-19T12:00:00+00:00,demo4,2026-02-01T12:00:00+00:00,8,2025-12-19T12:00:00+00:00||Planning|demo4; 2025-12-25T12:00:00+00:00|Planning|Kickoff|demo5; 2025-12-30T12:00:00+00:00|Kickoff|Execution|demo1; 2026-01-04T12:00:00+00:00|Execution|Kickoff|demo2; 2026-01-10T12:00:00+00:00|Kickoff|Execution|demo3; 2026-01-16T12:00:00+00:00|Execution|Milestone Review|demo4; 2026-01-23T12:00:00+00:00|Milestone Review|Wrap-up|demo5; 2026-02-01T12:00:00+00:00|Wrap-up|Retro|demo1,Green,100,80000,2026-03-17,Design; Legal,false,Kwame Mensah,Tariq Aziz,2026-04-04,250000
115,Containerize legacy monolith services,Security Compliance Audit workstream task. Raise blockers as comments so the sponsor sees them.,Retro,Security Compliance Audit,medium,demo3,"On Track, Blocked",,8,2026-01-24T12:00:00+00:00,demo3,2026-02-20T12:00:00+00:00,5,2026-01-24T12:00:00+00:00||Planning|demo3; 2026-02-04T12:00:00+00:00|Planning|Kickoff|demo4; 2026-02-07T12:00:00+00:00|Kickoff|Execution|demo5; 2026-02-13T12:00:00+00:00|Execution|Milestone Review|demo1; 2026-02-20T12:00:00+00:00|Milestone Review|Retro|demo2,Red,100,177500,2026-04-13,Legal; Vendor,false,Lucas Ferreira,Jonas Berg,2026-05-16,430000
116,Vulnerability scanning — OWASP ZAP automated run,,Retro,Infrastructure Modernization,medium,demo4,"Blocked, Dependency",2026-03-26,3,2025-12-31T12:00:00+00:00,demo4,2026-02-11T12:00:00+00:00,6,2025-12-31T12:00:00+00:00||Planning|demo4; 2026-01-14T12:00:00+00:00|Planning|Kickoff|demo5; 2026-01-21T12:00:00+00:00|Kickoff|Execution|demo1; 2026-01-29T12:00:00+00:00|Execution|Milestone Review|demo2; 2026-02-07T12:00:00+00:00|Milestone Review|Wrap-up|demo3; 2026-02-11T12:00:00+00:00|Wrap-up|Retro|demo4,Red,100,,2026-05-25,Legal; Vendor,false,Sofia Marino,Priya Raman,2026-07-18,700000
117,Auth service — account deactivation handler,Deliverable for Brand Redesign. RAG status is reviewed at the weekly steering meeting.,Retro,Brand Redesign,urgent,demo1,Milestone,2026-04-11,2,2026-01-22T12:00:00+00:00,demo1,2026-02-23T12:00:00+00:00,8,2026-01-22T12:00:00+00:00||Planning|demo1; 2026-01-30T12:00:00+00:00|Planning|Kickoff|demo2; 2026-02-03T12:00:00+00:00|Kickoff|Execution|demo3; 2026-02-06T12:00:00+00:00|Execution|Milestone Review|demo4; 2026-02-10T12:00:00+00:00|Milestone Review|Wrap-up|demo5; 2026-02-14T12:00:00+00:00|Wrap-up|Milestone Review|demo1; 2026-02-18T12:00:00+00:00|Milestone Review|Wrap-up|demo2; 2026-02-23T12:00:00+00:00|Wrap-up|Retro|demo3,Green,100,,2026-05-24,Legal,false,Tariq Aziz,Marcus Hale,2026-08-08,790000
118,Push notification integration with Firebase,,Retro,Vendor Management System,medium,demo3,On Track,2026-04-19,2,2025-12-16T12:00:00+00:00,demo3,2026-02-03T12:00:00+00:00,6,2025-12-16T12:00:00+00:00||Planning|demo3; 2025-12-26T12:00:00+00:00|Planning|Kickoff|demo4; 2026-01-06T12:00:00+00:00|Kickoff|Execution|demo5; 2026-01-18T12:00:00+00:00|Execution|Milestone Review|demo1; 2026-01-26T12:00:00+00:00|Milestone Review|Wrap-up|demo2; 2026-02-03T12:00:00+00:00|Wrap-up|Retro|demo3,Green,100,157500,2026-04-11,Design; Legal,false,Mei Lin,Elena Petrova,2026-08-29,880000
119,Vendor risk assessments — top 10 vendors,Vendor Management System workstream task. Raise blockers as comments so the sponsor sees them.,Retro,Vendor Management System,high,demo3,,2026-04-02,5,2026-01-11T12:00:00+00:00,demo3,2026-02-27T12:00:00+00:00,9,2026-01-11T12:00:00+00:00||Planning|demo3; 2026-01-20T12:00:00+00:00|Planning|Kickoff|demo4; 2026-01-27T12:00:00+00:00|Kickoff|Execution|demo5; 2026-01-31T12:00:00+00:00|Execution|Milestone Review|demo1; 2026-02-06T12:00:00+00:00|Milestone Review|Wrap-up|demo2; 2026-02-10T12:00:00+00:00|Wrap-up|Milestone Review|demo3; 2026-02-16T12:00:00+00:00|Milestone Review|Wrap-up|demo4; 2026-02-18T12:00:00+00:00|Wrap-up|Retro|demo5; 2026-02-27T12:00:00+00:00|Retro|Retro|demo5,Green,100,122500,,Legal,false,Mei Lin,Elena Petrova,2026-08-29,880000
120,Legacy gateway traffic drain plan,Vendor Management System workstream task. Raise blockers as comments so the sponsor sees them.,Retro,Vendor Management System,high,demo3,Dependency,,1,2025-12-26T12:00:00+00:00,demo3,2026-01-21T12:00:00+00:00,6,2025-12-26T12:00:00+00:00||Planning|demo3; 2026-01-03T12:00:00+00:00|Planning|Kickoff|demo4; 2026-01-10T12:00:00+00:00|Kickoff|Execution|demo5; 2026-01-12T12:00:00+00:00|Execution|Milestone Review|demo1; 2026-01-16T12:00:00+00:00|Milestone Review|Wrap-up|demo2; 2026-01-21T12:00:00+00:00|Wrap-up|Retro|demo3,Green,100,120000,2026-06-06,Vendor; Change mgmt,false,Mei Lin,Elena Petrova,2026-08-29,880000
