Card ID,Title,Description,Column,Swimlane,Priority,Assignee,Labels,Due Date,Weight,Created At,Created By,Last Moved At,Movement Count,Movement History,Custom: Deal value,Custom: Forecast,Custom: Win probability,Custom: Expected close,Custom: Overlay products,Custom: Overlay engaged,Custom: Champion,Custom: Primary competitor,Custom: Next step,Custom: Services,Custom: CRM opportunity,Swimlane Custom: AD,Swimlane Custom: AE,Swimlane Custom: SA,Swimlane Custom: OAE,Swimlane Custom: OSA,Swimlane Custom: SVC,Swimlane Custom: Region,Swimlane Custom: Coverage,Swimlane Custom: Segment,Swimlane Custom: Install base ARR,Swimlane Custom: Renewal date,Swimlane Custom: Overlay products owned,Swimlane Custom: Account plan,Swimlane Custom: Strategic account,Swimlane Custom: Executive sponsor
1,Field crew mobile integration,Push work orders from the asset system to crew tablets.,Identify,Granite Peak Energy,low,,New Workload,,2,2026-01-20T12:00:00+00:00,demo5,2026-01-20T12:00:00+00:00,1,2026-01-20T12:00:00+00:00||Identify|demo5,90000,Pipeline,5,2026-05-01,Integration,true,,None identified,Find a sponsor in field operations,,https://crm.example.com/opportunities/OPP-5007,Laura Bennett,Ethan Ross,Julia Park,Nathan Cole,Aisha Bello,Sam Ortega,AMER East,Full,Energy and utilities,920000,2026-05-18,Observability,https://docs.example.com/account-plans/granite-peak-energy,false,"P. Lindgren, COO"
2,Board presentation on modernization,Present the modernization roadmap at the authority's public board meeting.,Identify,Orion State Transit Authority,medium,demo2,"Strategic Initiative, Exec Escalation",2026-04-12,2,2026-01-20T12:00:00+00:00,demo5,2026-01-20T12:00:00+00:00,1,2026-01-20T12:00:00+00:00||Identify|demo5,,Pipeline,5,2026-05-11,,false,Chief Digital Officer,None identified,Prepare the deck,,https://crm.example.com/opportunities/OPP-5017,Laura Bennett,Monica Reyes,Julia Park,Grace Okafor,Henrik Larsen,Sam Ortega,AMER East,Full,Public sector,410000,2026-04-19,,https://docs.example.com/account-plans/orion-state-transit-authority,false,"A. Brennan, Chief Digital Officer"
3,Payment security review,PCI scope reduction review.,Identify,Summit Retail Holdings,low,,Cross-Sell,,2,2026-02-09T12:00:00+00:00,demo4,2026-02-09T12:00:00+00:00,1,2026-02-09T12:00:00+00:00||Identify|demo4,,Pipeline,5,2026-06-07,Security,true,,None identified,Find the PCI program owner,,https://crm.example.com/opportunities/OPP-5044,Mira Chen,Chloe Dubois,Sofia Lind,Rachel Kim,Diego Alvarez,Ines Moreau,EMEA,Full,Retail,980000,2026-11-10,Integration,https://docs.example.com/account-plans/summit-retail-holdings,false,"C. Moreau, Chief Operating Officer"
4,Open banking API gateway,Partner-facing API layer for the open banking mandate.,Discover,Harborview Bank,medium,demo2,New Workload,2026-04-29,3,2026-01-31T12:00:00+00:00,demo4,2026-02-06T12:00:00+00:00,2,2026-01-31T12:00:00+00:00||Identify|demo4; 2026-02-06T12:00:00+00:00|Identify|Discover|demo5,160000,Pipeline,10,2026-04-28,Integration,true,,Regional reseller,Map the partner onboarding flow,,https://crm.example.com/opportunities/OPP-5004,Laura Bennett,Ethan Ross,Julia Park,Rachel Kim,Diego Alvarez,Sam Ortega,AMER East,Full,Financial services,1850000,2026-07-11,Data Platform; Security,https://docs.example.com/account-plans/harborview-bank,true,"R. Castellanos, CIO"
5,Customer churn model,Predict subscriber churn from usage and support data.,Discover,Copperline Telecom,medium,demo4,New Workload,2026-05-04,3,2026-01-31T12:00:00+00:00,demo4,2026-02-09T12:00:00+00:00,2,2026-01-31T12:00:00+00:00||Identify|demo4; 2026-02-09T12:00:00+00:00|Identify|Discover|demo5,150000,Pipeline,10,2026-05-08,AI Services,true,,Hyperscaler native,Intro call with the marketing analytics team,,https://crm.example.com/opportunities/OPP-5014,Laura Bennett,Monica Reyes,Julia Park,Rachel Kim,Diego Alvarez,Sam Ortega,AMER East,Full,Telecommunications,1340000,2026-10-02,Observability; Integration,https://docs.example.com/account-plans/copperline-telecom,true,"D. Mwangi, CTO"
6,Imaging archive integration,Connect the imaging archive to the data platform.,Discover,Evergreen Health System,low,,New Workload,2026-05-14,2,2026-01-09T12:00:00+00:00,demo5,2026-01-24T12:00:00+00:00,2,2026-01-09T12:00:00+00:00||Identify|demo5; 2026-01-24T12:00:00+00:00|Identify|Discover|demo1,110000,Pipeline,10,2026-05-16,Integration,true,,Regional reseller,Find an imaging sponsor,,https://crm.example.com/opportunities/OPP-5022,Victor Shah,Liam Foster,Kenji Mori,Grace Okafor,Henrik Larsen,Dana Whitfield,AMER West,Full,Healthcare,1120000,2026-08-12,Data Platform; AI Services,https://docs.example.com/account-plans/evergreen-health-system,true,"S. Whitaker, Chief Medical Information Officer"
7,Fleet telematics expansion,Extend telematics to the refrigerated trailer fleet.,Discover,Keystone Logistics,medium,,"Expansion, Coverage Gap",2026-03-05,3,2026-01-15T12:00:00+00:00,demo2,2026-01-21T12:00:00+00:00,2,2026-01-15T12:00:00+00:00||Identify|demo2; 2026-01-21T12:00:00+00:00|Identify|Discover|demo3,210000,Pipeline,10,2026-06-01,Data Platform,false,,Incumbent,Discovery call (rescheduled twice),,https://crm.example.com/opportunities/OPP-5038,Mira Chen,Oliver Grant,Sofia Lind,Unassigned,Unassigned,Ines Moreau,EMEA,Gap,Transportation,530000,2026-04-03,,https://docs.example.com/account-plans/keystone-logistics,false,"T. Nakamura, VP Operations"
8,Outage prediction model,Forecast feeder outages from weather and load data.,Qualify,Granite Peak Energy,medium,demo2,"New Workload, Cross-Sell",2026-04-24,5,2025-12-10T12:00:00+00:00,demo3,2026-01-20T12:00:00+00:00,5,2025-12-10T12:00:00+00:00||Identify|demo3; 2025-12-24T12:00:00+00:00|Identify|Discover|demo4; 2026-01-03T12:00:00+00:00|Discover|Identify|demo5; 2026-01-09T12:00:00+00:00|Identify|Discover|demo1; 2026-01-20T12:00:00+00:00|Discover|Qualify|demo2,290000,Pipeline,20,2026-04-30,Data Platform; AI Services,true,Director of Reliability,Build in-house,Data access request,,https://crm.example.com/opportunities/OPP-5006,Laura Bennett,Ethan Ross,Julia Park,Nathan Cole,Aisha Bello,Sam Ortega,AMER East,Full,Energy and utilities,920000,2026-05-18,Observability,https://docs.example.com/account-plans/granite-peak-energy,false,"P. Lindgren, COO"
9,Fare system data platform,"Consolidate fare, ridership and GTFS feeds.",Qualify,Orion State Transit Authority,medium,demo1,New Workload,2026-04-19,5,2026-01-26T12:00:00+00:00,demo1,2026-02-11T12:00:00+00:00,3,2026-01-26T12:00:00+00:00||Identify|demo1; 2026-02-04T12:00:00+00:00|Identify|Discover|demo2; 2026-02-11T12:00:00+00:00|Discover|Qualify|demo3,340000,Pipeline,20,2026-05-09,Data Platform,true,Chief Digital Officer,Regional reseller,Confirm cooperative contract vehicle,,https://crm.example.com/opportunities/OPP-5015,Laura Bennett,Monica Reyes,Julia Park,Grace Okafor,Henrik Larsen,Sam Ortega,AMER East,Full,Public sector,410000,2026-04-19,,https://docs.example.com/account-plans/orion-state-transit-authority,false,"A. Brennan, Chief Digital Officer"
10,Design tool observability,Monitor EDA license servers and compute farms.,Qualify,Altair Semiconductor,medium,demo5,Expansion,2026-04-22,3,2026-01-21T12:00:00+00:00,demo3,2026-01-29T12:00:00+00:00,3,2026-01-21T12:00:00+00:00||Identify|demo3; 2026-01-27T12:00:00+00:00|Identify|Discover|demo4; 2026-01-29T12:00:00+00:00|Discover|Qualify|demo5,140000,Pipeline,20,2026-05-20,Observability,true,EDA platform lead,Incumbent,Confirm budget owner,,https://crm.example.com/opportunities/OPP-5026,Victor Shah,Liam Foster,Kenji Mori,Nathan Cole,Aisha Bello,Dana Whitfield,AMER West,Full,Manufacturing,760000,2026-06-11,Security,https://docs.example.com/account-plans/altair-semiconductor,false,"Y. Tanaka, VP Engineering"
11,Policy admin integration,Connect the policy admin system to the claims platform.,Qualify,Bluefin Insurance,medium,,Coverage Gap,2026-04-04,3,2026-01-13T12:00:00+00:00,demo1,2026-02-17T12:00:00+00:00,5,2026-01-13T12:00:00+00:00||Identify|demo1; 2026-01-26T12:00:00+00:00|Identify|Discover|demo2; 2026-01-31T12:00:00+00:00|Discover|Identify|demo3; 2026-02-10T12:00:00+00:00|Identify|Discover|demo4; 2026-02-17T12:00:00+00:00|Discover|Qualify|demo5,160000,Pipeline,20,2026-05-24,Integration,true,,Regional reseller,Find an owner on our side,,https://crm.example.com/opportunities/OPP-5030,Victor Shah,Hannah Wright,Kenji Mori,Unassigned,Aisha Bello,Dana Whitfield,AMER West,Partial,Insurance,690000,2026-04-11,AI Services,https://docs.example.com/account-plans/bluefin-insurance,false,"M. Okonkwo, Chief Underwriting Officer"
12,Demand forecasting model,Store-level demand forecasting for perishables.,Qualify,Summit Retail Holdings,medium,demo3,Cross-Sell,2026-04-26,4,2026-01-24T12:00:00+00:00,demo2,2026-02-06T12:00:00+00:00,3,2026-01-24T12:00:00+00:00||Identify|demo2; 2026-01-30T12:00:00+00:00|Identify|Discover|demo3; 2026-02-06T12:00:00+00:00|Discover|Qualify|demo4,290000,Pipeline,20,2026-06-06,Data Platform; AI Services,true,Director of Supply Chain,Build in-house,Data access,,https://crm.example.com/opportunities/OPP-5043,Mira Chen,Chloe Dubois,Sofia Lind,Rachel Kim,Diego Alvarez,Ines Moreau,EMEA,Full,Retail,980000,2026-11-10,Integration,https://docs.example.com/account-plans/summit-retail-holdings,false,"C. Moreau, Chief Operating Officer"
13,Real-time fraud scoring pilot,Score card transactions inline against the new model; pilot on one product line.,Shape,Harborview Bank,high,demo3,"New Workload, Cross-Sell",2026-04-14,5,2026-02-03T12:00:00+00:00,demo3,2026-02-24T12:00:00+00:00,4,2026-02-03T12:00:00+00:00||Identify|demo3; 2026-02-13T12:00:00+00:00|Identify|Discover|demo4; 2026-02-20T12:00:00+00:00|Discover|Qualify|demo5; 2026-02-24T12:00:00+00:00|Qualify|Shape|demo1,380000,Best case,35,2026-04-25,AI Services,true,Head of Fraud Analytics,Build in-house,Agree pilot success metrics,Sam Ortega,https://crm.example.com/opportunities/OPP-5001,Laura Bennett,Ethan Ross,Julia Park,Rachel Kim,Diego Alvarez,Sam Ortega,AMER East,Full,Financial services,1850000,2026-07-11,Data Platform; Security,https://docs.example.com/account-plans/harborview-bank,true,"R. Castellanos, CIO"
14,5G core security assessment,Security assessment of the new 5G core.,Shape,Copperline Telecom,high,demo1,Cross-Sell,2026-04-09,4,2026-01-12T12:00:00+00:00,demo3,2026-02-10T12:00:00+00:00,4,2026-01-12T12:00:00+00:00||Identify|demo3; 2026-01-27T12:00:00+00:00|Identify|Discover|demo4; 2026-02-07T12:00:00+00:00|Discover|Qualify|demo5; 2026-02-10T12:00:00+00:00|Qualify|Shape|demo1,310000,Best case,35,2026-05-05,Security,true,CISO,Regional reseller,Scope workshop,Sam Ortega,https://crm.example.com/opportunities/OPP-5011,Laura Bennett,Monica Reyes,Julia Park,Rachel Kim,Diego Alvarez,Sam Ortega,AMER East,Full,Telecommunications,1340000,2026-10-02,Observability; Integration,https://docs.example.com/account-plans/copperline-telecom,true,"D. Mwangi, CTO"
15,Rider app incident monitoring,Monitoring for the rider app after last winter's outage.,Shape,Orion State Transit Authority,high,demo3,Cross-Sell,2026-04-02,3,2025-12-23T12:00:00+00:00,demo3,2026-01-26T12:00:00+00:00,6,2025-12-23T12:00:00+00:00||Identify|demo3; 2026-01-02T12:00:00+00:00|Identify|Discover|demo4; 2026-01-06T12:00:00+00:00|Discover|Qualify|demo5; 2026-01-11T12:00:00+00:00|Qualify|Discover|demo1; 2026-01-19T12:00:00+00:00|Discover|Qualify|demo2; 2026-01-26T12:00:00+00:00|Qualify|Shape|demo3,120000,Best case,35,2026-05-10,Observability,true,IT Operations Manager,Incumbent,Draft solution outline,Sam Ortega,https://crm.example.com/opportunities/OPP-5016,Laura Bennett,Monica Reyes,Julia Park,Grace Okafor,Henrik Larsen,Sam Ortega,AMER East,Full,Public sector,410000,2026-04-19,,https://docs.example.com/account-plans/orion-state-transit-authority,false,"A. Brennan, Chief Digital Officer"
16,Fab yield analytics,Correlate tool telemetry with yield across two fabs.,Shape,Altair Semiconductor,high,demo3,New Workload,2026-04-06,6,2026-01-30T12:00:00+00:00,demo4,2026-02-24T12:00:00+00:00,6,2026-01-30T12:00:00+00:00||Identify|demo4; 2026-02-05T12:00:00+00:00|Identify|Discover|demo5; 2026-02-09T12:00:00+00:00|Discover|Qualify|demo1; 2026-02-15T12:00:00+00:00|Qualify|Discover|demo2; 2026-02-19T12:00:00+00:00|Discover|Qualify|demo3; 2026-02-24T12:00:00+00:00|Qualify|Shape|demo4,520000,Best case,35,2026-05-18,Data Platform; AI Services,true,VP Engineering,Build in-house,Architecture workshop,Dana Whitfield,https://crm.example.com/opportunities/OPP-5024,Victor Shah,Liam Foster,Kenji Mori,Nathan Cole,Aisha Bello,Dana Whitfield,AMER West,Full,Manufacturing,760000,2026-06-11,Security,https://docs.example.com/account-plans/altair-semiconductor,false,"Y. Tanaka, VP Engineering"
17,Lab notebook AI assistant,Summarize and search electronic lab notebooks.,Shape,Halcyon Pharma,medium,demo1,New Workload,2026-04-16,4,2026-01-31T12:00:00+00:00,demo2,2026-02-18T12:00:00+00:00,4,2026-01-31T12:00:00+00:00||Identify|demo2; 2026-02-12T12:00:00+00:00|Identify|Discover|demo3; 2026-02-15T12:00:00+00:00|Discover|Qualify|demo4; 2026-02-18T12:00:00+00:00|Qualify|Shape|demo5,260000,Best case,35,2026-05-27,AI Services,true,Director of R&D Informatics,Build in-house,Validation approach for GxP,Ines Moreau,https://crm.example.com/opportunities/OPP-5033,Mira Chen,Oliver Grant,Sofia Lind,Grace Okafor,Henrik Larsen,Ines Moreau,EMEA,Full,Life sciences,1480000,2026-09-07,Data Platform; Security; AI Services,https://docs.example.com/account-plans/halcyon-pharma,true,"H. Lindqvist, Chief Scientific Officer"
18,Warehouse automation competitive eval,A competitor is proposing a rival platform for the new distribution center.,Shape,Keystone Logistics,urgent,demo1,"Competitive Displacement, Coverage Gap",2026-03-09,6,2026-01-17T12:00:00+00:00,demo5,2026-02-06T12:00:00+00:00,4,2026-01-17T12:00:00+00:00||Identify|demo5; 2026-01-24T12:00:00+00:00|Identify|Discover|demo1; 2026-01-27T12:00:00+00:00|Discover|Qualify|demo2; 2026-02-06T12:00:00+00:00|Qualify|Shape|demo3,380000,Best case,35,2026-05-31,AI Services; Integration,false,,Hyperscaler native,Get overlay coverage assigned,Ines Moreau,https://crm.example.com/opportunities/OPP-5037,Mira Chen,Oliver Grant,Sofia Lind,Unassigned,Unassigned,Ines Moreau,EMEA,Gap,Transportation,530000,2026-04-03,,https://docs.example.com/account-plans/keystone-logistics,false,"T. Nakamura, VP Operations"
19,Core ledger modernization,Replace the batch ledger with an event-driven core ahead of the 2027 regulatory deadline.,Validate,Harborview Bank,high,demo1,Strategic Initiative,2026-04-05,8,2026-02-03T12:00:00+00:00,demo1,2026-03-01T12:00:00+00:00,4,2026-02-03T12:00:00+00:00||Identify|demo1; 2026-02-15T12:00:00+00:00|Identify|Discover|demo2; 2026-02-23T12:00:00+00:00|Discover|Shape|demo3; 2026-03-01T12:00:00+00:00|Shape|Validate|demo4,1250000,Best case,50,2026-04-24,Data Platform; Integration,true,Deputy CIO,Incumbent,Architecture sign-off with the platform board,Sam Ortega,https://crm.example.com/opportunities/OPP-5000,Laura Bennett,Ethan Ross,Julia Park,Rachel Kim,Diego Alvarez,Sam Ortega,AMER East,Full,Financial services,1850000,2026-07-11,Data Platform; Security,https://docs.example.com/account-plans/harborview-bank,true,"R. Castellanos, CIO"
20,NOC consolidation observability,Collapse three NOC toolchains into one observability platform.,Validate,Copperline Telecom,urgent,demo3,"Strategic Initiative, Competitive Displacement",2026-03-24,8,2026-01-12T12:00:00+00:00,demo1,2026-02-04T12:00:00+00:00,5,2026-01-12T12:00:00+00:00||Identify|demo1; 2026-01-19T12:00:00+00:00|Identify|Discover|demo2; 2026-01-22T12:00:00+00:00|Discover|Qualify|demo3; 2026-01-30T12:00:00+00:00|Qualify|Shape|demo4; 2026-02-04T12:00:00+00:00|Shape|Validate|demo5,960000,Best case,50,2026-05-04,Observability; Integration,true,SVP Network Operations,Incumbent,Proof of value readout,Sam Ortega,https://crm.example.com/opportunities/OPP-5010,Laura Bennett,Monica Reyes,Julia Park,Rachel Kim,Diego Alvarez,Sam Ortega,AMER East,Full,Telecommunications,1340000,2026-10-02,Observability; Integration,https://docs.example.com/account-plans/copperline-telecom,true,"D. Mwangi, CTO"
21,Sepsis early-warning model,Deploy a sepsis risk model across ICUs.,Validate,Evergreen Health System,urgent,demo4,"New Workload, Strategic Initiative",2026-03-29,6,2026-01-08T12:00:00+00:00,demo1,2026-01-30T12:00:00+00:00,4,2026-01-08T12:00:00+00:00||Identify|demo1; 2026-01-19T12:00:00+00:00|Identify|Discover|demo2; 2026-01-21T12:00:00+00:00|Discover|Shape|demo3; 2026-01-30T12:00:00+00:00|Shape|Validate|demo4,460000,Best case,50,2026-05-14,AI Services,true,Director of Critical Care,Build in-house,Clinical validation results,Dana Whitfield,https://crm.example.com/opportunities/OPP-5020,Victor Shah,Liam Foster,Kenji Mori,Grace Okafor,Henrik Larsen,Dana Whitfield,AMER West,Full,Healthcare,1120000,2026-08-12,Data Platform; AI Services,https://docs.example.com/account-plans/evergreen-health-system,true,"S. Whitaker, Chief Medical Information Officer"
22,Supply chain security assessment,Assess software supply chain controls for export compliance.,Validate,Altair Semiconductor,high,demo1,Cross-Sell,2026-03-31,4,2026-02-11T12:00:00+00:00,demo1,2026-02-25T12:00:00+00:00,4,2026-02-11T12:00:00+00:00||Identify|demo1; 2026-02-18T12:00:00+00:00|Identify|Qualify|demo2; 2026-02-22T12:00:00+00:00|Qualify|Shape|demo3; 2026-02-25T12:00:00+00:00|Shape|Validate|demo4,230000,Best case,50,2026-05-19,Security,true,Director of Security,Hyperscaler native,Security questionnaire,Dana Whitfield,https://crm.example.com/opportunities/OPP-5025,Victor Shah,Liam Foster,Kenji Mori,Nathan Cole,Aisha Bello,Dana Whitfield,AMER West,Full,Manufacturing,760000,2026-06-11,Security,https://docs.example.com/account-plans/altair-semiconductor,false,"Y. Tanaka, VP Engineering"
23,Claims automation proof of concept,Automate first-notice-of-loss triage.,Validate,Bluefin Insurance,high,demo4,"New Workload, Coverage Gap",2026-03-11,5,2026-01-05T12:00:00+00:00,demo2,2026-02-07T12:00:00+00:00,5,2026-01-05T12:00:00+00:00||Identify|demo2; 2026-01-16T12:00:00+00:00|Identify|Discover|demo3; 2026-01-22T12:00:00+00:00|Discover|Qualify|demo4; 2026-02-02T12:00:00+00:00|Qualify|Shape|demo5; 2026-02-07T12:00:00+00:00|Shape|Validate|demo1,310000,Best case,50,2026-05-22,AI Services,true,VP Claims,Hyperscaler native,POC readout (overdue),Dana Whitfield,https://crm.example.com/opportunities/OPP-5028,Victor Shah,Hannah Wright,Kenji Mori,Unassigned,Aisha Bello,Dana Whitfield,AMER West,Partial,Insurance,690000,2026-04-11,AI Services,https://docs.example.com/account-plans/bluefin-insurance,false,"M. Okonkwo, Chief Underwriting Officer"
24,Pharmacovigilance data lake,Consolidate adverse-event data into a governed lake before the inspection.,Validate,Halcyon Pharma,urgent,demo3,Strategic Initiative,2026-03-23,8,2026-01-15T12:00:00+00:00,demo5,2026-02-11T12:00:00+00:00,5,2026-01-15T12:00:00+00:00||Identify|demo5; 2026-01-22T12:00:00+00:00|Identify|Discover|demo1; 2026-01-31T12:00:00+00:00|Discover|Qualify|demo2; 2026-02-08T12:00:00+00:00|Qualify|Shape|demo3; 2026-02-11T12:00:00+00:00|Shape|Validate|demo4,640000,Best case,50,2026-05-26,Data Platform; Security,true,Head of Research IT,Incumbent,Validation protocol sign-off,Ines Moreau,https://crm.example.com/opportunities/OPP-5032,Mira Chen,Oliver Grant,Sofia Lind,Grace Okafor,Henrik Larsen,Ines Moreau,EMEA,Full,Life sciences,1480000,2026-09-07,Data Platform; Security; AI Services,https://docs.example.com/account-plans/halcyon-pharma,true,"H. Lindqvist, Chief Scientific Officer"
25,Store inventory integration,Real-time inventory sync between stores and e-commerce.,Validate,Summit Retail Holdings,high,demo4,New Workload,2026-03-30,5,2025-12-29T12:00:00+00:00,demo5,2026-01-29T12:00:00+00:00,5,2025-12-29T12:00:00+00:00||Identify|demo5; 2026-01-14T12:00:00+00:00|Identify|Discover|demo1; 2026-01-22T12:00:00+00:00|Discover|Qualify|demo2; 2026-01-26T12:00:00+00:00|Qualify|Shape|demo3; 2026-01-29T12:00:00+00:00|Shape|Validate|demo4,450000,Best case,50,2026-06-05,Integration,true,Head of Omnichannel,Incumbent,Load test results,Ines Moreau,https://crm.example.com/opportunities/OPP-5042,Mira Chen,Chloe Dubois,Sofia Lind,Rachel Kim,Diego Alvarez,Ines Moreau,EMEA,Full,Retail,980000,2026-11-10,Integration,https://docs.example.com/account-plans/summit-retail-holdings,false,"C. Moreau, Chief Operating Officer"
26,Grid telemetry observability,Unified monitoring for substation telemetry across two regions.,Commercial,Granite Peak Energy,high,demo4,Expansion,2026-03-27,6,2026-01-02T12:00:00+00:00,demo1,2026-01-26T12:00:00+00:00,5,2026-01-02T12:00:00+00:00||Identify|demo1; 2026-01-13T12:00:00+00:00|Identify|Qualify|demo2; 2026-01-18T12:00:00+00:00|Qualify|Shape|demo3; 2026-01-22T12:00:00+00:00|Shape|Validate|demo4; 2026-01-26T12:00:00+00:00|Validate|Commercial|demo5,540000,Commit,70,2026-04-29,Observability,true,VP Grid Operations,Incumbent,Redlines back from legal,Sam Ortega,https://crm.example.com/opportunities/OPP-5005,Laura Bennett,Ethan Ross,Julia Park,Nathan Cole,Aisha Bello,Sam Ortega,AMER East,Full,Energy and utilities,920000,2026-05-18,Observability,https://docs.example.com/account-plans/granite-peak-energy,false,"P. Lindgren, COO"
27,Clinical data platform expansion,Bring four more hospitals onto the clinical data platform.,Commercial,Evergreen Health System,high,demo2,Expansion,2026-03-25,7,2026-02-06T12:00:00+00:00,demo4,2026-02-27T12:00:00+00:00,6,2026-02-06T12:00:00+00:00||Identify|demo4; 2026-02-13T12:00:00+00:00|Identify|Discover|demo5; 2026-02-17T12:00:00+00:00|Discover|Qualify|demo1; 2026-02-20T12:00:00+00:00|Qualify|Shape|demo2; 2026-02-25T12:00:00+00:00|Shape|Validate|demo3; 2026-02-27T12:00:00+00:00|Validate|Commercial|demo4,780000,Commit,70,2026-05-13,Data Platform,true,CMIO,Incumbent,Final pricing with procurement,Dana Whitfield,https://crm.example.com/opportunities/OPP-5019,Victor Shah,Liam Foster,Kenji Mori,Grace Okafor,Henrik Larsen,Dana Whitfield,AMER West,Full,Healthcare,1120000,2026-08-12,Data Platform; AI Services,https://docs.example.com/account-plans/evergreen-health-system,true,"S. Whitaker, Chief Medical Information Officer"
28,Underwriting workflow expansion,Extend automated underwriting to two more policy lines.,Commercial,Bluefin Insurance,urgent,demo2,"Expansion, Exec Escalation",2026-03-13,6,2025-12-24T12:00:00+00:00,demo4,2026-02-02T12:00:00+00:00,6,2025-12-24T12:00:00+00:00||Identify|demo4; 2025-12-31T12:00:00+00:00|Identify|Discover|demo5; 2026-01-08T12:00:00+00:00|Discover|Qualify|demo1; 2026-01-17T12:00:00+00:00|Qualify|Shape|demo2; 2026-01-28T12:00:00+00:00|Shape|Validate|demo3; 2026-02-02T12:00:00+00:00|Validate|Commercial|demo4,420000,Commit,70,2026-05-23,AI Services; Integration,true,Chief Underwriting Officer,Incumbent,Exec alignment call,Dana Whitfield,https://crm.example.com/opportunities/OPP-5029,Victor Shah,Hannah Wright,Kenji Mori,Unassigned,Aisha Bello,Dana Whitfield,AMER West,Partial,Insurance,690000,2026-04-11,AI Services,https://docs.example.com/account-plans/bluefin-insurance,false,"M. Okonkwo, Chief Underwriting Officer"
29,Cross-dock pilot proposal,Pilot proposal for the cross-dock facility opening next quarter.,Commercial,Keystone Logistics,high,demo2,Competitive Displacement,2026-03-14,5,2025-12-21T12:00:00+00:00,demo4,2026-01-22T12:00:00+00:00,6,2025-12-21T12:00:00+00:00||Identify|demo4; 2026-01-03T12:00:00+00:00|Identify|Discover|demo5; 2026-01-13T12:00:00+00:00|Discover|Qualify|demo1; 2026-01-17T12:00:00+00:00|Qualify|Shape|demo2; 2026-01-19T12:00:00+00:00|Shape|Validate|demo3; 2026-01-22T12:00:00+00:00|Validate|Commercial|demo4,175000,Commit,70,2026-06-02,Integration,false,Director of Operations,Regional reseller,Pricing (owner needed),Ines Moreau,https://crm.example.com/opportunities/OPP-5039,Mira Chen,Oliver Grant,Sofia Lind,Unassigned,Unassigned,Ines Moreau,EMEA,Gap,Transportation,530000,2026-04-03,,https://docs.example.com/account-plans/keystone-logistics,false,"T. Nakamura, VP Operations"
30,Security analytics add-on,Extend the security product to the bank's SOC.,Commit,Harborview Bank,medium,demo1,Cross-Sell,2026-03-21,3,2026-02-01T12:00:00+00:00,demo5,2026-02-24T12:00:00+00:00,7,2026-02-01T12:00:00+00:00||Identify|demo5; 2026-02-07T12:00:00+00:00|Identify|Discover|demo1; 2026-02-12T12:00:00+00:00|Discover|Qualify|demo2; 2026-02-14T12:00:00+00:00|Qualify|Shape|demo3; 2026-02-18T12:00:00+00:00|Shape|Validate|demo4; 2026-02-22T12:00:00+00:00|Validate|Commercial|demo5; 2026-02-24T12:00:00+00:00|Commercial|Commit|demo1,210000,Commit,90,2026-04-26,Security,true,CISO,Hyperscaler native,Order form to procurement,Sam Ortega,https://crm.example.com/opportunities/OPP-5002,Laura Bennett,Ethan Ross,Julia Park,Rachel Kim,Diego Alvarez,Sam Ortega,AMER East,Full,Financial services,1850000,2026-07-11,Data Platform; Security,https://docs.example.com/account-plans/harborview-bank,true,"R. Castellanos, CIO"
31,Billing integration refresh,Replace point-to-point billing integrations.,Commit,Copperline Telecom,medium,demo5,Expansion,2026-03-19,3,2026-01-13T12:00:00+00:00,demo5,2026-02-06T12:00:00+00:00,6,2026-01-13T12:00:00+00:00||Identify|demo5; 2026-01-19T12:00:00+00:00|Identify|Qualify|demo1; 2026-01-26T12:00:00+00:00|Qualify|Shape|demo2; 2026-01-28T12:00:00+00:00|Shape|Validate|demo3; 2026-02-04T12:00:00+00:00|Validate|Commercial|demo4; 2026-02-06T12:00:00+00:00|Commercial|Commit|demo5,180000,Commit,90,2026-05-06,Integration,true,Director of IT,None identified,Signature,Sam Ortega,https://crm.example.com/opportunities/OPP-5012,Laura Bennett,Monica Reyes,Julia Park,Rachel Kim,Diego Alvarez,Sam Ortega,AMER East,Full,Telecommunications,1340000,2026-10-02,Observability; Integration,https://docs.example.com/account-plans/copperline-telecom,true,"D. Mwangi, CTO"
32,HIPAA security review,Third-party security review ahead of expansion.,Commit,Evergreen Health System,medium,demo1,Cross-Sell,2026-03-18,2,2026-02-05T12:00:00+00:00,demo3,2026-02-27T12:00:00+00:00,7,2026-02-05T12:00:00+00:00||Identify|demo3; 2026-02-12T12:00:00+00:00|Identify|Discover|demo4; 2026-02-16T12:00:00+00:00|Discover|Qualify|demo5; 2026-02-18T12:00:00+00:00|Qualify|Shape|demo1; 2026-02-21T12:00:00+00:00|Shape|Validate|demo2; 2026-02-23T12:00:00+00:00|Validate|Commercial|demo3; 2026-02-27T12:00:00+00:00|Commercial|Commit|demo4,95000,Commit,90,2026-05-15,Security,true,CISO,None identified,Countersign,Dana Whitfield,https://crm.example.com/opportunities/OPP-5021,Victor Shah,Liam Foster,Kenji Mori,Grace Okafor,Henrik Larsen,Dana Whitfield,AMER West,Full,Healthcare,1120000,2026-08-12,Data Platform; AI Services,https://docs.example.com/account-plans/evergreen-health-system,true,"S. Whitaker, Chief Medical Information Officer"
33,Claims platform renewal,Annual renewal for claims platform support.,Commit,Bluefin Insurance,high,demo5,Renewal,2026-03-17,2,2025-12-12T12:00:00+00:00,demo3,2026-01-17T12:00:00+00:00,6,2025-12-12T12:00:00+00:00||Identify|demo3; 2025-12-27T12:00:00+00:00|Identify|Discover|demo4; 2025-12-30T12:00:00+00:00|Discover|Qualify|demo5; 2026-01-02T12:00:00+00:00|Qualify|Shape|demo1; 2026-01-13T12:00:00+00:00|Shape|Validate|demo2; 2026-01-17T12:00:00+00:00|Validate|Commit|demo3,85000,Commit,90,2026-05-25,,false,Director of Claims IT,None identified,Renewal signature before the 27-day deadline,Dana Whitfield,https://crm.example.com/opportunities/OPP-5031,Victor Shah,Hannah Wright,Kenji Mori,Unassigned,Aisha Bello,Dana Whitfield,AMER West,Partial,Insurance,690000,2026-04-11,AI Services,https://docs.example.com/account-plans/bluefin-insurance,false,"M. Okonkwo, Chief Underwriting Officer"
34,Compliance reporting add-on,Automated regulatory reporting module.,Commit,Halcyon Pharma,medium,demo5,Cross-Sell,2026-03-20,3,2026-01-17T12:00:00+00:00,demo4,2026-02-07T12:00:00+00:00,6,2026-01-17T12:00:00+00:00||Identify|demo4; 2026-01-23T12:00:00+00:00|Identify|Qualify|demo5; 2026-01-25T12:00:00+00:00|Qualify|Shape|demo1; 2026-01-31T12:00:00+00:00|Shape|Validate|demo2; 2026-02-05T12:00:00+00:00|Validate|Commercial|demo3; 2026-02-07T12:00:00+00:00|Commercial|Commit|demo4,120000,Commit,90,2026-05-28,Security,true,Head of Quality,None identified,Signature,Ines Moreau,https://crm.example.com/opportunities/OPP-5034,Mira Chen,Oliver Grant,Sofia Lind,Grace Okafor,Henrik Larsen,Ines Moreau,EMEA,Full,Life sciences,1480000,2026-09-07,Data Platform; Security; AI Services,https://docs.example.com/account-plans/halcyon-pharma,true,"H. Lindqvist, Chief Scientific Officer"
35,Contract renewal at risk,Base platform renewal due in 19 days with no exec sponsor engaged.,Commit,Keystone Logistics,urgent,demo5,"Renewal, Exec Escalation",2026-03-16,4,2026-01-28T12:00:00+00:00,demo3,2026-02-24T12:00:00+00:00,9,2026-01-28T12:00:00+00:00||Identify|demo3; 2026-02-04T12:00:00+00:00|Identify|Discover|demo4; 2026-02-08T12:00:00+00:00|Discover|Identify|demo5; 2026-02-10T12:00:00+00:00|Identify|Discover|demo1; 2026-02-12T12:00:00+00:00|Discover|Qualify|demo2; 2026-02-14T12:00:00+00:00|Qualify|Shape|demo3; 2026-02-18T12:00:00+00:00|Shape|Validate|demo4; 2026-02-22T12:00:00+00:00|Validate|Commercial|demo5; 2026-02-24T12:00:00+00:00|Commercial|Commit|demo1,530000,Commit,90,2026-06-04,,false,VP Operations,Hyperscaler native,Exec-to-exec call,Ines Moreau,https://crm.example.com/opportunities/OPP-5041,Mira Chen,Oliver Grant,Sofia Lind,Unassigned,Unassigned,Ines Moreau,EMEA,Gap,Transportation,530000,2026-04-03,,https://docs.example.com/account-plans/keystone-logistics,false,"T. Nakamura, VP Operations"
36,Branch analytics renewal,Annual renewal of the branch analytics workspace.,Won,Harborview Bank,low,demo5,Renewal,,2,2026-01-27T12:00:00+00:00,demo2,2026-02-21T12:00:00+00:00,7,2026-01-27T12:00:00+00:00||Identify|demo2; 2026-01-31T12:00:00+00:00|Identify|Discover|demo3; 2026-02-05T12:00:00+00:00|Discover|Qualify|demo4; 2026-02-07T12:00:00+00:00|Qualify|Shape|demo5; 2026-02-12T12:00:00+00:00|Shape|Validate|demo1; 2026-02-16T12:00:00+00:00|Validate|Commit|demo2; 2026-02-21T12:00:00+00:00|Commit|Won|demo3,240000,Closed won,100,,Data Platform,true,VP Retail Banking,None identified,,Sam Ortega,https://crm.example.com/opportunities/OPP-5003,Laura Bennett,Ethan Ross,Julia Park,Rachel Kim,Diego Alvarez,Sam Ortega,AMER East,Full,Financial services,1850000,2026-07-11,Data Platform; Security,https://docs.example.com/account-plans/harborview-bank,true,"R. Castellanos, CIO"
37,SCADA support renewal,Annual renewal for SCADA integration support.,Won,Granite Peak Energy,low,demo5,Renewal,,1,2025-12-12T12:00:00+00:00,demo2,2026-02-06T12:00:00+00:00,9,2025-12-12T12:00:00+00:00||Identify|demo2; 2025-12-22T12:00:00+00:00|Identify|Discover|demo3; 2025-12-27T12:00:00+00:00|Discover|Qualify|demo4; 2026-01-04T12:00:00+00:00|Qualify|Shape|demo5; 2026-01-09T12:00:00+00:00|Shape|Validate|demo1; 2026-01-19T12:00:00+00:00|Validate|Commercial|demo2; 2026-01-25T12:00:00+00:00|Commercial|Commit|demo3; 2026-02-01T12:00:00+00:00|Commit|Won|demo4; 2026-02-06T12:00:00+00:00|Won|Won|demo4,95000,Closed won,100,,,false,Plant operations lead,None identified,,Sam Ortega,https://crm.example.com/opportunities/OPP-5008,Laura Bennett,Ethan Ross,Julia Park,Nathan Cole,Aisha Bello,Sam Ortega,AMER East,Full,Energy and utilities,920000,2026-05-18,Observability,https://docs.example.com/account-plans/granite-peak-energy,false,"P. Lindgren, COO"
38,Network analytics renewal,Renewal of the network analytics subscription.,Won,Copperline Telecom,low,demo2,Renewal,,2,2025-12-25T12:00:00+00:00,demo2,2026-01-21T12:00:00+00:00,7,2025-12-25T12:00:00+00:00||Identify|demo2; 2026-01-01T12:00:00+00:00|Identify|Discover|demo3; 2026-01-03T12:00:00+00:00|Discover|Shape|demo4; 2026-01-08T12:00:00+00:00|Shape|Validate|demo5; 2026-01-11T12:00:00+00:00|Validate|Commercial|demo1; 2026-01-13T12:00:00+00:00|Commercial|Commit|demo2; 2026-01-21T12:00:00+00:00|Commit|Won|demo3,260000,Closed won,100,,Observability,true,Director of IT,None identified,,Sam Ortega,https://crm.example.com/opportunities/OPP-5013,Laura Bennett,Monica Reyes,Julia Park,Rachel Kim,Diego Alvarez,Sam Ortega,AMER East,Full,Telecommunications,1340000,2026-10-02,Observability; Integration,https://docs.example.com/account-plans/copperline-telecom,true,"D. Mwangi, CTO"
39,Accessibility compliance integration,Connect paratransit scheduling to the main dispatch system.,Won,Orion State Transit Authority,low,demo5,Expansion,,2,2026-01-13T12:00:00+00:00,demo2,2026-02-12T12:00:00+00:00,8,2026-01-13T12:00:00+00:00||Identify|demo2; 2026-01-22T12:00:00+00:00|Identify|Discover|demo3; 2026-01-24T12:00:00+00:00|Discover|Qualify|demo4; 2026-01-28T12:00:00+00:00|Qualify|Shape|demo5; 2026-01-30T12:00:00+00:00|Shape|Validate|demo1; 2026-02-04T12:00:00+00:00|Validate|Commercial|demo2; 2026-02-09T12:00:00+00:00|Commercial|Commit|demo3; 2026-02-12T12:00:00+00:00|Commit|Won|demo4,85000,Closed won,100,,Integration,true,Paratransit director,None identified,,Sam Ortega,https://crm.example.com/opportunities/OPP-5018,Laura Bennett,Monica Reyes,Julia Park,Grace Okafor,Henrik Larsen,Sam Ortega,AMER East,Full,Public sector,410000,2026-04-19,,https://docs.example.com/account-plans/orion-state-transit-authority,false,"A. Brennan, Chief Digital Officer"
40,Population health dashboards,Dashboards for the population health team.,Won,Evergreen Health System,medium,demo3,Expansion,,3,2026-01-24T12:00:00+00:00,demo2,2026-02-22T12:00:00+00:00,8,2026-01-24T12:00:00+00:00||Identify|demo2; 2026-02-01T12:00:00+00:00|Identify|Discover|demo3; 2026-02-03T12:00:00+00:00|Discover|Qualify|demo4; 2026-02-06T12:00:00+00:00|Qualify|Shape|demo5; 2026-02-11T12:00:00+00:00|Shape|Validate|demo1; 2026-02-16T12:00:00+00:00|Validate|Commercial|demo2; 2026-02-19T12:00:00+00:00|Commercial|Commit|demo3; 2026-02-22T12:00:00+00:00|Commit|Won|demo4,175000,Closed won,100,,Data Platform,true,VP Population Health,None identified,,Dana Whitfield,https://crm.example.com/opportunities/OPP-5023,Victor Shah,Liam Foster,Kenji Mori,Grace Okafor,Henrik Larsen,Dana Whitfield,AMER West,Full,Healthcare,1120000,2026-08-12,Data Platform; AI Services,https://docs.example.com/account-plans/evergreen-health-system,true,"S. Whitaker, Chief Medical Information Officer"
41,Research workspace renewal,Annual renewal for research workspace licenses.,Won,Halcyon Pharma,low,demo2,Renewal,,1,2026-01-09T12:00:00+00:00,demo1,2026-02-05T12:00:00+00:00,8,2026-01-09T12:00:00+00:00||Identify|demo1; 2026-01-17T12:00:00+00:00|Identify|Discover|demo2; 2026-01-19T12:00:00+00:00|Discover|Qualify|demo3; 2026-01-23T12:00:00+00:00|Qualify|Shape|demo4; 2026-01-26T12:00:00+00:00|Shape|Validate|demo5; 2026-02-01T12:00:00+00:00|Validate|Commercial|demo1; 2026-02-03T12:00:00+00:00|Commercial|Commit|demo2; 2026-02-05T12:00:00+00:00|Commit|Won|demo3,75000,Closed won,100,,,false,Head of Research IT,None identified,,Ines Moreau,https://crm.example.com/opportunities/OPP-5035,Mira Chen,Oliver Grant,Sofia Lind,Grace Okafor,Henrik Larsen,Ines Moreau,EMEA,Full,Life sciences,1480000,2026-09-07,Data Platform; Security; AI Services,https://docs.example.com/account-plans/halcyon-pharma,true,"H. Lindqvist, Chief Scientific Officer"
42,Clinical trial integration hub,Integrate CRO data feeds.,Won,Halcyon Pharma,medium,demo4,Expansion,,4,2026-01-12T12:00:00+00:00,demo3,2026-02-14T12:00:00+00:00,9,2026-01-12T12:00:00+00:00||Identify|demo3; 2026-01-17T12:00:00+00:00|Identify|Discover|demo4; 2026-01-22T12:00:00+00:00|Discover|Qualify|demo5; 2026-01-26T12:00:00+00:00|Qualify|Shape|demo1; 2026-02-01T12:00:00+00:00|Shape|Validate|demo2; 2026-02-04T12:00:00+00:00|Validate|Commercial|demo3; 2026-02-06T12:00:00+00:00|Commercial|Commit|demo4; 2026-02-11T12:00:00+00:00|Commit|Won|demo5; 2026-02-14T12:00:00+00:00|Won|Won|demo5,330000,Closed won,100,,Integration,true,VP Clinical Operations,Regional reseller,,Ines Moreau,https://crm.example.com/opportunities/OPP-5036,Mira Chen,Oliver Grant,Sofia Lind,Grace Okafor,Henrik Larsen,Ines Moreau,EMEA,Full,Life sciences,1480000,2026-09-07,Data Platform; Security; AI Services,https://docs.example.com/account-plans/halcyon-pharma,true,"H. Lindqvist, Chief Scientific Officer"
43,E-commerce observability,Monitoring for the e-commerce checkout path.,Won,Summit Retail Holdings,medium,demo1,Expansion,,3,2026-01-22T12:00:00+00:00,demo1,2026-02-24T12:00:00+00:00,9,2026-01-22T12:00:00+00:00||Identify|demo1; 2026-01-29T12:00:00+00:00|Identify|Discover|demo2; 2026-01-31T12:00:00+00:00|Discover|Qualify|demo3; 2026-02-03T12:00:00+00:00|Qualify|Shape|demo4; 2026-02-06T12:00:00+00:00|Shape|Validate|demo5; 2026-02-08T12:00:00+00:00|Validate|Commercial|demo1; 2026-02-11T12:00:00+00:00|Commercial|Commit|demo2; 2026-02-16T12:00:00+00:00|Commit|Won|demo3; 2026-02-24T12:00:00+00:00|Won|Won|demo3,190000,Closed won,100,,Observability,true,VP E-commerce,Incumbent,,Ines Moreau,https://crm.example.com/opportunities/OPP-5045,Mira Chen,Chloe Dubois,Sofia Lind,Rachel Kim,Diego Alvarez,Ines Moreau,EMEA,Full,Retail,980000,2026-11-10,Integration,https://docs.example.com/account-plans/summit-retail-holdings,false,"C. Moreau, Chief Operating Officer"
44,Grant-funded data lake,Data lake funded by the grid modernization grant.,Lost,Granite Peak Energy,medium,demo4,Strategic Initiative,,5,2026-01-27T12:00:00+00:00,demo4,2026-03-04T12:00:00+00:00,10,2026-01-27T12:00:00+00:00||Identify|demo4; 2026-02-05T12:00:00+00:00|Identify|Discover|demo5; 2026-02-08T12:00:00+00:00|Discover|Qualify|demo1; 2026-02-11T12:00:00+00:00|Qualify|Shape|demo2; 2026-02-13T12:00:00+00:00|Shape|Validate|demo3; 2026-02-17T12:00:00+00:00|Validate|Commercial|demo4; 2026-02-19T12:00:00+00:00|Commercial|Commit|demo5; 2026-02-23T12:00:00+00:00|Commit|Won|demo1; 2026-02-26T12:00:00+00:00|Won|Lost|demo2; 2026-03-04T12:00:00+00:00|Lost|Lost|demo2,420000,Closed lost,0,,Data Platform,true,VP Grid Operations,Hyperscaler native,,Sam Ortega,https://crm.example.com/opportunities/OPP-5009,Laura Bennett,Ethan Ross,Julia Park,Nathan Cole,Aisha Bello,Sam Ortega,AMER East,Full,Energy and utilities,920000,2026-05-18,Observability,https://docs.example.com/account-plans/granite-peak-energy,false,"P. Lindgren, COO"
45,Edge analytics pilot,Pilot lost to the incumbent after the security review.,Lost,Altair Semiconductor,medium,demo1,Competitive Displacement,,3,2026-01-03T12:00:00+00:00,demo5,2026-02-09T12:00:00+00:00,9,2026-01-03T12:00:00+00:00||Identify|demo5; 2026-01-14T12:00:00+00:00|Identify|Discover|demo1; 2026-01-18T12:00:00+00:00|Discover|Qualify|demo2; 2026-01-20T12:00:00+00:00|Qualify|Shape|demo3; 2026-01-25T12:00:00+00:00|Shape|Validate|demo4; 2026-01-28T12:00:00+00:00|Validate|Commercial|demo5; 2026-01-31T12:00:00+00:00|Commercial|Commit|demo1; 2026-02-02T12:00:00+00:00|Commit|Won|demo2; 2026-02-09T12:00:00+00:00|Won|Lost|demo3,140000,Closed lost,0,,AI Services,true,,Incumbent,,Dana Whitfield,https://crm.example.com/opportunities/OPP-5027,Victor Shah,Liam Foster,Kenji Mori,Nathan Cole,Aisha Bello,Dana Whitfield,AMER West,Full,Manufacturing,760000,2026-06-11,Security,https://docs.example.com/account-plans/altair-semiconductor,false,"Y. Tanaka, VP Engineering"
46,Cold chain telematics,Telematics for the cold chain fleet.,Lost,Keystone Logistics,low,demo1,"Competitive Displacement, Coverage Gap",,3,2026-02-11T12:00:00+00:00,demo1,2026-03-02T12:00:00+00:00,9,2026-02-11T12:00:00+00:00||Identify|demo1; 2026-02-16T12:00:00+00:00|Identify|Discover|demo2; 2026-02-18T12:00:00+00:00|Discover|Qualify|demo3; 2026-02-20T12:00:00+00:00|Qualify|Shape|demo4; 2026-02-22T12:00:00+00:00|Shape|Validate|demo5; 2026-02-24T12:00:00+00:00|Validate|Commercial|demo1; 2026-02-26T12:00:00+00:00|Commercial|Commit|demo2; 2026-02-28T12:00:00+00:00|Commit|Won|demo3; 2026-03-02T12:00:00+00:00|Won|Lost|demo4,110000,Closed lost,0,,Data Platform,false,,Regional reseller,,Ines Moreau,https://crm.example.com/opportunities/OPP-5040,Mira Chen,Oliver Grant,Sofia Lind,Unassigned,Unassigned,Ines Moreau,EMEA,Gap,Transportation,530000,2026-04-03,,https://docs.example.com/account-plans/keystone-logistics,false,"T. Nakamura, VP Operations"
