Card ID,Title,Description,Column,Swimlane,Priority,Assignee,Labels,Due Date,Weight,Created At,Created By,Last Moved At,Movement Count,Movement History,Custom: Deal value,Custom: Forecast,Custom: Win probability,Custom: Expected close,Custom: Competitors,Custom: Multi-year,Custom: CRM opportunity,Swimlane Custom: Regional VP,Swimlane Custom: Quarterly quota,Swimlane Custom: Currency,Swimlane Custom: Discount authority
1,Andean Mining Corp -- Safety Compliance Board,,Prospect,APAC,medium,demo4,"Renewal, Enterprise",2026-04-13,7,2026-01-14T12:00:00+00:00,demo4,2026-01-14T12:00:00+00:00,1,2026-01-14T12:00:00+00:00||Prospect|demo4,255000,Pipeline,10,2026-05-10,Low-cost rival,true,https://crm.example.com/opportunities/OPP-1034,Priya Raman,750000,SGD,15
2,Coral Bay Resorts -- Property Management Board,,Prospect,EMEA,medium,demo2,"SMB, Renewal",2026-04-16,4,2026-02-12T12:00:00+00:00,demo2,2026-02-12T12:00:00+00:00,1,2026-02-12T12:00:00+00:00||Prospect|demo2,320000,Pipeline,10,2026-07-06,Incumbent; Build in-house,true,https://crm.example.com/opportunities/OPP-1013,Marcus Hale,900000,EUR,20
3,Forge Analytics -- Enterprise Analytics Bundle,,Prospect,LATAM,medium,demo2,,,2,2025-12-13T12:00:00+00:00,demo2,2025-12-13T12:00:00+00:00,1,2025-12-13T12:00:00+00:00||Prospect|demo2,305000,Pipeline,10,2026-04-26,Incumbent; Regional reseller,false,https://crm.example.com/opportunities/OPP-1003,Elena Petrova,1050000,BRL,10
4,Rhein Software -- 100-Seat Engineering Deal,LATAM deal. Track buyer steps in the checklist; log every customer touch as a comment.,Prospect,LATAM,medium,demo4,"Upsell, Strategic",2026-04-07,3,2026-01-18T12:00:00+00:00,demo4,2026-01-18T12:00:00+00:00,1,2026-01-18T12:00:00+00:00||Prospect|demo4,395000,Pipeline,10,2026-04-16,Low-cost rival; Regional reseller,true,https://crm.example.com/opportunities/OPP-1069,Elena Petrova,1050000,BRL,10
5,Copenhagen Design -- Creative Workflow Board,LATAM deal. Track buyer steps in the checklist; log every customer touch as a comment.,Prospect,LATAM,high,demo1,Renewal,2026-04-24,4,2026-01-25T12:00:00+00:00,demo1,2026-01-25T12:00:00+00:00,1,2026-01-25T12:00:00+00:00||Prospect|demo1,180000,Pipeline,10,2026-03-22,,false,https://crm.example.com/opportunities/OPP-1080,Elena Petrova,1050000,BRL,10
6,Kuala Lumpur Media -- Content Production Board,,Prospect,LATAM,medium,,"Enterprise, Renewal",2026-04-21,1,2026-01-26T12:00:00+00:00,demo5,2026-01-26T12:00:00+00:00,1,2026-01-26T12:00:00+00:00||Prospect|demo5,440000,Pipeline,10,2026-03-09,,false,https://crm.example.com/opportunities/OPP-1102,Elena Petrova,1050000,BRL,10
7,Patagonia Energy -- Renewable Project Tracker,,Prospect,ANZ,medium,,"Strategic, SMB",2026-04-13,3,2026-01-13T12:00:00+00:00,demo5,2026-01-13T12:00:00+00:00,1,2026-01-13T12:00:00+00:00||Prospect|demo5,325000,Pipeline,10,2026-06-04,,true,https://crm.example.com/opportunities/OPP-1037,Kwame Mensah,1200000,AUD,15
8,Gothenburg Shipping -- Fleet Operations Board,,Prospect,ANZ,high,demo3,"Enterprise, Renewal",2026-03-01,1,2026-01-13T12:00:00+00:00,demo3,2026-01-13T12:00:00+00:00,1,2026-01-13T12:00:00+00:00||Prospect|demo3,320000,Pipeline,10,2026-03-28,Build in-house,false,https://crm.example.com/opportunities/OPP-1081,Kwame Mensah,1200000,AUD,15
9,Bali Tourism -- Resort Management Board,Opportunity in the UK & Ireland territory. Keep the forecast category and close date current before Monday's pipeline call.,Prospect,UK & Ireland,urgent,demo4,SMB,,1,2026-01-26T12:00:00+00:00,demo4,2026-01-26T12:00:00+00:00,1,2026-01-26T12:00:00+00:00||Prospect|demo4,150000,Pipeline,10,2026-06-28,,false,https://crm.example.com/opportunities/OPP-1104,Hana Kobayashi,1350000,GBP,20
10,Malmo Retail -- 50-Store Ops Board,Opportunity in the DACH territory. Keep the forecast category and close date current before Monday's pipeline call.,Prospect,DACH,high,demo2,Strategic,2026-04-02,7,2026-01-31T12:00:00+00:00,demo2,2026-01-31T12:00:00+00:00,1,2026-01-31T12:00:00+00:00||Prospect|demo2,160000,Pipeline,10,2026-06-13,Low-cost rival; Regional reseller,true,https://crm.example.com/opportunities/OPP-1083,Lucas Ferreira,1500000,EUR,10
11,Tasman Engineering -- Project Delivery Board,,Prospect,Nordics,medium,demo3,"Strategic, Renewal",,5,2025-12-26T12:00:00+00:00,demo3,2025-12-26T12:00:00+00:00,1,2025-12-26T12:00:00+00:00||Prospect|demo3,215000,Pipeline,10,2026-05-12,Regional reseller,false,https://crm.example.com/opportunities/OPP-1051,Nadia Haddad,1650000,SEK,15
12,Orient Express Travel -- Operations Board Pilot,Southeast Asia deal. Track buyer steps in the checklist; log every customer touch as a comment.,Prospect,Southeast Asia,medium,demo1,"Upsell, Renewal",,5,2026-01-17T12:00:00+00:00,demo1,2026-01-17T12:00:00+00:00,1,2026-01-17T12:00:00+00:00||Prospect|demo1,140000,Pipeline,10,2026-07-04,Incumbent,false,https://crm.example.com/opportunities/OPP-1020,Sofia Marino,1950000,SGD,10
13,Windsor Pharmaceuticals -- Drug Approval Pipeline,Japan & Korea deal. Track buyer steps in the checklist; log every customer touch as a comment.,Prospect,Japan & Korea,urgent,demo1,,2026-03-15,8,2025-12-28T12:00:00+00:00,demo1,2025-12-28T12:00:00+00:00,1,2025-12-28T12:00:00+00:00||Prospect|demo1,170000,Pipeline,10,2026-04-25,Incumbent; Regional reseller,true,https://crm.example.com/opportunities/OPP-1065,Tariq Aziz,2100000,JPY,15
14,Stuttgart Manufacturing -- Production Kanban,Japan & Korea deal. Track buyer steps in the checklist; log every customer touch as a comment.,Prospect,Japan & Korea,urgent,demo3,,2026-04-29,4,2026-02-03T12:00:00+00:00,demo3,2026-02-03T12:00:00+00:00,1,2026-02-03T12:00:00+00:00||Prospect|demo3,75000,Pipeline,10,,Incumbent; Low-cost rival,true,https://crm.example.com/opportunities/OPP-1076,Tariq Aziz,2100000,JPY,15
15,Meridian Consulting -- 120-Seat Strategic Deal,,Qualified,North America,medium,,,,3,2025-12-16T12:00:00+00:00,demo5,2025-12-24T12:00:00+00:00,2,2025-12-16T12:00:00+00:00||Prospect|demo5; 2025-12-24T12:00:00+00:00|Prospect|Qualified|demo1,275000,Best case,28,2026-06-19,Incumbent; Low-cost rival,false,https://crm.example.com/opportunities/OPP-1022,Avery Brooks,600000,USD,10
16,Rio Health Network -- Hospital Operations Board,,Qualified,North America,medium,demo2,Renewal,2026-04-23,2,2026-01-25T12:00:00+00:00,demo2,2026-02-10T12:00:00+00:00,2,2026-01-25T12:00:00+00:00||Prospect|demo2; 2026-02-10T12:00:00+00:00|Prospect|Qualified|demo3,330000,Best case,28,2026-02-27,,false,https://crm.example.com/opportunities/OPP-1033,Avery Brooks,600000,USD,10
17,Southern Cross Media -- Content Calendar License,,Qualified,North America,medium,demo4,"SMB, Renewal",2026-04-02,6,2026-01-01T12:00:00+00:00,demo4,2026-01-21T12:00:00+00:00,2,2026-01-01T12:00:00+00:00||Prospect|demo4; 2026-01-21T12:00:00+00:00|Prospect|Qualified|demo5,385000,Best case,28,2026-05-22,Build in-house,false,https://crm.example.com/opportunities/OPP-1044,Avery Brooks,600000,USD,10
18,Stockholm SaaS -- 80-Seat Platform Migration,North America deal. Track buyer steps in the checklist; log every customer touch as a comment.,Qualified,North America,medium,,SMB,,4,2026-01-10T12:00:00+00:00,demo5,2026-01-14T12:00:00+00:00,2,2026-01-10T12:00:00+00:00||Prospect|demo5; 2026-01-14T12:00:00+00:00|Prospect|Qualified|demo1,95000,Best case,28,2026-05-28,Incumbent; Low-cost rival,false,https://crm.example.com/opportunities/OPP-1077,Avery Brooks,600000,USD,10
19,Riyadh Oil -- Operations Compliance Board,North America deal. Track buyer steps in the checklist; log every customer touch as a comment.,Qualified,North America,medium,demo2,"Renewal, Upsell",2026-03-04,2,2026-01-29T12:00:00+00:00,demo2,2026-02-02T12:00:00+00:00,2,2026-01-29T12:00:00+00:00||Prospect|demo2; 2026-02-02T12:00:00+00:00|Prospect|Qualified|demo3,210000,Best case,28,2026-06-14,Regional reseller,false,https://crm.example.com/opportunities/OPP-1088,Avery Brooks,600000,USD,10
20,Busan Shipping -- Fleet Operations Board,,Qualified,North America,urgent,demo1,,2026-04-11,4,2026-01-08T12:00:00+00:00,demo1,2026-02-01T12:00:00+00:00,2,2026-01-08T12:00:00+00:00||Prospect|demo1; 2026-02-01T12:00:00+00:00|Prospect|Qualified|demo2,270000,Best case,28,,,false,https://crm.example.com/opportunities/OPP-1110,Avery Brooks,600000,USD,10
21,Dragon Logistics -- Cross-Border Shipping Tracker,APAC deal. Track buyer steps in the checklist; log every customer touch as a comment.,Qualified,APAC,low,,Enterprise,2026-04-29,4,2025-12-14T12:00:00+00:00,demo5,2025-12-30T12:00:00+00:00,2,2025-12-14T12:00:00+00:00||Prospect|demo5; 2025-12-30T12:00:00+00:00|Prospect|Qualified|demo1,390000,Best case,28,2026-07-06,,false,https://crm.example.com/opportunities/OPP-1012,Priya Raman,750000,SGD,15
22,Clyde Engineering -- Manufacturing Workflow License,,Qualified,APAC,high,demo3,Upsell,2026-03-15,3,2026-01-29T12:00:00+00:00,demo3,2026-02-09T12:00:00+00:00,2,2026-01-29T12:00:00+00:00||Prospect|demo3; 2026-02-09T12:00:00+00:00|Prospect|Qualified|demo4,190000,Best case,28,2026-02-23,Incumbent,true,https://crm.example.com/opportunities/OPP-1056,Priya Raman,750000,SGD,15
23,Oslo Energy -- Renewable Project Board,,Qualified,APAC,high,demo2,Enterprise,2026-04-20,5,2026-01-31T12:00:00+00:00,demo2,2026-02-17T12:00:00+00:00,2,2026-01-31T12:00:00+00:00||Prospect|demo2; 2026-02-17T12:00:00+00:00|Prospect|Qualified|demo3,195000,Best case,28,2026-03-11,,true,https://crm.example.com/opportunities/OPP-1078,Priya Raman,750000,SGD,15
24,Bangkok Retail -- Store Operations Board,,Qualified,APAC,medium,demo1,"SMB, Strategic",2026-04-21,7,2025-12-29T12:00:00+00:00,demo1,2026-01-06T12:00:00+00:00,2,2025-12-29T12:00:00+00:00||Prospect|demo1; 2026-01-06T12:00:00+00:00|Prospect|Qualified|demo2,35000,Best case,28,,,false,https://crm.example.com/opportunities/OPP-1100,Priya Raman,750000,SGD,15
25,Phoenix Manufacturing -- QA Workflow License,ANZ deal. Track buyer steps in the checklist; log every customer touch as a comment.,Qualified,ANZ,medium,demo1,Renewal,2026-04-05,1,2025-12-31T12:00:00+00:00,demo1,2026-01-23T12:00:00+00:00,2,2025-12-31T12:00:00+00:00||Prospect|demo1; 2026-01-23T12:00:00+00:00|Prospect|Qualified|demo2,45000,Best case,28,2026-04-15,Incumbent; Low-cost rival,true,https://crm.example.com/opportunities/OPP-1015,Kwame Mensah,1200000,AUD,15
26,Daegu Retail -- Store Operations Board,,Qualified,ANZ,medium,demo4,"SMB, Upsell",2026-02-20,2,2026-01-16T12:00:00+00:00,demo4,2026-02-03T12:00:00+00:00,2,2026-01-16T12:00:00+00:00||Prospect|demo4; 2026-02-03T12:00:00+00:00|Prospect|Qualified|demo5,375000,Best case,28,2026-05-24,Incumbent; Low-cost rival,true,https://crm.example.com/opportunities/OPP-1114,Kwame Mensah,1200000,AUD,15
27,Vanguard Logistics -- 150-Seat Renewal + Expansion,,Qualified,DACH,medium,demo3,"Upsell, Renewal",2026-04-25,5,2025-12-24T12:00:00+00:00,demo3,2026-01-06T12:00:00+00:00,2,2025-12-24T12:00:00+00:00||Prospect|demo3; 2026-01-06T12:00:00+00:00|Prospect|Qualified|demo4,255000,Best case,28,,Incumbent; Low-cost rival,false,https://crm.example.com/opportunities/OPP-1006,Lucas Ferreira,1500000,EUR,10
28,Andes Pharmaceuticals -- Drug Development Pipeline,,Qualified,DACH,medium,demo4,"Strategic, SMB",2026-04-26,4,2026-01-11T12:00:00+00:00,demo4,2026-01-29T12:00:00+00:00,2,2026-01-11T12:00:00+00:00||Prospect|demo4; 2026-01-29T12:00:00+00:00|Prospect|Qualified|demo5,75000,Best case,28,2026-07-04,,true,https://crm.example.com/opportunities/OPP-1039,Lucas Ferreira,1500000,EUR,10
29,Hanoi Manufacturing -- Factory Kanban Board,,Qualified,DACH,urgent,demo1,,2026-03-21,6,2025-12-27T12:00:00+00:00,demo1,2026-01-14T12:00:00+00:00,2,2025-12-27T12:00:00+00:00||Prospect|demo1; 2026-01-14T12:00:00+00:00|Prospect|Qualified|demo2,285000,Best case,28,2026-03-29,Incumbent; Build in-house,false,https://crm.example.com/opportunities/OPP-1105,Lucas Ferreira,1500000,EUR,10
30,Jeju Tourism -- Guest Experience Board,,Qualified,DACH,medium,demo3,Renewal,,7,2026-01-10T12:00:00+00:00,demo3,2026-01-25T12:00:00+00:00,2,2026-01-10T12:00:00+00:00||Prospect|demo3; 2026-01-25T12:00:00+00:00|Prospect|Qualified|demo4,315000,Best case,28,2026-03-12,Incumbent,false,https://crm.example.com/opportunities/OPP-1116,Lucas Ferreira,1500000,EUR,10
31,Kuwait Petroleum -- Safety Tracking Board,,Qualified,Nordics,medium,demo1,Renewal,,3,2025-12-30T12:00:00+00:00,demo1,2026-01-21T12:00:00+00:00,2,2025-12-30T12:00:00+00:00||Prospect|demo1; 2026-01-21T12:00:00+00:00|Prospect|Qualified|demo2,70000,Best case,28,2026-04-29,,false,https://crm.example.com/opportunities/OPP-1095,Nadia Haddad,1650000,SEK,15
32,Golden Gate Trading -- Supply Chain Board,Opportunity in the Middle East territory. Keep the forecast category and close date current before Monday's pipeline call.,Qualified,Middle East,high,demo4,Enterprise,,8,2026-01-07T12:00:00+00:00,demo4,2026-01-21T12:00:00+00:00,2,2026-01-07T12:00:00+00:00||Prospect|demo4; 2026-01-21T12:00:00+00:00|Prospect|Qualified|demo5,160000,Best case,28,2026-07-07,,true,https://crm.example.com/opportunities/OPP-1019,Owen Gallagher,1800000,AED,20
33,Wombat Software -- 60-Seat Engineering Deal,Opportunity in the Southeast Asia territory. Keep the forecast category and close date current before Monday's pipeline call.,Qualified,Southeast Asia,high,demo2,,2026-03-20,3,2026-02-01T12:00:00+00:00,demo2,2026-02-11T12:00:00+00:00,2,2026-02-01T12:00:00+00:00||Prospect|demo2; 2026-02-11T12:00:00+00:00|Prospect|Qualified|demo3,55000,Best case,28,2026-04-06,Incumbent; Low-cost rival,false,https://crm.example.com/opportunities/OPP-1053,Sofia Marino,1950000,SGD,10
34,Singapore Fintech -- 60-Seat Compliance Board,Opportunity in the Southeast Asia territory. Keep the forecast category and close date current before Monday's pipeline call.,Qualified,Southeast Asia,medium,,Upsell,2026-04-15,6,2026-01-13T12:00:00+00:00,demo5,2026-02-06T12:00:00+00:00,2,2026-01-13T12:00:00+00:00||Prospect|demo5; 2026-02-06T12:00:00+00:00|Prospect|Qualified|demo1,210000,Best case,28,2026-04-02,Build in-house,false,https://crm.example.com/opportunities/OPP-1097,Sofia Marino,1950000,SGD,10
35,Quetzal Healthcare -- Clinic Management Board,,Qualified,Japan & Korea,high,demo2,"Renewal, Upsell",,5,2026-01-05T12:00:00+00:00,demo2,2026-01-17T12:00:00+00:00,2,2026-01-05T12:00:00+00:00||Prospect|demo2; 2026-01-17T12:00:00+00:00|Prospect|Qualified|demo3,20000,Best case,28,,,false,https://crm.example.com/opportunities/OPP-1043,Tariq Aziz,2100000,JPY,15
36,Sakura Electronics -- 100-Seat Engineering Board,North America deal. Track buyer steps in the checklist; log every customer touch as a comment.,Discovery,North America,low,demo3,"Enterprise, SMB",2026-04-26,2,2026-02-06T12:00:00+00:00,demo3,2026-02-27T12:00:00+00:00,5,2026-02-06T12:00:00+00:00||Prospect|demo3; 2026-02-13T12:00:00+00:00|Prospect|Qualified|demo4; 2026-02-18T12:00:00+00:00|Qualified|Prospect|demo5; 2026-02-24T12:00:00+00:00|Prospect|Qualified|demo1; 2026-02-27T12:00:00+00:00|Qualified|Discovery|demo2,325000,Commit,46,2026-05-27,,true,https://crm.example.com/opportunities/OPP-1011,Avery Brooks,600000,USD,10
37,Thames Capital -- Investment Pipeline Board,,Discovery,North America,medium,demo1,"Renewal, Enterprise",2026-04-05,1,2026-01-12T12:00:00+00:00,demo1,2026-02-01T12:00:00+00:00,3,2026-01-12T12:00:00+00:00||Prospect|demo1; 2026-01-23T12:00:00+00:00|Prospect|Qualified|demo2; 2026-02-01T12:00:00+00:00|Qualified|Discovery|demo3,440000,Commit,46,2026-06-27,Incumbent; Low-cost rival,true,https://crm.example.com/opportunities/OPP-1055,Avery Brooks,600000,USD,10
38,Pinnacle Health -- HIPAA Module Add-on,Opportunity in the APAC territory. Keep the forecast category and close date current before Monday's pipeline call.,Discovery,APAC,medium,demo3,"Enterprise, Strategic",,6,2026-02-02T12:00:00+00:00,demo3,2026-02-18T12:00:00+00:00,5,2026-02-02T12:00:00+00:00||Prospect|demo3; 2026-02-09T12:00:00+00:00|Prospect|Qualified|demo4; 2026-02-12T12:00:00+00:00|Qualified|Prospect|demo5; 2026-02-16T12:00:00+00:00|Prospect|Qualified|demo1; 2026-02-18T12:00:00+00:00|Qualified|Discovery|demo2,215000,Commit,46,2026-05-12,Low-cost rival,true,https://crm.example.com/opportunities/OPP-1001,Priya Raman,750000,SGD,15
39,EuroTech Solutions -- Engineering Workflow License,,Discovery,APAC,urgent,demo2,Renewal,,4,2025-12-30T12:00:00+00:00,demo2,2026-01-21T12:00:00+00:00,5,2025-12-30T12:00:00+00:00||Prospect|demo2; 2026-01-09T12:00:00+00:00|Prospect|Qualified|demo3; 2026-01-16T12:00:00+00:00|Qualified|Prospect|demo4; 2026-01-19T12:00:00+00:00|Prospect|Qualified|demo5; 2026-01-21T12:00:00+00:00|Qualified|Discovery|demo1,460000,Commit,46,2026-03-29,Low-cost rival; Build in-house,false,https://crm.example.com/opportunities/OPP-1023,Priya Raman,750000,SGD,15
40,Pampa Agritech -- Field Operations Tracker,,Discovery,EMEA,low,demo1,"Upsell, SMB",,5,2026-02-07T12:00:00+00:00,demo1,2026-02-21T12:00:00+00:00,3,2026-02-07T12:00:00+00:00||Prospect|demo1; 2026-02-19T12:00:00+00:00|Prospect|Qualified|demo2; 2026-02-21T12:00:00+00:00|Qualified|Discovery|demo3,145000,Commit,46,2026-07-04,,false,https://crm.example.com/opportunities/OPP-1035,Marcus Hale,900000,EUR,20
41,Helsinki Gaming -- Sprint Board License,Opportunity in the EMEA territory. Keep the forecast category and close date current before Monday's pipeline call.,Discovery,EMEA,low,demo4,,2026-04-10,2,2026-02-03T12:00:00+00:00,demo4,2026-02-24T12:00:00+00:00,5,2026-02-03T12:00:00+00:00||Prospect|demo4; 2026-02-11T12:00:00+00:00|Prospect|Qualified|demo5; 2026-02-15T12:00:00+00:00|Qualified|Prospect|demo1; 2026-02-19T12:00:00+00:00|Prospect|Qualified|demo2; 2026-02-24T12:00:00+00:00|Qualified|Discovery|demo3,280000,Commit,46,2026-06-18,Low-cost rival; Build in-house,false,https://crm.example.com/opportunities/OPP-1079,Marcus Hale,900000,EUR,20
42,Harbour Tech -- 80-Seat SaaS Startup Deal,Opportunity in the LATAM territory. Keep the forecast category and close date current before Monday's pipeline call.,Discovery,LATAM,medium,demo4,"Enterprise, SMB",2026-02-19,2,2026-01-20T12:00:00+00:00,demo4,2026-02-12T12:00:00+00:00,3,2026-01-20T12:00:00+00:00||Prospect|demo4; 2026-02-04T12:00:00+00:00|Prospect|Qualified|demo5; 2026-02-12T12:00:00+00:00|Qualified|Discovery|demo1,100000,Commit,46,2026-03-14,,false,https://crm.example.com/opportunities/OPP-1014,Elena Petrova,1050000,BRL,10
43,Baltic Shipping -- Logistics Board Bundle,LATAM deal. Track buyer steps in the checklist; log every customer touch as a comment.,Discovery,LATAM,high,demo1,Strategic,2026-02-18,7,2026-02-01T12:00:00+00:00,demo1,2026-02-17T12:00:00+00:00,3,2026-02-01T12:00:00+00:00||Prospect|demo1; 2026-02-07T12:00:00+00:00|Prospect|Qualified|demo2; 2026-02-17T12:00:00+00:00|Qualified|Discovery|demo3,355000,Commit,46,2026-05-06,,false,https://crm.example.com/opportunities/OPP-1025,Elena Petrova,1050000,BRL,10
44,Kiwi Creative -- Campaign Sprint Board,,Discovery,LATAM,medium,,,2026-04-16,2,2026-02-13T12:00:00+00:00,demo5,2026-03-03T12:00:00+00:00,5,2026-02-13T12:00:00+00:00||Prospect|demo5; 2026-02-20T12:00:00+00:00|Prospect|Qualified|demo1; 2026-02-25T12:00:00+00:00|Qualified|Prospect|demo2; 2026-03-01T12:00:00+00:00|Prospect|Qualified|demo3; 2026-03-03T12:00:00+00:00|Qualified|Discovery|demo4,75000,Commit,46,2026-03-06,Regional reseller,true,https://crm.example.com/opportunities/OPP-1047,Elena Petrova,1050000,BRL,10
45,Redwood Therapeutics -- Clinical Ops Board License,,Discovery,ANZ,high,demo4,SMB,2026-02-22,3,2026-02-01T12:00:00+00:00,demo4,2026-02-21T12:00:00+00:00,3,2026-02-01T12:00:00+00:00||Prospect|demo4; 2026-02-15T12:00:00+00:00|Prospect|Qualified|demo5; 2026-02-21T12:00:00+00:00|Qualified|Discovery|demo1,465000,Commit,46,2026-03-21,Low-cost rival; Build in-house,false,https://crm.example.com/opportunities/OPP-1004,Kwame Mensah,1200000,AUD,15
46,Cebu Software -- 40-Seat Startup Deal,,Discovery,ANZ,high,demo2,"Upsell, Strategic",2026-02-26,6,2025-12-22T12:00:00+00:00,demo2,2026-01-26T12:00:00+00:00,5,2025-12-22T12:00:00+00:00||Prospect|demo2; 2026-01-06T12:00:00+00:00|Prospect|Qualified|demo3; 2026-01-10T12:00:00+00:00|Qualified|Prospect|demo4; 2026-01-13T12:00:00+00:00|Prospect|Qualified|demo5; 2026-01-26T12:00:00+00:00|Qualified|Discovery|demo1,255000,Commit,46,2026-04-20,Low-cost rival,true,https://crm.example.com/opportunities/OPP-1103,Kwame Mensah,1200000,AUD,15
47,Bushland Agriculture -- Farm Operations Board,Opportunity in the UK & Ireland territory. Keep the forecast category and close date current before Monday's pipeline call.,Discovery,UK & Ireland,high,demo4,"Enterprise, SMB",2026-02-25,4,2026-02-12T12:00:00+00:00,demo4,2026-02-23T12:00:00+00:00,3,2026-02-12T12:00:00+00:00||Prospect|demo4; 2026-02-19T12:00:00+00:00|Prospect|Qualified|demo5; 2026-02-23T12:00:00+00:00|Qualified|Discovery|demo1,280000,Commit,46,2026-06-02,Build in-house,true,https://crm.example.com/opportunities/OPP-1049,Hana Kobayashi,1350000,GBP,20
48,Mersey Digital -- Agency Campaign Tracker,,Discovery,UK & Ireland,high,demo1,SMB,,3,2026-01-17T12:00:00+00:00,demo1,2026-02-12T12:00:00+00:00,3,2026-01-17T12:00:00+00:00||Prospect|demo1; 2026-02-02T12:00:00+00:00|Prospect|Qualified|demo2; 2026-02-12T12:00:00+00:00|Qualified|Discovery|demo3,330000,Commit,46,2026-03-28,Low-cost rival,false,https://crm.example.com/opportunities/OPP-1060,Hana Kobayashi,1350000,GBP,20
49,Muscat Engineering -- Infrastructure Project Board,,Discovery,UK & Ireland,high,demo2,Strategic,,3,2025-12-18T12:00:00+00:00,demo2,2026-01-01T12:00:00+00:00,3,2025-12-18T12:00:00+00:00||Prospect|demo2; 2025-12-27T12:00:00+00:00|Prospect|Qualified|demo3; 2026-01-01T12:00:00+00:00|Qualified|Discovery|demo4,105000,Commit,46,2026-05-20,,false,https://crm.example.com/opportunities/OPP-1093,Hana Kobayashi,1350000,GBP,20
50,Tidal Wave Media -- Content Production License,,Discovery,DACH,high,,"SMB, Strategic",2026-03-25,5,2026-01-27T12:00:00+00:00,demo5,2026-02-15T12:00:00+00:00,3,2026-01-27T12:00:00+00:00||Prospect|demo5; 2026-02-06T12:00:00+00:00|Prospect|Qualified|demo1; 2026-02-15T12:00:00+00:00|Qualified|Discovery|demo2,455000,Commit,46,2026-04-29,,false,https://crm.example.com/opportunities/OPP-1017,Lucas Ferreira,1500000,EUR,10
51,Pacific Rim Insurance -- Claims Workflow Board,,Discovery,Nordics,medium,demo2,Upsell,2026-04-23,5,2025-12-27T12:00:00+00:00,demo2,2026-01-30T12:00:00+00:00,5,2025-12-27T12:00:00+00:00||Prospect|demo2; 2026-01-12T12:00:00+00:00|Prospect|Qualified|demo3; 2026-01-17T12:00:00+00:00|Qualified|Prospect|demo4; 2026-01-27T12:00:00+00:00|Prospect|Qualified|demo5; 2026-01-30T12:00:00+00:00|Qualified|Discovery|demo1,110000,Commit,46,2026-06-12,Incumbent; Regional reseller,false,https://crm.example.com/opportunities/OPP-1018,Nadia Haddad,1650000,SEK,15
52,Danube Data -- Analytics Platform Package,Opportunity in the Nordics territory. Keep the forecast category and close date current before Monday's pipeline call.,Discovery,Nordics,medium,demo4,SMB,2026-02-13,2,2026-01-30T12:00:00+00:00,demo4,2026-02-23T12:00:00+00:00,5,2026-01-30T12:00:00+00:00||Prospect|demo4; 2026-02-07T12:00:00+00:00|Prospect|Qualified|demo5; 2026-02-12T12:00:00+00:00|Qualified|Prospect|demo1; 2026-02-19T12:00:00+00:00|Prospect|Qualified|demo2; 2026-02-23T12:00:00+00:00|Qualified|Discovery|demo3,270000,Commit,46,2026-04-16,,true,https://crm.example.com/opportunities/OPP-1029,Nadia Haddad,1650000,SEK,15
53,Bergen Consulting -- Advisory Pipeline Board,,Discovery,Nordics,urgent,demo4,"Upsell, Strategic",2026-03-29,7,2025-12-10T12:00:00+00:00,demo4,2025-12-23T12:00:00+00:00,3,2025-12-10T12:00:00+00:00||Prospect|demo4; 2025-12-21T12:00:00+00:00|Prospect|Qualified|demo5; 2025-12-23T12:00:00+00:00|Qualified|Discovery|demo1,200000,Commit,46,2026-03-13,Build in-house,false,https://crm.example.com/opportunities/OPP-1084,Nadia Haddad,1650000,SEK,15
54,Apex Manufacturing -- Factory Floor Kanban,,Discovery,Middle East,medium,demo2,,2026-04-12,1,2026-02-07T12:00:00+00:00,demo2,2026-02-24T12:00:00+00:00,3,2026-02-07T12:00:00+00:00||Prospect|demo2; 2026-02-16T12:00:00+00:00|Prospect|Qualified|demo3; 2026-02-24T12:00:00+00:00|Qualified|Discovery|demo4,35000,Commit,46,2026-06-18,,false,https://crm.example.com/opportunities/OPP-1008,Owen Gallagher,1800000,AED,20
55,Cono Sur Retail -- 300-Store Ops Board,,Discovery,Middle East,high,demo3,"Upsell, Enterprise",2026-04-29,4,2026-01-29T12:00:00+00:00,demo3,2026-02-15T12:00:00+00:00,5,2026-01-29T12:00:00+00:00||Prospect|demo3; 2026-02-05T12:00:00+00:00|Prospect|Qualified|demo4; 2026-02-08T12:00:00+00:00|Qualified|Prospect|demo5; 2026-02-13T12:00:00+00:00|Prospect|Qualified|demo1; 2026-02-15T12:00:00+00:00|Qualified|Discovery|demo2,425000,Commit,46,2026-05-24,Incumbent; Regional reseller,false,https://crm.example.com/opportunities/OPP-1041,Owen Gallagher,1800000,AED,20
56,Bern Data Systems -- Analytics Board Package,Opportunity in the Middle East territory. Keep the forecast category and close date current before Monday's pipeline call.,Discovery,Middle East,high,demo4,,2026-04-10,8,2026-02-12T12:00:00+00:00,demo4,2026-02-24T12:00:00+00:00,3,2026-02-12T12:00:00+00:00||Prospect|demo4; 2026-02-22T12:00:00+00:00|Prospect|Qualified|demo5; 2026-02-24T12:00:00+00:00|Qualified|Discovery|demo1,300000,Commit,46,2026-03-18,Build in-house; Regional reseller,false,https://crm.example.com/opportunities/OPP-1074,Owen Gallagher,1800000,AED,20
57,Tokyo Electronics -- 500-Seat Enterprise Deal,,Discovery,Middle East,low,,"SMB, Renewal",2026-03-22,5,2026-02-10T12:00:00+00:00,demo5,2026-02-24T12:00:00+00:00,5,2026-02-10T12:00:00+00:00||Prospect|demo5; 2026-02-15T12:00:00+00:00|Prospect|Qualified|demo1; 2026-02-17T12:00:00+00:00|Qualified|Prospect|demo2; 2026-02-19T12:00:00+00:00|Prospect|Qualified|demo3; 2026-02-24T12:00:00+00:00|Qualified|Discovery|demo4,275000,Commit,46,2026-06-01,,false,https://crm.example.com/opportunities/OPP-1107,Owen Gallagher,1800000,AED,20
58,Frankfurt Finance -- Compliance Workflow Deal,Opportunity in the Southeast Asia territory. Keep the forecast category and close date current before Monday's pipeline call.,Discovery,Southeast Asia,low,demo1,Upsell,,8,2026-01-30T12:00:00+00:00,demo1,2026-02-10T12:00:00+00:00,3,2026-01-30T12:00:00+00:00||Prospect|demo1; 2026-02-05T12:00:00+00:00|Prospect|Qualified|demo2; 2026-02-10T12:00:00+00:00|Qualified|Discovery|demo3,85000,Commit,46,2026-06-14,,true,https://crm.example.com/opportunities/OPP-1075,Sofia Marino,1950000,SGD,10
59,Aarhus Digital -- Agency Board 30 Seats,,Discovery,Southeast Asia,medium,demo3,,2026-03-26,3,2026-01-16T12:00:00+00:00,demo3,2026-02-15T12:00:00+00:00,3,2026-01-16T12:00:00+00:00||Prospect|demo3; 2026-02-02T12:00:00+00:00|Prospect|Qualified|demo4; 2026-02-15T12:00:00+00:00|Qualified|Discovery|demo5,375000,Commit,46,,Incumbent; Build in-house,false,https://crm.example.com/opportunities/OPP-1086,Sofia Marino,1950000,SGD,10
60,Osaka Manufacturing -- Quality Board Package,Japan & Korea deal. Track buyer steps in the checklist; log every customer touch as a comment.,Discovery,Japan & Korea,medium,demo4,Renewal,2026-03-16,2,2026-01-06T12:00:00+00:00,demo4,2026-01-28T12:00:00+00:00,3,2026-01-06T12:00:00+00:00||Prospect|demo4; 2026-01-26T12:00:00+00:00|Prospect|Qualified|demo5; 2026-01-28T12:00:00+00:00|Qualified|Discovery|demo1,415000,Commit,46,2026-06-19,,true,https://crm.example.com/opportunities/OPP-1109,Tariq Aziz,2100000,JPY,15
61,Nordic Finance Group -- SOC 2 Compliance Package,Opportunity in the EMEA territory. Keep the forecast category and close date current before Monday's pipeline call.,Demo,EMEA,low,demo4,"Enterprise, Upsell",2026-03-18,3,2025-12-31T12:00:00+00:00,demo4,2026-01-20T12:00:00+00:00,4,2025-12-31T12:00:00+00:00||Prospect|demo4; 2026-01-11T12:00:00+00:00|Prospect|Qualified|demo5; 2026-01-18T12:00:00+00:00|Qualified|Discovery|demo1; 2026-01-20T12:00:00+00:00|Discovery|Demo|demo2,340000,Commit,64,2026-05-29,,false,https://crm.example.com/opportunities/OPP-1024,Marcus Hale,900000,EUR,20
62,Qatar Airways Cargo -- Logistics Board Deal,Opportunity in the EMEA territory. Keep the forecast category and close date current before Monday's pipeline call.,Demo,EMEA,low,demo1,Upsell,2026-03-21,2,2026-01-06T12:00:00+00:00,demo1,2026-01-26T12:00:00+00:00,4,2026-01-06T12:00:00+00:00||Prospect|demo1; 2026-01-17T12:00:00+00:00|Prospect|Qualified|demo2; 2026-01-20T12:00:00+00:00|Qualified|Discovery|demo3; 2026-01-26T12:00:00+00:00|Discovery|Demo|demo4,20000,Commit,64,2026-05-20,,false,https://crm.example.com/opportunities/OPP-1090,Marcus Hale,900000,EUR,20
63,Ho Chi Minh Tech -- Engineering Board License,Opportunity in the EMEA territory. Keep the forecast category and close date current before Monday's pipeline call.,Demo,EMEA,high,demo3,Upsell,2026-04-08,1,2026-02-06T12:00:00+00:00,demo3,2026-02-22T12:00:00+00:00,4,2026-02-06T12:00:00+00:00||Prospect|demo3; 2026-02-13T12:00:00+00:00|Prospect|Qualified|demo4; 2026-02-17T12:00:00+00:00|Qualified|Discovery|demo5; 2026-02-22T12:00:00+00:00|Discovery|Demo|demo1,260000,Commit,64,2026-06-24,,false,https://crm.example.com/opportunities/OPP-1101,Marcus Hale,900000,EUR,20
64,Severn Healthcare -- NHS Trust Operations Board,ANZ deal. Track buyer steps in the checklist; log every customer touch as a comment.,Demo,ANZ,medium,demo4,"SMB, Upsell",2026-04-24,7,2025-12-24T12:00:00+00:00,demo4,2026-01-06T12:00:00+00:00,4,2025-12-24T12:00:00+00:00||Prospect|demo4; 2025-12-31T12:00:00+00:00|Prospect|Qualified|demo5; 2026-01-02T12:00:00+00:00|Qualified|Discovery|demo1; 2026-01-06T12:00:00+00:00|Discovery|Demo|demo2,365000,Commit,64,2026-04-24,,true,https://crm.example.com/opportunities/OPP-1059,Kwame Mensah,1200000,AUD,15
65,Jade Capital -- Investment Pipeline Board,Opportunity in the UK & Ireland territory. Keep the forecast category and close date current before Monday's pipeline call.,Demo,UK & Ireland,urgent,demo3,,2026-02-20,2,2025-12-18T12:00:00+00:00,demo3,2026-01-14T12:00:00+00:00,4,2025-12-18T12:00:00+00:00||Prospect|demo3; 2025-12-28T12:00:00+00:00|Prospect|Qualified|demo4; 2026-01-01T12:00:00+00:00|Qualified|Discovery|demo5; 2026-01-14T12:00:00+00:00|Discovery|Demo|demo1,415000,Commit,64,2026-04-02,,false,https://crm.example.com/opportunities/OPP-1016,Hana Kobayashi,1350000,GBP,20
66,Caribe Tourism Group -- Property Management Board,,Demo,UK & Ireland,high,demo2,Enterprise,2026-03-29,4,2026-01-25T12:00:00+00:00,demo2,2026-02-11T12:00:00+00:00,4,2026-01-25T12:00:00+00:00||Prospect|demo2; 2026-02-02T12:00:00+00:00|Prospect|Qualified|demo3; 2026-02-08T12:00:00+00:00|Qualified|Discovery|demo4; 2026-02-11T12:00:00+00:00|Discovery|Demo|demo5,450000,Commit,64,,,false,https://crm.example.com/opportunities/OPP-1038,Hana Kobayashi,1350000,GBP,20
67,Belfast Tech -- 50-Seat SaaS Startup Deal,Opportunity in the DACH territory. Keep the forecast category and close date current before Monday's pipeline call.,Demo,DACH,medium,demo3,,2026-03-03,7,2025-12-17T12:00:00+00:00,demo3,2026-01-21T12:00:00+00:00,4,2025-12-17T12:00:00+00:00||Prospect|demo3; 2026-01-01T12:00:00+00:00|Prospect|Qualified|demo4; 2026-01-10T12:00:00+00:00|Qualified|Discovery|demo5; 2026-01-21T12:00:00+00:00|Discovery|Demo|demo1,260000,Commit,64,2026-04-29,Build in-house; Regional reseller,false,https://crm.example.com/opportunities/OPP-1061,Lucas Ferreira,1500000,EUR,10
68,Phnom Penh NGO -- Program Operations Board,,Demo,Nordics,medium,demo3,,2026-04-20,5,2026-02-07T12:00:00+00:00,demo3,2026-02-23T12:00:00+00:00,4,2026-02-07T12:00:00+00:00||Prospect|demo3; 2026-02-14T12:00:00+00:00|Prospect|Qualified|demo4; 2026-02-20T12:00:00+00:00|Qualified|Discovery|demo5; 2026-02-23T12:00:00+00:00|Discovery|Demo|demo1,445000,Commit,64,2026-05-01,Low-cost rival,false,https://crm.example.com/opportunities/OPP-1106,Nadia Haddad,1650000,SEK,15
69,Celtic Insurance -- Claims Processing Board,,Demo,Middle East,high,demo1,"Upsell, Strategic",2026-02-28,8,2026-02-09T12:00:00+00:00,demo1,2026-02-25T12:00:00+00:00,3,2026-02-09T12:00:00+00:00||Prospect|demo1; 2026-02-21T12:00:00+00:00|Prospect|Discovery|demo2; 2026-02-25T12:00:00+00:00|Discovery|Demo|demo3,145000,Commit,64,2026-06-05,,true,https://crm.example.com/opportunities/OPP-1030,Owen Gallagher,1800000,AED,20
70,Cotswold Publishing -- Editorial Workflow License,Middle East deal. Track buyer steps in the checklist; log every customer touch as a comment.,Demo,Middle East,high,demo2,"SMB, Enterprise",2026-02-21,4,2026-01-26T12:00:00+00:00,demo2,2026-02-11T12:00:00+00:00,4,2026-01-26T12:00:00+00:00||Prospect|demo2; 2026-02-03T12:00:00+00:00|Prospect|Qualified|demo3; 2026-02-09T12:00:00+00:00|Qualified|Discovery|demo4; 2026-02-11T12:00:00+00:00|Discovery|Demo|demo5,120000,Commit,64,2026-05-05,Incumbent,false,https://crm.example.com/opportunities/OPP-1063,Owen Gallagher,1800000,AED,20
71,Sharjah Education -- Academic Operations Board,,Demo,Middle East,medium,demo3,,,7,2025-12-23T12:00:00+00:00,demo3,2026-01-26T12:00:00+00:00,4,2025-12-23T12:00:00+00:00||Prospect|demo3; 2025-12-31T12:00:00+00:00|Prospect|Qualified|demo4; 2026-01-14T12:00:00+00:00|Qualified|Discovery|demo5; 2026-01-26T12:00:00+00:00|Discovery|Demo|demo1,95000,Commit,64,2026-04-02,Incumbent; Regional reseller,false,https://crm.example.com/opportunities/OPP-1096,Owen Gallagher,1800000,AED,20
72,Mayan Software -- Engineering Team License,Southeast Asia deal. Track buyer steps in the checklist; log every customer touch as a comment.,Demo,Southeast Asia,medium,,,2026-03-28,1,2026-01-19T12:00:00+00:00,demo5,2026-02-11T12:00:00+00:00,3,2026-01-19T12:00:00+00:00||Prospect|demo5; 2026-02-01T12:00:00+00:00|Prospect|Discovery|demo1; 2026-02-11T12:00:00+00:00|Discovery|Demo|demo2,445000,Commit,64,2026-04-09,Incumbent; Build in-house,true,https://crm.example.com/opportunities/OPP-1042,Sofia Marino,1950000,SGD,10
73,Acme Corp -- Annual Platform License,,Proposal Sent,North America,low,demo1,Upsell,,4,2026-02-04T12:00:00+00:00,demo1,2026-02-26T12:00:00+00:00,7,2026-02-04T12:00:00+00:00||Prospect|demo1; 2026-02-10T12:00:00+00:00|Prospect|Qualified|demo2; 2026-02-14T12:00:00+00:00|Qualified|Discovery|demo3; 2026-02-17T12:00:00+00:00|Discovery|Demo|demo4; 2026-02-19T12:00:00+00:00|Demo|Discovery|demo5; 2026-02-22T12:00:00+00:00|Discovery|Demo|demo1; 2026-02-26T12:00:00+00:00|Demo|Proposal Sent|demo2,175000,Closed won,82,2026-03-05,,false,https://crm.example.com/opportunities/OPP-1000,Avery Brooks,600000,USD,10
74,Outback Mining -- Safety Incident Board,,Proposal Sent,APAC,medium,demo1,"SMB, Strategic",2026-02-15,2,2025-12-21T12:00:00+00:00,demo1,2026-01-16T12:00:00+00:00,5,2025-12-21T12:00:00+00:00||Prospect|demo1; 2025-12-28T12:00:00+00:00|Prospect|Qualified|demo2; 2026-01-03T12:00:00+00:00|Qualified|Discovery|demo3; 2026-01-10T12:00:00+00:00|Discovery|Demo|demo4; 2026-01-16T12:00:00+00:00|Demo|Proposal Sent|demo5,115000,Closed won,82,2026-05-03,,false,https://crm.example.com/opportunities/OPP-1045,Priya Raman,750000,SGD,15
75,Abu Dhabi Finance -- Investment Pipeline License,Opportunity in the APAC territory. Keep the forecast category and close date current before Monday's pipeline call.,Proposal Sent,APAC,high,demo4,"Renewal, Strategic",2026-03-25,3,2026-01-25T12:00:00+00:00,demo4,2026-02-14T12:00:00+00:00,4,2026-01-25T12:00:00+00:00||Prospect|demo4; 2026-02-02T12:00:00+00:00|Prospect|Qualified|demo5; 2026-02-10T12:00:00+00:00|Qualified|Discovery|demo1; 2026-02-14T12:00:00+00:00|Discovery|Proposal Sent|demo2,305000,Closed won,82,2026-07-04,Low-cost rival,false,https://crm.example.com/opportunities/OPP-1089,Priya Raman,750000,SGD,15
76,Kyoto Pharmaceuticals -- Drug Pipeline Board,,Proposal Sent,APAC,high,demo3,,2026-04-23,5,2026-02-09T12:00:00+00:00,demo3,2026-02-27T12:00:00+00:00,5,2026-02-09T12:00:00+00:00||Prospect|demo3; 2026-02-15T12:00:00+00:00|Prospect|Qualified|demo4; 2026-02-17T12:00:00+00:00|Qualified|Discovery|demo5; 2026-02-22T12:00:00+00:00|Discovery|Demo|demo1; 2026-02-27T12:00:00+00:00|Demo|Proposal Sent|demo2,420000,Closed won,82,2026-05-13,,false,https://crm.example.com/opportunities/OPP-1111,Priya Raman,750000,SGD,15
77,Harbour Digital -- 40-Seat Startup Deal,,Proposal Sent,EMEA,medium,demo3,"Enterprise, SMB",2026-03-14,2,2025-12-31T12:00:00+00:00,demo3,2026-01-18T12:00:00+00:00,5,2025-12-31T12:00:00+00:00||Prospect|demo3; 2026-01-10T12:00:00+00:00|Prospect|Qualified|demo4; 2026-01-12T12:00:00+00:00|Qualified|Discovery|demo5; 2026-01-16T12:00:00+00:00|Discovery|Demo|demo1; 2026-01-18T12:00:00+00:00|Demo|Proposal Sent|demo2,345000,Closed won,82,2026-05-12,Regional reseller,false,https://crm.example.com/opportunities/OPP-1046,Marcus Hale,900000,EUR,20
78,Dublin Analytics -- Data Team Kanban,,Proposal Sent,EMEA,medium,,"Renewal, SMB",2026-03-22,5,2025-12-22T12:00:00+00:00,demo5,2026-01-27T12:00:00+00:00,5,2025-12-22T12:00:00+00:00||Prospect|demo5; 2025-12-28T12:00:00+00:00|Prospect|Qualified|demo1; 2026-01-08T12:00:00+00:00|Qualified|Discovery|demo2; 2026-01-14T12:00:00+00:00|Discovery|Demo|demo3; 2026-01-27T12:00:00+00:00|Demo|Proposal Sent|demo4,195000,Closed won,82,2026-05-24,,false,https://crm.example.com/opportunities/OPP-1057,Marcus Hale,900000,EUR,20
79,Amazonia Logistics -- Last-Mile Delivery Board,Opportunity in the LATAM territory. Keep the forecast category and close date current before Monday's pipeline call.,Proposal Sent,LATAM,urgent,demo3,,2026-03-01,1,2025-12-20T12:00:00+00:00,demo3,2026-01-27T12:00:00+00:00,5,2025-12-20T12:00:00+00:00||Prospect|demo3; 2026-01-02T12:00:00+00:00|Prospect|Qualified|demo4; 2026-01-05T12:00:00+00:00|Qualified|Discovery|demo5; 2026-01-19T12:00:00+00:00|Discovery|Demo|demo1; 2026-01-27T12:00:00+00:00|Demo|Proposal Sent|demo2,230000,Closed won,82,2026-06-15,,false,https://crm.example.com/opportunities/OPP-1036,Elena Petrova,1050000,BRL,10
80,Doha Healthcare -- Hospital Operations Board,Opportunity in the LATAM territory. Keep the forecast category and close date current before Monday's pipeline call.,Proposal Sent,LATAM,medium,demo3,,2026-04-18,3,2025-12-12T12:00:00+00:00,demo3,2026-01-29T12:00:00+00:00,5,2025-12-12T12:00:00+00:00||Prospect|demo3; 2025-12-30T12:00:00+00:00|Prospect|Qualified|demo4; 2026-01-12T12:00:00+00:00|Qualified|Discovery|demo5; 2026-01-26T12:00:00+00:00|Discovery|Demo|demo1; 2026-01-29T12:00:00+00:00|Demo|Proposal Sent|demo2,45000,Closed won,82,,Build in-house,false,https://crm.example.com/opportunities/OPP-1091,Elena Petrova,1050000,BRL,10
81,Nagoya Automotive -- Production Kanban 300 Seats,Opportunity in the LATAM territory. Keep the forecast category and close date current before Monday's pipeline call.,Proposal Sent,LATAM,high,demo2,"Enterprise, Renewal",2026-04-06,2,2026-01-10T12:00:00+00:00,demo2,2026-02-03T12:00:00+00:00,5,2026-01-10T12:00:00+00:00||Prospect|demo2; 2026-01-19T12:00:00+00:00|Prospect|Qualified|demo3; 2026-01-24T12:00:00+00:00|Qualified|Discovery|demo4; 2026-02-01T12:00:00+00:00|Discovery|Demo|demo5; 2026-02-03T12:00:00+00:00|Demo|Proposal Sent|demo1,65000,Closed won,82,,Incumbent; Build in-house,false,https://crm.example.com/opportunities/OPP-1113,Elena Petrova,1050000,BRL,10
82,Iberian Software -- Platform Migration 200 Seats,UK & Ireland deal. Track buyer steps in the checklist; log every customer touch as a comment.,Proposal Sent,UK & Ireland,medium,,Strategic,2026-03-23,7,2025-12-15T12:00:00+00:00,demo5,2026-01-28T12:00:00+00:00,7,2025-12-15T12:00:00+00:00||Prospect|demo5; 2025-12-27T12:00:00+00:00|Prospect|Qualified|demo1; 2025-12-31T12:00:00+00:00|Qualified|Discovery|demo2; 2026-01-10T12:00:00+00:00|Discovery|Qualified|demo3; 2026-01-16T12:00:00+00:00|Qualified|Discovery|demo4; 2026-01-19T12:00:00+00:00|Discovery|Demo|demo5; 2026-01-28T12:00:00+00:00|Demo|Proposal Sent|demo1,475000,Closed won,82,2026-06-03,,false,https://crm.example.com/opportunities/OPP-1027,Hana Kobayashi,1350000,GBP,20
83,Fukuoka Software -- Engineering Board 80 Seats,Opportunity in the UK & Ireland territory. Keep the forecast category and close date current before Monday's pipeline call.,Proposal Sent,UK & Ireland,low,demo1,"Upsell, Enterprise",2026-03-06,3,2025-12-14T12:00:00+00:00,demo1,2026-01-22T12:00:00+00:00,7,2025-12-14T12:00:00+00:00||Prospect|demo1; 2025-12-27T12:00:00+00:00|Prospect|Qualified|demo2; 2025-12-31T12:00:00+00:00|Qualified|Discovery|demo3; 2026-01-02T12:00:00+00:00|Discovery|Demo|demo4; 2026-01-09T12:00:00+00:00|Demo|Discovery|demo5; 2026-01-17T12:00:00+00:00|Discovery|Demo|demo1; 2026-01-22T12:00:00+00:00|Demo|Proposal Sent|demo2,430000,Closed won,82,2026-03-12,Incumbent; Low-cost rival,false,https://crm.example.com/opportunities/OPP-1115,Hana Kobayashi,1350000,GBP,20
84,Benelux Pharma -- Clinical Trial Board License,,Proposal Sent,DACH,high,demo2,SMB,2026-03-15,5,2025-12-19T12:00:00+00:00,demo2,2026-01-16T12:00:00+00:00,4,2025-12-19T12:00:00+00:00||Prospect|demo2; 2025-12-26T12:00:00+00:00|Prospect|Qualified|demo3; 2026-01-08T12:00:00+00:00|Qualified|Demo|demo4; 2026-01-16T12:00:00+00:00|Demo|Proposal Sent|demo5,285000,Closed won,82,2026-04-27,Incumbent; Low-cost rival,true,https://crm.example.com/opportunities/OPP-1028,Lucas Ferreira,1500000,EUR,10
85,Wallaby Fintech -- Compliance Workflow License,DACH deal. Track buyer steps in the checklist; log every customer touch as a comment.,Proposal Sent,DACH,high,demo1,"Upsell, SMB",,2,2025-12-29T12:00:00+00:00,demo1,2026-01-30T12:00:00+00:00,5,2025-12-29T12:00:00+00:00||Prospect|demo1; 2026-01-07T12:00:00+00:00|Prospect|Qualified|demo2; 2026-01-19T12:00:00+00:00|Qualified|Discovery|demo3; 2026-01-25T12:00:00+00:00|Discovery|Demo|demo4; 2026-01-30T12:00:00+00:00|Demo|Proposal Sent|demo5,20000,Closed won,82,2026-05-19,,false,https://crm.example.com/opportunities/OPP-1050,Lucas Ferreira,1500000,EUR,10
86,Dresden Automotive -- QA Pipeline Board,,Proposal Sent,DACH,medium,,SMB,,5,2026-01-24T12:00:00+00:00,demo5,2026-02-16T12:00:00+00:00,5,2026-01-24T12:00:00+00:00||Prospect|demo5; 2026-02-05T12:00:00+00:00|Prospect|Qualified|demo1; 2026-02-11T12:00:00+00:00|Qualified|Discovery|demo2; 2026-02-14T12:00:00+00:00|Discovery|Demo|demo3; 2026-02-16T12:00:00+00:00|Demo|Proposal Sent|demo4,210000,Closed won,82,2026-03-14,Low-cost rival,false,https://crm.example.com/opportunities/OPP-1072,Lucas Ferreira,1500000,EUR,10
87,NovaGen Biotech -- Lab Management Board Pilot,,Proposal Sent,Nordics,medium,,Upsell,2026-04-24,1,2026-02-12T12:00:00+00:00,demo5,2026-03-02T12:00:00+00:00,5,2026-02-12T12:00:00+00:00||Prospect|demo5; 2026-02-18T12:00:00+00:00|Prospect|Qualified|demo1; 2026-02-21T12:00:00+00:00|Qualified|Discovery|demo2; 2026-02-26T12:00:00+00:00|Discovery|Demo|demo3; 2026-03-02T12:00:00+00:00|Demo|Proposal Sent|demo4,350000,Closed won,82,2026-05-11,Regional reseller,true,https://crm.example.com/opportunities/OPP-1007,Nadia Haddad,1650000,SEK,15
88,Plata Financial -- Banking Compliance Board,Opportunity in the Nordics territory. Keep the forecast category and close date current before Monday's pipeline call.,Proposal Sent,Nordics,urgent,demo1,Strategic,,5,2026-01-19T12:00:00+00:00,demo1,2026-02-08T12:00:00+00:00,5,2026-01-19T12:00:00+00:00||Prospect|demo1; 2026-01-25T12:00:00+00:00|Prospect|Qualified|demo2; 2026-01-30T12:00:00+00:00|Qualified|Discovery|demo3; 2026-02-03T12:00:00+00:00|Discovery|Demo|demo4; 2026-02-08T12:00:00+00:00|Demo|Proposal Sent|demo5,435000,Closed won,82,2026-05-04,Regional reseller,false,https://crm.example.com/opportunities/OPP-1040,Nadia Haddad,1650000,SEK,15
89,Salzburg Tourism -- Guest Operations License,,Proposal Sent,Nordics,high,demo2,,2026-04-07,2,2026-01-26T12:00:00+00:00,demo2,2026-02-15T12:00:00+00:00,4,2026-01-26T12:00:00+00:00||Prospect|demo2; 2026-02-08T12:00:00+00:00|Prospect|Discovery|demo3; 2026-02-11T12:00:00+00:00|Discovery|Demo|demo4; 2026-02-15T12:00:00+00:00|Demo|Proposal Sent|demo5,20000,Closed won,82,,,true,https://crm.example.com/opportunities/OPP-1073,Nadia Haddad,1650000,SEK,15
90,Tampere Automotive -- QA Workflow License,Middle East deal. Track buyer steps in the checklist; log every customer touch as a comment.,Proposal Sent,Middle East,high,demo1,Renewal,2026-03-30,2,2026-01-16T12:00:00+00:00,demo1,2026-02-07T12:00:00+00:00,4,2026-01-16T12:00:00+00:00||Prospect|demo1; 2026-01-25T12:00:00+00:00|Prospect|Qualified|demo2; 2026-02-01T12:00:00+00:00|Qualified|Demo|demo3; 2026-02-07T12:00:00+00:00|Demo|Proposal Sent|demo4,150000,Closed won,82,2026-04-04,Build in-house,false,https://crm.example.com/opportunities/OPP-1085,Owen Gallagher,1800000,AED,20
91,Aegean Hospitality -- Resort Operations License,Southeast Asia deal. Track buyer steps in the checklist; log every customer touch as a comment.,Proposal Sent,Southeast Asia,high,demo3,,,7,2026-01-29T12:00:00+00:00,demo3,2026-02-24T12:00:00+00:00,5,2026-01-29T12:00:00+00:00||Prospect|demo3; 2026-02-10T12:00:00+00:00|Prospect|Qualified|demo4; 2026-02-17T12:00:00+00:00|Qualified|Discovery|demo5; 2026-02-20T12:00:00+00:00|Discovery|Demo|demo1; 2026-02-24T12:00:00+00:00|Demo|Proposal Sent|demo2,320000,Closed won,82,2026-05-06,,false,https://crm.example.com/opportunities/OPP-1031,Sofia Marino,1950000,SGD,10
92,Highland Logistics -- Distribution Board,,Proposal Sent,Southeast Asia,low,demo4,"SMB, Upsell",2026-02-20,5,2026-01-13T12:00:00+00:00,demo4,2026-02-07T12:00:00+00:00,5,2026-01-13T12:00:00+00:00||Prospect|demo4; 2026-01-26T12:00:00+00:00|Prospect|Qualified|demo5; 2026-01-29T12:00:00+00:00|Qualified|Discovery|demo1; 2026-01-31T12:00:00+00:00|Discovery|Demo|demo2; 2026-02-07T12:00:00+00:00|Demo|Proposal Sent|demo3,205000,Closed won,82,2026-04-26,Incumbent,true,https://crm.example.com/opportunities/OPP-1064,Sofia Marino,1950000,SGD,10
93,Manila BPO -- Operations Kanban 200 Seats,North America deal. Track buyer steps in the checklist; log every customer touch as a comment.,Negotiation,North America,high,demo4,"SMB, Renewal",2026-03-03,3,2026-01-16T12:00:00+00:00,demo4,2026-02-07T12:00:00+00:00,6,2026-01-16T12:00:00+00:00||Prospect|demo4; 2026-01-23T12:00:00+00:00|Prospect|Qualified|demo5; 2026-01-25T12:00:00+00:00|Qualified|Discovery|demo1; 2026-01-28T12:00:00+00:00|Discovery|Demo|demo2; 2026-02-05T12:00:00+00:00|Demo|Proposal Sent|demo3; 2026-02-07T12:00:00+00:00|Proposal Sent|Negotiation|demo4,320000,Closed won,100,2026-05-18,Low-cost rival,false,https://crm.example.com/opportunities/OPP-1099,Avery Brooks,600000,USD,10
94,Brightwave Systems -- 300-Seat Migration from Jira,Opportunity in the EMEA territory. Keep the forecast category and close date current before Monday's pipeline call.,Negotiation,EMEA,high,,"Upsell, Strategic",2026-02-28,7,2026-02-01T12:00:00+00:00,demo5,2026-02-27T12:00:00+00:00,8,2026-02-01T12:00:00+00:00||Prospect|demo5; 2026-02-08T12:00:00+00:00|Prospect|Qualified|demo1; 2026-02-10T12:00:00+00:00|Qualified|Discovery|demo2; 2026-02-12T12:00:00+00:00|Discovery|Qualified|demo3; 2026-02-16T12:00:00+00:00|Qualified|Discovery|demo4; 2026-02-20T12:00:00+00:00|Discovery|Demo|demo5; 2026-02-23T12:00:00+00:00|Demo|Proposal Sent|demo1; 2026-02-27T12:00:00+00:00|Proposal Sent|Negotiation|demo2,55000,Closed won,100,2026-05-05,,false,https://crm.example.com/opportunities/OPP-1002,Marcus Hale,900000,EUR,20
95,Avon Insurance -- Claims Processing Board,,Negotiation,LATAM,medium,demo2,"Strategic, Upsell",,5,2026-01-28T12:00:00+00:00,demo2,2026-03-02T12:00:00+00:00,8,2026-01-28T12:00:00+00:00||Prospect|demo2; 2026-02-05T12:00:00+00:00|Prospect|Qualified|demo3; 2026-02-10T12:00:00+00:00|Qualified|Prospect|demo4; 2026-02-12T12:00:00+00:00|Prospect|Qualified|demo5; 2026-02-15T12:00:00+00:00|Qualified|Discovery|demo1; 2026-02-20T12:00:00+00:00|Discovery|Demo|demo2; 2026-02-25T12:00:00+00:00|Demo|Proposal Sent|demo3; 2026-03-02T12:00:00+00:00|Proposal Sent|Negotiation|demo4,20000,Closed won,100,2026-04-29,,true,https://crm.example.com/opportunities/OPP-1058,Elena Petrova,1050000,BRL,10
96,Jeddah Retail -- 200-Store Operations License,,Negotiation,ANZ,high,,"Renewal, SMB",2026-03-07,1,2026-02-13T12:00:00+00:00,demo5,2026-03-02T12:00:00+00:00,6,2026-02-13T12:00:00+00:00||Prospect|demo5; 2026-02-20T12:00:00+00:00|Prospect|Qualified|demo1; 2026-02-22T12:00:00+00:00|Qualified|Discovery|demo2; 2026-02-25T12:00:00+00:00|Discovery|Demo|demo3; 2026-02-27T12:00:00+00:00|Demo|Proposal Sent|demo4; 2026-03-02T12:00:00+00:00|Proposal Sent|Negotiation|demo5,35000,Closed won,100,2026-03-15,,true,https://crm.example.com/opportunities/OPP-1092,Kwame Mensah,1200000,AUD,15
97,Summit Financial -- Compliance Workflow Package,,Negotiation,UK & Ireland,urgent,demo1,SMB,2026-02-17,6,2026-02-01T12:00:00+00:00,demo1,2026-02-26T12:00:00+00:00,6,2026-02-01T12:00:00+00:00||Prospect|demo1; 2026-02-08T12:00:00+00:00|Prospect|Qualified|demo2; 2026-02-13T12:00:00+00:00|Qualified|Discovery|demo3; 2026-02-16T12:00:00+00:00|Discovery|Demo|demo4; 2026-02-20T12:00:00+00:00|Demo|Proposal Sent|demo5; 2026-02-26T12:00:00+00:00|Proposal Sent|Negotiation|demo1,115000,Closed won,100,2026-07-01,Regional reseller,true,https://crm.example.com/opportunities/OPP-1005,Hana Kobayashi,1350000,GBP,20
98,Reykjavik Biotech -- Lab Management Board,,Negotiation,UK & Ireland,urgent,,"Enterprise, SMB",2026-04-25,1,2026-02-06T12:00:00+00:00,demo5,2026-02-22T12:00:00+00:00,6,2026-02-06T12:00:00+00:00||Prospect|demo5; 2026-02-12T12:00:00+00:00|Prospect|Qualified|demo1; 2026-02-14T12:00:00+00:00|Qualified|Discovery|demo2; 2026-02-16T12:00:00+00:00|Discovery|Demo|demo3; 2026-02-18T12:00:00+00:00|Demo|Proposal Sent|demo4; 2026-02-22T12:00:00+00:00|Proposal Sent|Negotiation|demo5,40000,Closed won,100,2026-05-02,Low-cost rival,false,https://crm.example.com/opportunities/OPP-1082,Hana Kobayashi,1350000,GBP,20
99,Trent Consulting -- Professional Services Board,,Negotiation,Nordics,urgent,,,2026-04-22,7,2026-01-10T12:00:00+00:00,demo5,2026-02-02T12:00:00+00:00,6,2026-01-10T12:00:00+00:00||Prospect|demo5; 2026-01-18T12:00:00+00:00|Prospect|Qualified|demo1; 2026-01-20T12:00:00+00:00|Qualified|Discovery|demo2; 2026-01-25T12:00:00+00:00|Discovery|Demo|demo3; 2026-01-31T12:00:00+00:00|Demo|Proposal Sent|demo4; 2026-02-02T12:00:00+00:00|Proposal Sent|Negotiation|demo5,175000,Closed won,100,2026-06-25,Build in-house,false,https://crm.example.com/opportunities/OPP-1062,Nadia Haddad,1650000,SEK,15
100,Coral Coast Health -- Patient Journey Board,Middle East deal. Track buyer steps in the checklist; log every customer touch as a comment.,Negotiation,Middle East,high,,Strategic,2026-03-17,1,2026-02-02T12:00:00+00:00,demo5,2026-02-20T12:00:00+00:00,6,2026-02-02T12:00:00+00:00||Prospect|demo5; 2026-02-07T12:00:00+00:00|Prospect|Qualified|demo1; 2026-02-09T12:00:00+00:00|Qualified|Discovery|demo2; 2026-02-12T12:00:00+00:00|Discovery|Demo|demo3; 2026-02-15T12:00:00+00:00|Demo|Proposal Sent|demo4; 2026-02-20T12:00:00+00:00|Proposal Sent|Negotiation|demo5,225000,Closed won,100,2026-06-29,,false,https://crm.example.com/opportunities/OPP-1052,Owen Gallagher,1800000,AED,20
101,Cirrus Cloud -- DevOps Pipeline Board License,Southeast Asia deal. Track buyer steps in the checklist; log every customer touch as a comment.,Negotiation,Southeast Asia,medium,demo4,Upsell,,4,2025-12-17T12:00:00+00:00,demo4,2026-01-21T12:00:00+00:00,5,2025-12-17T12:00:00+00:00||Prospect|demo4; 2026-01-01T12:00:00+00:00|Prospect|Qualified|demo5; 2026-01-07T12:00:00+00:00|Qualified|Discovery|demo1; 2026-01-13T12:00:00+00:00|Discovery|Proposal Sent|demo2; 2026-01-21T12:00:00+00:00|Proposal Sent|Negotiation|demo3,40000,Closed won,100,2026-05-25,,false,https://crm.example.com/opportunities/OPP-1009,Sofia Marino,1950000,SGD,10
102,Seoul Gaming -- Sprint Board License,Southeast Asia deal. Track buyer steps in the checklist; log every customer touch as a comment.,Negotiation,Southeast Asia,low,demo2,Enterprise,2026-04-05,6,2026-01-25T12:00:00+00:00,demo2,2026-03-01T12:00:00+00:00,6,2026-01-25T12:00:00+00:00||Prospect|demo2; 2026-02-06T12:00:00+00:00|Prospect|Qualified|demo3; 2026-02-09T12:00:00+00:00|Qualified|Discovery|demo4; 2026-02-16T12:00:00+00:00|Discovery|Demo|demo5; 2026-02-22T12:00:00+00:00|Demo|Proposal Sent|demo1; 2026-03-01T12:00:00+00:00|Proposal Sent|Negotiation|demo2,275000,Closed won,100,2026-06-25,,false,https://crm.example.com/opportunities/OPP-1108,Sofia Marino,1950000,SGD,10
103,Bamboo Health Systems -- Patient Tracking License,Opportunity in the Japan & Korea territory. Keep the forecast category and close date current before Monday's pipeline call.,Negotiation,Japan & Korea,high,demo3,"Enterprise, Strategic",2026-04-09,3,2026-02-13T12:00:00+00:00,demo3,2026-03-05T12:00:00+00:00,6,2026-02-13T12:00:00+00:00||Prospect|demo3; 2026-02-20T12:00:00+00:00|Prospect|Qualified|demo4; 2026-02-23T12:00:00+00:00|Qualified|Discovery|demo5; 2026-02-27T12:00:00+00:00|Discovery|Demo|demo1; 2026-03-03T12:00:00+00:00|Demo|Proposal Sent|demo2; 2026-03-05T12:00:00+00:00|Proposal Sent|Negotiation|demo3,280000,Closed won,100,2026-03-30,Build in-house,false,https://crm.example.com/opportunities/OPP-1021,Tariq Aziz,2100000,JPY,15
104,Rhine Industrial -- Factory Kanban 150 Seats,,Negotiation,Japan & Korea,medium,,"SMB, Strategic",2026-03-16,5,2025-12-24T12:00:00+00:00,demo5,2026-01-14T12:00:00+00:00,6,2025-12-24T12:00:00+00:00||Prospect|demo5; 2026-01-02T12:00:00+00:00|Prospect|Qualified|demo1; 2026-01-05T12:00:00+00:00|Qualified|Discovery|demo2; 2026-01-08T12:00:00+00:00|Discovery|Demo|demo3; 2026-01-10T12:00:00+00:00|Demo|Proposal Sent|demo4; 2026-01-14T12:00:00+00:00|Proposal Sent|Negotiation|demo5,460000,Closed won,100,2026-03-18,Incumbent; Regional reseller,false,https://crm.example.com/opportunities/OPP-1032,Tariq Aziz,2100000,JPY,15
105,Zurich Insurance AG -- Claims Workflow Board,,Closed Won,EMEA,urgent,demo2,Upsell,,6,2026-01-31T12:00:00+00:00,demo2,2026-02-28T12:00:00+00:00,7,2026-01-31T12:00:00+00:00||Prospect|demo2; 2026-02-09T12:00:00+00:00|Prospect|Qualified|demo3; 2026-02-12T12:00:00+00:00|Qualified|Discovery|demo4; 2026-02-17T12:00:00+00:00|Discovery|Demo|demo5; 2026-02-20T12:00:00+00:00|Demo|Proposal Sent|demo1; 2026-02-24T12:00:00+00:00|Proposal Sent|Negotiation|demo2; 2026-02-28T12:00:00+00:00|Negotiation|Closed Won|demo3,375000,Closed won,100,2026-03-04,Incumbent; Regional reseller,false,https://crm.example.com/opportunities/OPP-1068,Marcus Hale,900000,EUR,20
106,Incheon Logistics -- Airport Operations License,EMEA deal. Track buyer steps in the checklist; log every customer touch as a comment.,Closed Won,EMEA,high,,SMB,2026-03-31,4,2025-12-17T12:00:00+00:00,demo5,2026-02-09T12:00:00+00:00,8,2025-12-17T12:00:00+00:00||Prospect|demo5; 2026-01-01T12:00:00+00:00|Prospect|Qualified|demo1; 2026-01-11T12:00:00+00:00|Qualified|Discovery|demo2; 2026-01-17T12:00:00+00:00|Discovery|Demo|demo3; 2026-01-22T12:00:00+00:00|Demo|Proposal Sent|demo4; 2026-01-30T12:00:00+00:00|Proposal Sent|Negotiation|demo5; 2026-02-03T12:00:00+00:00|Negotiation|Closed Won|demo1; 2026-02-09T12:00:00+00:00|Closed Won|Closed Won|demo1,445000,Closed won,100,2026-07-08,,true,https://crm.example.com/opportunities/OPP-1112,Marcus Hale,900000,EUR,20
107,Alpine Engineering GmbH -- Manufacturing Board,ANZ deal. Track buyer steps in the checklist; log every customer touch as a comment.,Closed Won,ANZ,high,demo3,"Strategic, Renewal",2026-02-28,5,2025-12-10T12:00:00+00:00,demo3,2026-01-13T12:00:00+00:00,7,2025-12-10T12:00:00+00:00||Prospect|demo3; 2025-12-18T12:00:00+00:00|Prospect|Qualified|demo4; 2025-12-27T12:00:00+00:00|Qualified|Discovery|demo5; 2025-12-29T12:00:00+00:00|Discovery|Demo|demo1; 2026-01-02T12:00:00+00:00|Demo|Proposal Sent|demo2; 2026-01-08T12:00:00+00:00|Proposal Sent|Negotiation|demo3; 2026-01-13T12:00:00+00:00|Negotiation|Closed Won|demo4,470000,Closed won,100,2026-06-03,Incumbent; Build in-house,false,https://crm.example.com/opportunities/OPP-1026,Kwame Mensah,1200000,AUD,15
108,Reef Tourism -- Guest Experience Tracker,ANZ deal. Track buyer steps in the checklist; log every customer touch as a comment.,Closed Won,ANZ,medium,demo2,SMB,2026-02-21,7,2025-12-20T12:00:00+00:00,demo2,2026-01-24T12:00:00+00:00,6,2025-12-20T12:00:00+00:00||Prospect|demo2; 2025-12-31T12:00:00+00:00|Prospect|Qualified|demo3; 2026-01-06T12:00:00+00:00|Qualified|Discovery|demo4; 2026-01-09T12:00:00+00:00|Discovery|Demo|demo5; 2026-01-12T12:00:00+00:00|Demo|Negotiation|demo1; 2026-01-24T12:00:00+00:00|Negotiation|Closed Won|demo2,85000,Closed won,100,2026-03-29,,false,https://crm.example.com/opportunities/OPP-1048,Kwame Mensah,1200000,AUD,15
109,Bahrain Fintech -- Compliance Workflow License,,Closed Won,DACH,low,demo4,"SMB, Upsell",2026-04-08,6,2025-12-21T12:00:00+00:00,demo4,2026-01-24T12:00:00+00:00,7,2025-12-21T12:00:00+00:00||Prospect|demo4; 2025-12-29T12:00:00+00:00|Prospect|Qualified|demo5; 2026-01-01T12:00:00+00:00|Qualified|Discovery|demo1; 2026-01-08T12:00:00+00:00|Discovery|Demo|demo2; 2026-01-12T12:00:00+00:00|Demo|Proposal Sent|demo3; 2026-01-16T12:00:00+00:00|Proposal Sent|Negotiation|demo4; 2026-01-24T12:00:00+00:00|Negotiation|Closed Won|demo5,385000,Closed won,100,,Regional reseller,false,https://crm.example.com/opportunities/OPP-1094,Lucas Ferreira,1500000,EUR,10
110,Atlas Retail Group -- 200-Store Operations Deal,Japan & Korea deal. Track buyer steps in the checklist; log every customer touch as a comment.,Closed Won,Japan & Korea,high,demo1,,2026-02-15,2,2026-01-15T12:00:00+00:00,demo1,2026-02-11T12:00:00+00:00,9,2026-01-15T12:00:00+00:00||Prospect|demo1; 2026-01-24T12:00:00+00:00|Prospect|Qualified|demo2; 2026-01-28T12:00:00+00:00|Qualified|Prospect|demo3; 2026-01-30T12:00:00+00:00|Prospect|Qualified|demo4; 2026-02-01T12:00:00+00:00|Qualified|Discovery|demo5; 2026-02-03T12:00:00+00:00|Discovery|Demo|demo1; 2026-02-06T12:00:00+00:00|Demo|Proposal Sent|demo2; 2026-02-08T12:00:00+00:00|Proposal Sent|Negotiation|demo3; 2026-02-11T12:00:00+00:00|Negotiation|Closed Won|demo4,90000,Closed won,100,2026-04-22,Low-cost rival,false,https://crm.example.com/opportunities/OPP-1010,Tariq Aziz,2100000,JPY,15
111,Dubai Properties -- Real Estate Project Board,Japan & Korea deal. Track buyer steps in the checklist; log every customer touch as a comment.,Closed Won,Japan & Korea,low,,"Upsell, Enterprise",2026-02-26,4,2026-01-30T12:00:00+00:00,demo5,2026-02-28T12:00:00+00:00,8,2026-01-30T12:00:00+00:00||Prospect|demo5; 2026-02-04T12:00:00+00:00|Prospect|Qualified|demo1; 2026-02-06T12:00:00+00:00|Qualified|Discovery|demo2; 2026-02-10T12:00:00+00:00|Discovery|Demo|demo3; 2026-02-14T12:00:00+00:00|Demo|Proposal Sent|demo4; 2026-02-16T12:00:00+00:00|Proposal Sent|Negotiation|demo5; 2026-02-20T12:00:00+00:00|Negotiation|Closed Won|demo1; 2026-02-28T12:00:00+00:00|Closed Won|Closed Won|demo1,220000,Closed won,100,,,false,https://crm.example.com/opportunities/OPP-1087,Tariq Aziz,2100000,JPY,15
112,Jakarta Logistics -- Last-Mile Delivery Board,,Closed Won,Japan & Korea,medium,demo2,,,2,2025-12-12T12:00:00+00:00,demo2,2026-02-04T12:00:00+00:00,7,2025-12-12T12:00:00+00:00||Prospect|demo2; 2025-12-23T12:00:00+00:00|Prospect|Qualified|demo3; 2025-12-26T12:00:00+00:00|Qualified|Discovery|demo4; 2026-01-06T12:00:00+00:00|Discovery|Demo|demo5; 2026-01-14T12:00:00+00:00|Demo|Proposal Sent|demo1; 2026-01-24T12:00:00+00:00|Proposal Sent|Negotiation|demo2; 2026-02-04T12:00:00+00:00|Negotiation|Closed Won|demo3,395000,Closed won,100,2026-05-24,,false,https://crm.example.com/opportunities/OPP-1098,Tariq Aziz,2100000,JPY,15
113,Bayern Maschinenbau -- Factory Floor Board,Opportunity in the North America territory. Keep the forecast category and close date current before Monday's pipeline call.,Closed Lost,North America,medium,demo3,"SMB, Renewal",2026-04-08,5,2026-01-03T12:00:00+00:00,demo3,2026-02-05T12:00:00+00:00,7,2026-01-03T12:00:00+00:00||Prospect|demo3; 2026-01-14T12:00:00+00:00|Prospect|Qualified|demo4; 2026-01-17T12:00:00+00:00|Qualified|Discovery|demo5; 2026-01-22T12:00:00+00:00|Discovery|Demo|demo1; 2026-01-28T12:00:00+00:00|Demo|Proposal Sent|demo2; 2026-02-01T12:00:00+00:00|Proposal Sent|Negotiation|demo3; 2026-02-05T12:00:00+00:00|Negotiation|Closed Lost|demo4,230000,Closed lost,0,2026-07-13,Low-cost rival; Build in-house,false,https://crm.example.com/opportunities/OPP-1066,Avery Brooks,600000,USD,10
114,Wien Consulting -- Project Delivery License,,Closed Lost,APAC,medium,,Upsell,2026-04-04,5,2026-02-06T12:00:00+00:00,demo5,2026-02-27T12:00:00+00:00,8,2026-02-06T12:00:00+00:00||Prospect|demo5; 2026-02-11T12:00:00+00:00|Prospect|Qualified|demo1; 2026-02-13T12:00:00+00:00|Qualified|Discovery|demo2; 2026-02-17T12:00:00+00:00|Discovery|Demo|demo3; 2026-02-20T12:00:00+00:00|Demo|Proposal Sent|demo4; 2026-02-22T12:00:00+00:00|Proposal Sent|Negotiation|demo5; 2026-02-25T12:00:00+00:00|Negotiation|Closed Won|demo1; 2026-02-27T12:00:00+00:00|Closed Won|Closed Lost|demo2,415000,Closed lost,0,2026-03-06,,false,https://crm.example.com/opportunities/OPP-1067,Priya Raman,750000,SGD,15
115,Alpen Logistics -- Cross-Border Shipping Board,,Closed Lost,ANZ,medium,demo1,,,4,2025-12-25T12:00:00+00:00,demo1,2026-02-11T12:00:00+00:00,8,2025-12-25T12:00:00+00:00||Prospect|demo1; 2026-01-06T12:00:00+00:00|Prospect|Qualified|demo2; 2026-01-10T12:00:00+00:00|Qualified|Demo|demo3; 2026-01-19T12:00:00+00:00|Demo|Proposal Sent|demo4; 2026-01-22T12:00:00+00:00|Proposal Sent|Negotiation|demo5; 2026-01-31T12:00:00+00:00|Negotiation|Closed Won|demo1; 2026-02-04T12:00:00+00:00|Closed Won|Closed Lost|demo2; 2026-02-11T12:00:00+00:00|Closed Lost|Closed Lost|demo2,155000,Closed lost,0,2026-07-11,Build in-house,false,https://crm.example.com/opportunities/OPP-1070,Kwame Mensah,1200000,AUD,15
116,Hamburg Pharma -- Clinical Trial Tracker,,Closed Lost,UK & Ireland,urgent,demo3,Renewal,2026-02-24,7,2025-12-17T12:00:00+00:00,demo3,2026-01-27T12:00:00+00:00,7,2025-12-17T12:00:00+00:00||Prospect|demo3; 2025-12-31T12:00:00+00:00|Prospect|Qualified|demo4; 2026-01-09T12:00:00+00:00|Qualified|Demo|demo5; 2026-01-13T12:00:00+00:00|Demo|Proposal Sent|demo1; 2026-01-19T12:00:00+00:00|Proposal Sent|Negotiation|demo2; 2026-01-21T12:00:00+00:00|Negotiation|Closed Won|demo3; 2026-01-27T12:00:00+00:00|Closed Won|Closed Lost|demo4,245000,Closed lost,0,2026-03-20,Low-cost rival; Regional reseller,false,https://crm.example.com/opportunities/OPP-1071,Hana Kobayashi,1350000,GBP,20
117,Blue Mountains Consulting -- Advisory Board License,Japan & Korea deal. Track buyer steps in the checklist; log every customer touch as a comment.,Closed Lost,Japan & Korea,medium,demo4,Strategic,2026-03-27,6,2025-12-15T12:00:00+00:00,demo4,2026-01-30T12:00:00+00:00,8,2025-12-15T12:00:00+00:00||Prospect|demo4; 2025-12-28T12:00:00+00:00|Prospect|Qualified|demo5; 2026-01-01T12:00:00+00:00|Qualified|Discovery|demo1; 2026-01-03T12:00:00+00:00|Discovery|Demo|demo2; 2026-01-07T12:00:00+00:00|Demo|Proposal Sent|demo3; 2026-01-12T12:00:00+00:00|Proposal Sent|Negotiation|demo4; 2026-01-20T12:00:00+00:00|Negotiation|Closed Won|demo5; 2026-01-30T12:00:00+00:00|Closed Won|Closed Lost|demo1,135000,Closed lost,0,2026-05-19,Build in-house; Regional reseller,false,https://crm.example.com/opportunities/OPP-1054,Tariq Aziz,2100000,JPY,15
