Card ID,Title,Description,Column,Swimlane,Priority,Assignee,Labels,Due Date,Weight,Created At,Created By,Last Moved At,Movement Count,Movement History,Custom: Story points,Custom: Sprint,Custom: Areas,Custom: Needs design,Custom: Spec,Custom: Target date,Swimlane Custom: Team lead,Swimlane Custom: On-call,Swimlane Custom: Runbook,Swimlane Custom: Cost center
1,Swimlane header sticky positioning on scroll,,Backlog,Frontend,low,demo3,Improve,2026-02-26,6,2025-12-19T12:00:00+00:00,demo3,2025-12-19T12:00:00+00:00,1,2025-12-19T12:00:00+00:00||Backlog|demo3,8,Sprint 42,Auth,false,,,Priya Raman,Owen Gallagher,https://wiki.example.com/runbooks/frontend,CC-4100
2,Set up staging environment auto-teardown after 7 days,Frontend work item. Link the merge request once a branch exists; move to Review when it is ready.,Backlog,Frontend,urgent,demo3,Improve,,4,2025-12-15T12:00:00+00:00,demo3,2025-12-15T12:00:00+00:00,1,2025-12-15T12:00:00+00:00||Backlog|demo3,13,Next,API,false,,,Priya Raman,Owen Gallagher,https://wiki.example.com/runbooks/frontend,CC-4100
3,Secret scanning in CI for accidentally committed tokens,,Backlog,Frontend,high,demo3,"Improve, Tech Debt",2026-04-17,6,2026-01-17T12:00:00+00:00,demo3,2026-01-17T12:00:00+00:00,1,2026-01-17T12:00:00+00:00||Backlog|demo3,3,Sprint 43,UI,true,https://wiki.example.com/specs/1090,2026-04-02,Priya Raman,Owen Gallagher,https://wiki.example.com/runbooks/frontend,CC-4100
4,Board skeleton loader during initial fetch,Owned by the Backend team. Break anything larger than five points into separate cards.,Backlog,Backend,medium,,,2026-03-28,4,2026-02-08T12:00:00+00:00,demo5,2026-02-08T12:00:00+00:00,1,2026-02-08T12:00:00+00:00||Backlog|demo5,5,Next,UI; API,true,,2026-04-21,Marcus Hale,Sofia Marino,https://wiki.example.com/runbooks/backend,CC-4110
5,Migrate CI runners to ARM64 for cost savings,,Backlog,Backend,medium,,"Feature, Blocked",,5,2025-12-19T12:00:00+00:00,demo5,2025-12-19T12:00:00+00:00,1,2025-12-19T12:00:00+00:00||Backlog|demo5,2,Sprint 43,API,true,,2026-04-12,Marcus Hale,Sofia Marino,https://wiki.example.com/runbooks/backend,CC-4110
6,Visual regression testing with Playwright screenshots,Backend work item. Link the merge request once a branch exists; move to Review when it is ready.,Backlog,Backend,low,,"Feature, Blocked",2026-03-25,3,2025-12-30T12:00:00+00:00,demo5,2025-12-30T12:00:00+00:00,1,2025-12-30T12:00:00+00:00||Backlog|demo5,13,Sprint 43,Auth,false,,2026-04-21,Marcus Hale,Sofia Marino,https://wiki.example.com/runbooks/backend,CC-4110
7,Flaky test quarantine and auto-retry pipeline,Owned by the Backend team. Break anything larger than five points into separate cards.,Backlog,Backend,low,,,2026-03-06,6,2026-02-08T12:00:00+00:00,demo5,2026-02-08T12:00:00+00:00,1,2026-02-08T12:00:00+00:00||Backlog|demo5,1,Sprint 41,Infra,false,,2026-03-11,Marcus Hale,Sofia Marino,https://wiki.example.com/runbooks/backend,CC-4110
8,Extract color token constants to design-system package,Mobile work item. Link the merge request once a branch exists; move to Review when it is ready.,Backlog,Mobile,medium,demo2,,,4,2026-01-04T12:00:00+00:00,demo2,2026-01-04T12:00:00+00:00,1,2026-01-04T12:00:00+00:00||Backlog|demo2,2,Next,Auth,true,https://wiki.example.com/specs/1002,2026-04-04,Elena Petrova,Tariq Aziz,https://wiki.example.com/runbooks/mobile,CC-4120
9,Rate limiting on public invite accept endpoint,Owned by the DevOps team. Break anything larger than five points into separate cards.,Backlog,DevOps,medium,demo4,Bug,2026-02-26,7,2026-02-07T12:00:00+00:00,demo4,2026-02-07T12:00:00+00:00,1,2026-02-07T12:00:00+00:00||Backlog|demo4,3,Sprint 42,UI; Auth,true,,,Kwame Mensah,Mei Lin,https://wiki.example.com/runbooks/devops,CC-4130
10,Swimlane collapse animation prototype,Owned by the DevOps team. Break anything larger than five points into separate cards.,Backlog,DevOps,medium,demo4,"Tech Debt, Bug",2026-03-02,7,2026-01-11T12:00:00+00:00,demo4,2026-01-11T12:00:00+00:00,1,2026-01-11T12:00:00+00:00||Backlog|demo4,1,Sprint 42,Auth,true,,,Kwame Mensah,Mei Lin,https://wiki.example.com/runbooks/devops,CC-4130
11,Cross-browser smoke test matrix for board drag-and-drop,,Backlog,Design,high,demo1,Tech Debt,2026-02-16,7,2025-12-10T12:00:00+00:00,demo1,2025-12-10T12:00:00+00:00,1,2025-12-10T12:00:00+00:00||Backlog|demo1,2,Next,UI; Auth,false,https://wiki.example.com/specs/1064,2026-03-17,Hana Kobayashi,Jonas Berg,https://wiki.example.com/runbooks/design,CC-4140
12,Fix card drag on iOS 17 with new UIKit scroll fix,,Backlog,QA,high,demo3,"Bug, Improve",2026-04-09,5,2026-01-09T12:00:00+00:00,demo3,2026-01-09T12:00:00+00:00,1,2026-01-09T12:00:00+00:00||Backlog|demo3,2,Sprint 43,UI; API,false,https://wiki.example.com/specs/1025,2026-03-19,Lucas Ferreira,Isabel Ortiz,https://wiki.example.com/runbooks/qa,CC-4150
13,App size reduction: remove unused assets,,Backlog,QA,medium,demo3,,2026-03-23,7,2026-01-31T12:00:00+00:00,demo3,2026-01-31T12:00:00+00:00,1,2026-01-31T12:00:00+00:00||Backlog|demo3,13,Sprint 41,UI,false,,2026-04-05,Lucas Ferreira,Isabel Ortiz,https://wiki.example.com/runbooks/qa,CC-4150
14,Terraform state locking with DynamoDB,QA work item. Link the merge request once a branch exists; move to Review when it is ready.,Backlog,QA,urgent,demo3,Tech Debt,2026-04-19,2,2025-12-30T12:00:00+00:00,demo3,2025-12-30T12:00:00+00:00,1,2025-12-30T12:00:00+00:00||Backlog|demo3,3,Sprint 43,API,true,,2026-03-09,Lucas Ferreira,Isabel Ortiz,https://wiki.example.com/runbooks/qa,CC-4150
15,Typography scale standardization across all pages,Owned by the QA team. Break anything larger than five points into separate cards.,Backlog,QA,high,demo3,"Blocked, Bug",2026-02-19,2,2026-02-10T12:00:00+00:00,demo3,2026-02-10T12:00:00+00:00,1,2026-02-10T12:00:00+00:00||Backlog|demo3,2,Sprint 41,Database,false,,2026-03-23,Lucas Ferreira,Isabel Ortiz,https://wiki.example.com/runbooks/qa,CC-4150
16,Accessibility automated scan with axe-core in CI,Owned by the QA team. Break anything larger than five points into separate cards.,Backlog,QA,medium,demo3,,2026-04-19,1,2026-02-03T12:00:00+00:00,demo3,2026-02-03T12:00:00+00:00,1,2026-02-03T12:00:00+00:00||Backlog|demo3,2,Sprint 41,Database,true,,2026-04-22,Lucas Ferreira,Isabel Ortiz,https://wiki.example.com/runbooks/qa,CC-4150
17,Migration guide from Trello to Visiban,,Backlog,QA,low,demo3,Feature,2026-04-27,3,2026-02-03T12:00:00+00:00,demo3,2026-02-03T12:00:00+00:00,1,2026-02-03T12:00:00+00:00||Backlog|demo3,3,Sprint 42,Database; Auth,false,https://wiki.example.com/specs/1115,,Lucas Ferreira,Isabel Ortiz,https://wiki.example.com/runbooks/qa,CC-4150
18,Dark mode toggle persistence across sessions,Security work item. Link the merge request once a branch exists; move to Review when it is ready.,Backlog,Security,high,demo2,"Improve, Feature",,8,2025-12-12T12:00:00+00:00,demo2,2025-12-12T12:00:00+00:00,1,2025-12-12T12:00:00+00:00||Backlog|demo2,3,Sprint 43,Auth,false,https://wiki.example.com/specs/1007,,Owen Gallagher,Priya Raman,https://wiki.example.com/runbooks/security,CC-4170
19,Anomaly detection on card cycle time outliers,,Backlog,Security,medium,demo2,,2026-03-03,5,2026-02-08T12:00:00+00:00,demo2,2026-02-08T12:00:00+00:00,1,2026-02-08T12:00:00+00:00||Backlog|demo2,1,Next,Auth,true,,,Owen Gallagher,Priya Raman,https://wiki.example.com/runbooks/security,CC-4170
20,Dependency vulnerability scan and patch cycle,,Backlog,Security,medium,demo2,"Improve, Bug",2026-04-02,6,2025-12-27T12:00:00+00:00,demo2,2025-12-27T12:00:00+00:00,1,2025-12-27T12:00:00+00:00||Backlog|demo2,8,Sprint 42,API,true,https://wiki.example.com/specs/1087,,Owen Gallagher,Priya Raman,https://wiki.example.com/runbooks/security,CC-4170
21,Component audit -- identify inconsistent spacing,,Backlog,Platform,medium,demo4,"Feature, Improve",2026-04-13,8,2026-01-28T12:00:00+00:00,demo4,2026-01-28T12:00:00+00:00,1,2026-01-28T12:00:00+00:00||Backlog|demo4,13,Sprint 43,UI; Database,false,https://wiki.example.com/specs/1048,,Sofia Marino,Marcus Hale,https://wiki.example.com/runbooks/platform,CC-4180
22,Glossary of Visiban-specific terms,Owned by the Platform team. Break anything larger than five points into separate cards.,Backlog,Platform,urgent,demo4,Bug,2026-04-03,7,2026-01-03T12:00:00+00:00,demo4,2026-01-03T12:00:00+00:00,1,2026-01-03T12:00:00+00:00||Backlog|demo4,1,Sprint 43,UI; Database,false,https://wiki.example.com/specs/1118,2026-04-10,Sofia Marino,Marcus Hale,https://wiki.example.com/runbooks/platform,CC-4180
23,Migration from Redshift to ClickHouse for analytics,Documentation work item. Link the merge request once a branch exists; move to Review when it is ready.,Backlog,Documentation,medium,demo1,Tech Debt,,7,2025-12-19T12:00:00+00:00,demo1,2025-12-19T12:00:00+00:00,1,2025-12-19T12:00:00+00:00||Backlog|demo1,5,Sprint 41,API; Database,false,,2026-04-03,Tariq Aziz,Elena Petrova,https://wiki.example.com/runbooks/documentation,CC-4190
24,Release notes template for minor and major versions,Documentation work item. Link the merge request once a branch exists; move to Review when it is ready.,Backlog,Documentation,high,demo1,,2026-02-18,6,2025-12-21T12:00:00+00:00,demo1,2025-12-21T12:00:00+00:00,1,2025-12-21T12:00:00+00:00||Backlog|demo1,5,Sprint 41,API,false,,2026-04-28,Tariq Aziz,Elena Petrova,https://wiki.example.com/runbooks/documentation,CC-4190
25,Haptic feedback on card drop,Owned by the Frontend team. Break anything larger than five points into separate cards.,To Do,Frontend,high,demo3,Tech Debt,2026-03-03,7,2026-02-08T12:00:00+00:00,demo3,2026-02-15T12:00:00+00:00,2,2026-02-08T12:00:00+00:00||Backlog|demo3; 2026-02-15T12:00:00+00:00|Backlog|To Do|demo4,5,Sprint 42,UI; Auth,false,,,Priya Raman,Owen Gallagher,https://wiki.example.com/runbooks/frontend,CC-4100
26,User research: onboarding friction study,Frontend work item. Link the merge request once a branch exists; move to Review when it is ready.,To Do,Frontend,medium,demo3,,,3,2026-01-27T12:00:00+00:00,demo3,2026-02-07T12:00:00+00:00,2,2026-01-27T12:00:00+00:00||Backlog|demo3; 2026-02-07T12:00:00+00:00|Backlog|To Do|demo4,8,Sprint 42,Infra,false,,2026-04-01,Priya Raman,Owen Gallagher,https://wiki.example.com/runbooks/frontend,CC-4100
27,End-to-end test suite for card move flow,,To Do,Frontend,medium,demo3,Tech Debt,2026-03-24,3,2026-01-31T12:00:00+00:00,demo3,2026-02-05T12:00:00+00:00,2,2026-01-31T12:00:00+00:00||Backlog|demo3; 2026-02-05T12:00:00+00:00|Backlog|To Do|demo4,3,Sprint 43,Infra,false,,,Priya Raman,Owen Gallagher,https://wiki.example.com/runbooks/frontend,CC-4100
28,Test data factory for seed board generation,,To Do,Frontend,low,demo3,"Blocked, Bug",2026-04-07,6,2025-12-26T12:00:00+00:00,demo3,2026-01-04T12:00:00+00:00,2,2025-12-26T12:00:00+00:00||Backlog|demo3; 2026-01-04T12:00:00+00:00|Backlog|To Do|demo4,3,Sprint 43,Auth,false,,2026-03-24,Priya Raman,Owen Gallagher,https://wiki.example.com/runbooks/frontend,CC-4100
29,GDPR data deletion pipeline for churned accounts,Frontend work item. Link the merge request once a branch exists; move to Review when it is ready.,To Do,Frontend,high,demo3,"Tech Debt, Feature",2026-04-10,4,2026-01-28T12:00:00+00:00,demo3,2026-02-04T12:00:00+00:00,2,2026-01-28T12:00:00+00:00||Backlog|demo3; 2026-02-04T12:00:00+00:00|Backlog|To Do|demo4,13,Sprint 42,Infra,true,https://wiki.example.com/specs/1080,2026-04-21,Priya Raman,Owen Gallagher,https://wiki.example.com/runbooks/frontend,CC-4100
30,OAuth token refresh flow hardening,,To Do,Backend,medium,,"Bug, Tech Debt",2026-02-24,2,2026-02-13T12:00:00+00:00,demo5,2026-02-28T12:00:00+00:00,2,2026-02-13T12:00:00+00:00||Backlog|demo5; 2026-02-28T12:00:00+00:00|Backlog|To Do|demo1,2,Sprint 41,Database,true,,2026-03-16,Marcus Hale,Sofia Marino,https://wiki.example.com/runbooks/backend,CC-4110
31,API client retry logic with idempotency keys,,To Do,Backend,urgent,,"Bug, Improve",,8,2026-01-04T12:00:00+00:00,demo5,2026-01-24T12:00:00+00:00,2,2026-01-04T12:00:00+00:00||Backlog|demo5; 2026-01-24T12:00:00+00:00|Backlog|To Do|demo1,3,Next,UI; API,false,,2026-03-10,Marcus Hale,Sofia Marino,https://wiki.example.com/runbooks/backend,CC-4110
32,Architecture decision records for major choices,,To Do,Backend,high,,"Blocked, Tech Debt",2026-03-28,8,2026-02-08T12:00:00+00:00,demo5,2026-02-14T12:00:00+00:00,2,2026-02-08T12:00:00+00:00||Backlog|demo5; 2026-02-14T12:00:00+00:00|Backlog|To Do|demo1,3,Sprint 41,UI,false,https://wiki.example.com/specs/1111,2026-03-17,Marcus Hale,Sofia Marino,https://wiki.example.com/runbooks/backend,CC-4110
33,Add cursor-based pagination to card list endpoint,Owned by the Mobile team. Break anything larger than five points into separate cards.,To Do,Mobile,urgent,demo2,Blocked,2026-03-15,3,2026-01-16T12:00:00+00:00,demo2,2026-02-03T12:00:00+00:00,2,2026-01-16T12:00:00+00:00||Backlog|demo2; 2026-02-03T12:00:00+00:00|Backlog|To Do|demo3,3,Sprint 43,UI; API,false,https://wiki.example.com/specs/1012,,Elena Petrova,Tariq Aziz,https://wiki.example.com/runbooks/mobile,CC-4120
34,Batch webhook delivery for high-frequency board events,,To Do,Mobile,medium,demo2,Blocked,2026-03-20,5,2026-02-12T12:00:00+00:00,demo2,2026-02-25T12:00:00+00:00,2,2026-02-12T12:00:00+00:00||Backlog|demo2; 2026-02-25T12:00:00+00:00|Backlog|To Do|demo3,13,Sprint 43,Infra,true,https://wiki.example.com/specs/1022,2026-04-01,Elena Petrova,Tariq Aziz,https://wiki.example.com/runbooks/mobile,CC-4120
35,Implement canary deployment pipeline stage,Owned by the Mobile team. Break anything larger than five points into separate cards.,To Do,Mobile,low,demo2,,2026-03-09,2,2026-01-04T12:00:00+00:00,demo2,2026-01-17T12:00:00+00:00,2,2026-01-04T12:00:00+00:00||Backlog|demo2; 2026-01-17T12:00:00+00:00|Backlog|To Do|demo3,8,Sprint 42,API; Infra,true,,2026-04-08,Elena Petrova,Tariq Aziz,https://wiki.example.com/runbooks/mobile,CC-4120
36,ETL pipeline for board analytics warehouse,,To Do,Mobile,high,demo2,"Feature, Bug",2026-03-31,2,2026-01-18T12:00:00+00:00,demo2,2026-02-03T12:00:00+00:00,2,2026-01-18T12:00:00+00:00||Backlog|demo2; 2026-02-03T12:00:00+00:00|Backlog|To Do|demo3,1,Sprint 41,API; Database,false,https://wiki.example.com/specs/1072,2026-04-01,Elena Petrova,Tariq Aziz,https://wiki.example.com/runbooks/mobile,CC-4120
37,Runbook: how to restore a deleted board,,To Do,Mobile,medium,demo2,,,5,2026-01-15T12:00:00+00:00,demo2,2026-01-21T12:00:00+00:00,2,2026-01-15T12:00:00+00:00||Backlog|demo2; 2026-01-21T12:00:00+00:00|Backlog|To Do|demo3,13,Sprint 43,UI,false,https://wiki.example.com/specs/1112,,Elena Petrova,Tariq Aziz,https://wiki.example.com/runbooks/mobile,CC-4120
38,Shared date/time utility library with timezone handling,DevOps work item. Link the merge request once a branch exists; move to Review when it is ready.,To Do,DevOps,low,demo4,Bug,,3,2025-12-23T12:00:00+00:00,demo4,2026-01-14T12:00:00+00:00,2,2025-12-23T12:00:00+00:00||Backlog|demo4; 2026-01-14T12:00:00+00:00|Backlog|To Do|demo5,2,Next,API; Auth,true,,,Kwame Mensah,Mei Lin,https://wiki.example.com/runbooks/devops,CC-4130
39,Bulk card archive endpoint,,To Do,Design,medium,demo1,"Tech Debt, Improve",2026-03-25,5,2026-01-05T12:00:00+00:00,demo1,2026-01-11T12:00:00+00:00,2,2026-01-05T12:00:00+00:00||Backlog|demo1; 2026-01-11T12:00:00+00:00|Backlog|To Do|demo2,5,Sprint 41,UI; Auth,false,https://wiki.example.com/specs/1014,2026-04-28,Hana Kobayashi,Jonas Berg,https://wiki.example.com/runbooks/design,CC-4140
40,User cohort analysis: retention by signup month,Design work item. Link the merge request once a branch exists; move to Review when it is ready.,To Do,Design,medium,demo1,,2026-03-02,8,2026-01-23T12:00:00+00:00,demo1,2026-02-01T12:00:00+00:00,2,2026-01-23T12:00:00+00:00||Backlog|demo1; 2026-02-01T12:00:00+00:00|Backlog|To Do|demo2,1,Next,UI,false,,,Hana Kobayashi,Jonas Berg,https://wiki.example.com/runbooks/design,CC-4140
41,Developer onboarding script: one-command local setup,,To Do,Design,low,demo1,,2026-03-16,3,2026-01-18T12:00:00+00:00,demo1,2026-02-01T12:00:00+00:00,2,2026-01-18T12:00:00+00:00||Backlog|demo1; 2026-02-01T12:00:00+00:00|Backlog|To Do|demo2,2,Sprint 42,Auth,true,https://wiki.example.com/specs/1104,,Hana Kobayashi,Jonas Berg,https://wiki.example.com/runbooks/design,CC-4140
42,Video tutorial: setting up your first board,Design work item. Link the merge request once a branch exists; move to Review when it is ready.,To Do,Design,high,demo1,Bug,2026-04-12,8,2026-01-28T12:00:00+00:00,demo1,2026-02-16T12:00:00+00:00,2,2026-01-28T12:00:00+00:00||Backlog|demo1; 2026-02-16T12:00:00+00:00|Backlog|To Do|demo2,3,Sprint 42,UI,true,https://wiki.example.com/specs/1114,2026-04-19,Hana Kobayashi,Jonas Berg,https://wiki.example.com/runbooks/design,CC-4140
43,Keyboard shortcut overlay modal,QA work item. Link the merge request once a branch exists; move to Review when it is ready.,To Do,QA,medium,demo3,Improve,2026-04-22,6,2026-01-18T12:00:00+00:00,demo3,2026-01-24T12:00:00+00:00,2,2026-01-18T12:00:00+00:00||Backlog|demo3; 2026-01-24T12:00:00+00:00|Backlog|To Do|demo4,2,Sprint 41,Infra,false,https://wiki.example.com/specs/1005,,Lucas Ferreira,Isabel Ortiz,https://wiki.example.com/runbooks/qa,CC-4150
44,Board activity heatmap aggregation job,QA work item. Link the merge request once a branch exists; move to Review when it is ready.,To Do,QA,high,demo3,Feature,2026-02-28,4,2026-01-15T12:00:00+00:00,demo3,2026-01-23T12:00:00+00:00,2,2026-01-15T12:00:00+00:00||Backlog|demo3; 2026-01-23T12:00:00+00:00|Backlog|To Do|demo4,1,Sprint 42,UI; Infra,false,https://wiki.example.com/specs/1075,2026-04-26,Lucas Ferreira,Isabel Ortiz,https://wiki.example.com/runbooks/qa,CC-4150
45,Internal package registry for shared npm modules,,To Do,QA,medium,demo3,"Improve, Feature",,3,2026-01-28T12:00:00+00:00,demo3,2026-02-12T12:00:00+00:00,2,2026-01-28T12:00:00+00:00||Backlog|demo3; 2026-02-12T12:00:00+00:00|Backlog|To Do|demo4,8,Sprint 43,UI,true,https://wiki.example.com/specs/1105,2026-04-17,Lucas Ferreira,Isabel Ortiz,https://wiki.example.com/runbooks/qa,CC-4150
46,WebSocket reconnection with exponential backoff,Owned by the Data team. Break anything larger than five points into separate cards.,To Do,Data,medium,,"Improve, Tech Debt",2026-04-14,3,2025-12-20T12:00:00+00:00,demo5,2026-01-18T12:00:00+00:00,2,2025-12-20T12:00:00+00:00||Backlog|demo5; 2026-01-18T12:00:00+00:00|Backlog|To Do|demo1,3,Sprint 43,API; Infra,false,,,Nadia Haddad,Avery Brooks,https://wiki.example.com/runbooks/data,CC-4160
47,Container image vulnerability scanning in CI,,To Do,Data,low,,Tech Debt,2026-02-25,4,2025-12-11T12:00:00+00:00,demo5,2026-01-06T12:00:00+00:00,2,2025-12-11T12:00:00+00:00||Backlog|demo5; 2026-01-06T12:00:00+00:00|Backlog|To Do|demo1,1,Sprint 42,UI; Database,false,,,Nadia Haddad,Avery Brooks,https://wiki.example.com/runbooks/data,CC-4160
48,Offline mode: queue moves while disconnected,Owned by the Security team. Break anything larger than five points into separate cards.,To Do,Security,low,demo2,,2026-02-24,1,2026-01-22T12:00:00+00:00,demo2,2026-02-02T12:00:00+00:00,2,2026-01-22T12:00:00+00:00||Backlog|demo2; 2026-02-02T12:00:00+00:00|Backlog|To Do|demo3,3,Sprint 43,API; Auth,false,https://wiki.example.com/specs/1027,2026-03-21,Owen Gallagher,Priya Raman,https://wiki.example.com/runbooks/security,CC-4170
49,Add Prometheus metrics to API gateway,Owned by the Security team. Break anything larger than five points into separate cards.,To Do,Security,high,demo2,,2026-02-28,4,2026-02-09T12:00:00+00:00,demo2,2026-02-20T12:00:00+00:00,2,2026-02-09T12:00:00+00:00||Backlog|demo2; 2026-02-20T12:00:00+00:00|Backlog|To Do|demo3,13,Sprint 41,Infra,false,,,Owen Gallagher,Priya Raman,https://wiki.example.com/runbooks/security,CC-4170
50,Mobile navigation bottom sheet pattern,Owned by the Security team. Break anything larger than five points into separate cards.,To Do,Security,high,demo2,"Bug, Feature",2026-04-22,5,2025-12-26T12:00:00+00:00,demo2,2026-01-05T12:00:00+00:00,2,2025-12-26T12:00:00+00:00||Backlog|demo2; 2026-01-05T12:00:00+00:00|Backlog|To Do|demo3,2,Sprint 43,Database; Infra,true,,2026-03-11,Owen Gallagher,Priya Raman,https://wiki.example.com/runbooks/security,CC-4170
51,Mobile device farm testing on BrowserStack,,To Do,Security,high,demo2,"Improve, Tech Debt",2026-04-26,3,2025-12-19T12:00:00+00:00,demo2,2026-01-18T12:00:00+00:00,2,2025-12-19T12:00:00+00:00||Backlog|demo2; 2026-01-18T12:00:00+00:00|Backlog|To Do|demo3,5,Sprint 43,API; Infra,false,https://wiki.example.com/specs/1067,2026-04-01,Owen Gallagher,Priya Raman,https://wiki.example.com/runbooks/security,CC-4170
52,Kubernetes pod autoscaling HPA tuning,,To Do,Platform,low,demo4,"Blocked, Bug",2026-03-03,8,2026-02-03T12:00:00+00:00,demo4,2026-02-17T12:00:00+00:00,2,2026-02-03T12:00:00+00:00||Backlog|demo4; 2026-02-17T12:00:00+00:00|Backlog|To Do|demo5,8,Sprint 43,UI; API,false,https://wiki.example.com/specs/1038,2026-04-05,Sofia Marino,Marcus Hale,https://wiki.example.com/runbooks/platform,CC-4180
53,Loading state skeleton design tokens,Platform work item. Link the merge request once a branch exists; move to Review when it is ready.,To Do,Platform,low,demo4,"Feature, Blocked",2026-03-20,2,2025-12-24T12:00:00+00:00,demo4,2026-01-20T12:00:00+00:00,2,2025-12-24T12:00:00+00:00||Backlog|demo4; 2026-01-20T12:00:00+00:00|Backlog|To Do|demo5,8,Sprint 43,UI; Auth,false,,,Sofia Marino,Marcus Hale,https://wiki.example.com/runbooks/platform,CC-4180
54,Performance benchmark: board load time p95 tracking,Owned by the Platform team. Break anything larger than five points into separate cards.,To Do,Platform,high,demo4,"Bug, Improve",2026-02-16,2,2026-02-01T12:00:00+00:00,demo4,2026-02-13T12:00:00+00:00,2,2026-02-01T12:00:00+00:00||Backlog|demo4; 2026-02-13T12:00:00+00:00|Backlog|To Do|demo5,13,Next,UI; Database,true,https://wiki.example.com/specs/1068,,Sofia Marino,Marcus Hale,https://wiki.example.com/runbooks/platform,CC-4180
55,GraphQL gateway proof of concept,Owned by the Platform team. Break anything larger than five points into separate cards.,To Do,Platform,urgent,demo4,,2026-04-03,4,2026-01-28T12:00:00+00:00,demo4,2026-02-17T12:00:00+00:00,2,2026-01-28T12:00:00+00:00||Backlog|demo4; 2026-02-17T12:00:00+00:00|Backlog|To Do|demo5,1,Next,API; Infra,true,,2026-04-02,Sofia Marino,Marcus Hale,https://wiki.example.com/runbooks/platform,CC-4180
56,API reference overhaul with interactive examples,Owned by the Platform team. Break anything larger than five points into separate cards.,To Do,Platform,medium,demo4,"Feature, Tech Debt",,1,2025-12-29T12:00:00+00:00,demo4,2026-01-20T12:00:00+00:00,2,2025-12-29T12:00:00+00:00||Backlog|demo4; 2026-01-20T12:00:00+00:00|Backlog|To Do|demo5,8,Sprint 43,Database,false,https://wiki.example.com/specs/1108,,Sofia Marino,Marcus Hale,https://wiki.example.com/runbooks/platform,CC-4180
57,Card detail modal transition animation,Documentation work item. Link the merge request once a branch exists; move to Review when it is ready.,To Do,Documentation,medium,demo1,"Feature, Improve",2026-04-14,2,2025-12-12T12:00:00+00:00,demo1,2025-12-31T12:00:00+00:00,2,2025-12-12T12:00:00+00:00||Backlog|demo1; 2025-12-31T12:00:00+00:00|Backlog|To Do|demo2,2,Sprint 42,Auth,false,,2026-04-10,Tariq Aziz,Elena Petrova,https://wiki.example.com/runbooks/documentation,CC-4190
58,Database index on card.position for sort performance,,To Do,Documentation,high,demo1,"Bug, Tech Debt",2026-02-17,1,2026-01-09T12:00:00+00:00,demo1,2026-01-31T12:00:00+00:00,2,2026-01-09T12:00:00+00:00||Backlog|demo1; 2026-01-31T12:00:00+00:00|Backlog|To Do|demo2,5,Next,API,false,https://wiki.example.com/specs/1019,,Tariq Aziz,Elena Petrova,https://wiki.example.com/runbooks/documentation,CC-4190
59,Accessibility audit report and remediation plan,,To Do,Documentation,high,demo1,"Bug, Improve",2026-03-01,8,2026-01-07T12:00:00+00:00,demo1,2026-01-31T12:00:00+00:00,2,2026-01-07T12:00:00+00:00||Backlog|demo1; 2026-01-31T12:00:00+00:00|Backlog|To Do|demo2,1,Next,UI; Auth,false,,2026-04-27,Tariq Aziz,Elena Petrova,https://wiki.example.com/runbooks/documentation,CC-4190
60,Feature flag service integration with LaunchDarkly,,To Do,Documentation,low,demo1,"Feature, Improve",2026-04-08,8,2025-12-13T12:00:00+00:00,demo1,2025-12-18T12:00:00+00:00,2,2025-12-13T12:00:00+00:00||Backlog|demo1; 2025-12-18T12:00:00+00:00|Backlog|To Do|demo2,8,Sprint 41,Database; Auth,false,,,Tariq Aziz,Elena Petrova,https://wiki.example.com/runbooks/documentation,CC-4190
61,Accessible focus rings on all interactive elements,Frontend work item. Link the merge request once a branch exists; move to Review when it is ready.,Doing,Frontend,low,demo3,Improve,2026-03-27,6,2025-12-12T12:00:00+00:00,demo3,2026-01-10T12:00:00+00:00,3,2025-12-12T12:00:00+00:00||Backlog|demo3; 2025-12-25T12:00:00+00:00|Backlog|To Do|demo4; 2026-01-10T12:00:00+00:00|To Do|Doing|demo5,8,Next,UI; Auth,true,https://wiki.example.com/specs/1000,2026-04-21,Priya Raman,Owen Gallagher,https://wiki.example.com/runbooks/frontend,CC-4100
62,Shared error boundary component for micro-frontends,Owned by the Frontend team. Break anything larger than five points into separate cards.,Doing,Frontend,urgent,demo3,"Bug, Feature",2026-03-17,7,2026-01-07T12:00:00+00:00,demo3,2026-02-06T12:00:00+00:00,5,2026-01-07T12:00:00+00:00||Backlog|demo3; 2026-01-14T12:00:00+00:00|Backlog|To Do|demo4; 2026-01-24T12:00:00+00:00|To Do|Backlog|demo5; 2026-01-31T12:00:00+00:00|Backlog|To Do|demo1; 2026-02-06T12:00:00+00:00|To Do|Doing|demo2,2,Sprint 42,Database,false,https://wiki.example.com/specs/1100,,Priya Raman,Owen Gallagher,https://wiki.example.com/runbooks/frontend,CC-4100
63,Implement card search with debounce,Backend work item. Link the merge request once a branch exists; move to Review when it is ready.,Doing,Backend,medium,,"Tech Debt, Bug",2026-03-24,6,2026-01-06T12:00:00+00:00,demo5,2026-01-29T12:00:00+00:00,3,2026-01-06T12:00:00+00:00||Backlog|demo5; 2026-01-19T12:00:00+00:00|Backlog|To Do|demo1; 2026-01-29T12:00:00+00:00|To Do|Doing|demo2,2,Sprint 42,UI; Infra,true,https://wiki.example.com/specs/1001,,Marcus Hale,Sofia Marino,https://wiki.example.com/runbooks/backend,CC-4110
64,Deep link to specific card from notification,,Doing,Backend,urgent,,Bug,2026-04-17,3,2026-02-04T12:00:00+00:00,demo5,2026-02-14T12:00:00+00:00,3,2026-02-04T12:00:00+00:00||Backlog|demo5; 2026-02-09T12:00:00+00:00|Backlog|To Do|demo1; 2026-02-14T12:00:00+00:00|To Do|Doing|demo2,1,Sprint 41,Auth,false,https://wiki.example.com/specs/1031,,Marcus Hale,Sofia Marino,https://wiki.example.com/runbooks/backend,CC-4110
65,Dark mode color system -- token audit,,Doing,Backend,high,,Tech Debt,2026-04-21,7,2026-01-04T12:00:00+00:00,demo5,2026-02-12T12:00:00+00:00,5,2026-01-04T12:00:00+00:00||Backlog|demo5; 2026-01-19T12:00:00+00:00|Backlog|To Do|demo1; 2026-01-23T12:00:00+00:00|To Do|Backlog|demo2; 2026-02-03T12:00:00+00:00|Backlog|To Do|demo3; 2026-02-12T12:00:00+00:00|To Do|Doing|demo4,8,Sprint 41,UI; Database,false,https://wiki.example.com/specs/1051,2026-04-15,Marcus Hale,Sofia Marino,https://wiki.example.com/runbooks/backend,CC-4110
66,Widget for due-date cards on home screen,,Doing,Mobile,urgent,demo2,,2026-04-09,7,2026-01-18T12:00:00+00:00,demo2,2026-02-13T12:00:00+00:00,5,2026-01-18T12:00:00+00:00||Backlog|demo2; 2026-01-26T12:00:00+00:00|Backlog|To Do|demo3; 2026-02-03T12:00:00+00:00|To Do|Backlog|demo4; 2026-02-09T12:00:00+00:00|Backlog|To Do|demo5; 2026-02-13T12:00:00+00:00|To Do|Doing|demo1,1,Sprint 41,Auth,true,,,Elena Petrova,Tariq Aziz,https://wiki.example.com/runbooks/mobile,CC-4120
67,API contract testing with Pact,,Doing,Mobile,medium,demo2,"Feature, Tech Debt",2026-02-28,1,2025-12-18T12:00:00+00:00,demo2,2026-01-18T12:00:00+00:00,3,2025-12-18T12:00:00+00:00||Backlog|demo2; 2026-01-07T12:00:00+00:00|Backlog|To Do|demo3; 2026-01-18T12:00:00+00:00|To Do|Doing|demo4,5,Next,API; Infra,false,https://wiki.example.com/specs/1062,2026-03-31,Elena Petrova,Tariq Aziz,https://wiki.example.com/runbooks/mobile,CC-4120
68,Custom event tracking for swimlane interactions,Owned by the Mobile team. Break anything larger than five points into separate cards.,Doing,Mobile,medium,demo2,"Improve, Tech Debt",,5,2026-01-27T12:00:00+00:00,demo2,2026-02-08T12:00:00+00:00,3,2026-01-27T12:00:00+00:00||Backlog|demo2; 2026-02-05T12:00:00+00:00|Backlog|To Do|demo3; 2026-02-08T12:00:00+00:00|To Do|Doing|demo4,8,Next,Auth; Infra,false,https://wiki.example.com/specs/1082,2026-04-11,Elena Petrova,Tariq Aziz,https://wiki.example.com/runbooks/mobile,CC-4120
69,IP allowlisting for admin panel access,,Doing,Mobile,medium,demo2,"Improve, Tech Debt",2026-04-23,6,2026-01-18T12:00:00+00:00,demo2,2026-02-10T12:00:00+00:00,3,2026-01-18T12:00:00+00:00||Backlog|demo2; 2026-01-28T12:00:00+00:00|Backlog|To Do|demo3; 2026-02-10T12:00:00+00:00|To Do|Doing|demo4,13,Sprint 42,Auth; Infra,false,,2026-04-20,Elena Petrova,Tariq Aziz,https://wiki.example.com/runbooks/mobile,CC-4120
70,Camera attachment flow from card detail,Owned by the DevOps team. Break anything larger than five points into separate cards.,Doing,DevOps,low,demo4,"Improve, Blocked",2026-04-15,2,2026-02-10T12:00:00+00:00,demo4,2026-03-04T12:00:00+00:00,5,2026-02-10T12:00:00+00:00||Backlog|demo4; 2026-02-19T12:00:00+00:00|Backlog|To Do|demo5; 2026-02-23T12:00:00+00:00|To Do|Backlog|demo1; 2026-02-28T12:00:00+00:00|Backlog|To Do|demo2; 2026-03-04T12:00:00+00:00|To Do|Doing|demo3,5,Sprint 43,Auth; Infra,true,,2026-04-22,Kwame Mensah,Mei Lin,https://wiki.example.com/runbooks/devops,CC-4130
71,FAQ page for common support questions,,Doing,DevOps,urgent,demo4,Bug,2026-03-09,3,2026-01-10T12:00:00+00:00,demo4,2026-02-04T12:00:00+00:00,3,2026-01-10T12:00:00+00:00||Backlog|demo4; 2026-01-27T12:00:00+00:00|Backlog|To Do|demo5; 2026-02-04T12:00:00+00:00|To Do|Doing|demo1,8,Next,Infra,false,,,Kwame Mensah,Mei Lin,https://wiki.example.com/runbooks/devops,CC-4130
72,Responsive board layout for tablet breakpoints,,Doing,Design,medium,demo1,Bug,2026-02-17,8,2026-01-18T12:00:00+00:00,demo1,2026-02-09T12:00:00+00:00,3,2026-01-18T12:00:00+00:00||Backlog|demo1; 2026-01-27T12:00:00+00:00|Backlog|To Do|demo2; 2026-02-09T12:00:00+00:00|To Do|Doing|demo3,3,Sprint 42,UI,false,,,Hana Kobayashi,Jonas Berg,https://wiki.example.com/runbooks/design,CC-4140
73,Card swipe gestures for quick archive,Owned by the Design team. Break anything larger than five points into separate cards.,Doing,Design,urgent,demo1,"Tech Debt, Blocked",2026-03-18,2,2026-01-04T12:00:00+00:00,demo1,2026-01-26T12:00:00+00:00,3,2026-01-04T12:00:00+00:00||Backlog|demo1; 2026-01-16T12:00:00+00:00|Backlog|To Do|demo2; 2026-01-26T12:00:00+00:00|To Do|Doing|demo3,8,Sprint 42,UI; Infra,false,https://wiki.example.com/specs/1024,,Hana Kobayashi,Jonas Berg,https://wiki.example.com/runbooks/design,CC-4140
74,Board settings modal layout overhaul,Owned by the Design team. Break anything larger than five points into separate cards.,Doing,Design,high,demo1,Blocked,,4,2025-12-15T12:00:00+00:00,demo1,2026-01-05T12:00:00+00:00,3,2025-12-15T12:00:00+00:00||Backlog|demo1; 2025-12-21T12:00:00+00:00|Backlog|To Do|demo2; 2026-01-05T12:00:00+00:00|To Do|Doing|demo3,1,Sprint 41,API; Auth,true,https://wiki.example.com/specs/1054,2026-04-23,Hana Kobayashi,Jonas Berg,https://wiki.example.com/runbooks/design,CC-4140
75,RBAC permission matrix documentation and test,Owned by the Design team. Break anything larger than five points into separate cards.,Doing,Design,medium,demo1,"Tech Debt, Feature",,1,2026-01-21T12:00:00+00:00,demo1,2026-02-11T12:00:00+00:00,3,2026-01-21T12:00:00+00:00||Backlog|demo1; 2026-01-30T12:00:00+00:00|Backlog|To Do|demo2; 2026-02-11T12:00:00+00:00|To Do|Doing|demo3,13,Sprint 42,UI,false,,2026-04-02,Hana Kobayashi,Jonas Berg,https://wiki.example.com/runbooks/design,CC-4140
76,CSRF token rotation policy enforcement,QA work item. Link the merge request once a branch exists; move to Review when it is ready.,Doing,QA,urgent,demo3,"Blocked, Improve",2026-03-22,8,2026-02-01T12:00:00+00:00,demo3,2026-02-20T12:00:00+00:00,3,2026-02-01T12:00:00+00:00||Backlog|demo3; 2026-02-10T12:00:00+00:00|Backlog|To Do|demo4; 2026-02-20T12:00:00+00:00|To Do|Doing|demo5,5,Sprint 42,API; Infra,true,,,Lucas Ferreira,Isabel Ortiz,https://wiki.example.com/runbooks/qa,CC-4150
77,Incident response runbook update for data breach scenario,Owned by the QA team. Break anything larger than five points into separate cards.,Doing,QA,medium,demo3,Feature,2026-03-15,7,2025-12-13T12:00:00+00:00,demo3,2026-01-21T12:00:00+00:00,3,2025-12-13T12:00:00+00:00||Backlog|demo3; 2026-01-08T12:00:00+00:00|Backlog|To Do|demo4; 2026-01-21T12:00:00+00:00|To Do|Doing|demo5,8,Sprint 41,API,true,,2026-04-21,Lucas Ferreira,Isabel Ortiz,https://wiki.example.com/runbooks/qa,CC-4150
78,Virtualized card list for boards with 500+ cards,,Doing,Data,medium,,Tech Debt,2026-03-28,8,2026-01-14T12:00:00+00:00,demo5,2026-01-24T12:00:00+00:00,3,2026-01-14T12:00:00+00:00||Backlog|demo5; 2026-01-22T12:00:00+00:00|Backlog|To Do|demo1; 2026-01-24T12:00:00+00:00|To Do|Doing|demo2,8,Sprint 41,UI; API,true,,,Nadia Haddad,Avery Brooks,https://wiki.example.com/runbooks/data,CC-4160
79,Push notification for card assignment,,Doing,Data,high,,Bug,2026-03-08,6,2026-01-11T12:00:00+00:00,demo5,2026-01-31T12:00:00+00:00,3,2026-01-11T12:00:00+00:00||Backlog|demo5; 2026-01-19T12:00:00+00:00|Backlog|To Do|demo1; 2026-01-31T12:00:00+00:00|To Do|Doing|demo2,8,Sprint 43,Database,false,https://wiki.example.com/specs/1026,,Nadia Haddad,Avery Brooks,https://wiki.example.com/runbooks/data,CC-4160
80,Rotate CI/CD secrets -- 90-day policy,,Doing,Data,medium,,Blocked,2026-02-16,4,2026-01-17T12:00:00+00:00,demo5,2026-02-03T12:00:00+00:00,3,2026-01-17T12:00:00+00:00||Backlog|demo5; 2026-01-26T12:00:00+00:00|Backlog|To Do|demo1; 2026-02-03T12:00:00+00:00|To Do|Doing|demo2,5,Sprint 41,Database; Auth,true,,2026-03-11,Nadia Haddad,Avery Brooks,https://wiki.example.com/runbooks/data,CC-4160
81,Icon set migration from Heroicons v1 to v2,Data work item. Link the merge request once a branch exists; move to Review when it is ready.,Doing,Data,urgent,,"Blocked, Tech Debt",2026-03-11,4,2026-01-23T12:00:00+00:00,demo5,2026-02-15T12:00:00+00:00,3,2026-01-23T12:00:00+00:00||Backlog|demo5; 2026-02-05T12:00:00+00:00|Backlog|To Do|demo1; 2026-02-15T12:00:00+00:00|To Do|Doing|demo2,1,Sprint 41,Infra,false,https://wiki.example.com/specs/1056,2026-03-09,Nadia Haddad,Avery Brooks,https://wiki.example.com/runbooks/data,CC-4160
82,Data quality checks for movement audit trail,Data work item. Link the merge request once a branch exists; move to Review when it is ready.,Doing,Data,low,,"Bug, Blocked",2026-02-17,1,2026-01-18T12:00:00+00:00,demo5,2026-02-03T12:00:00+00:00,3,2026-01-18T12:00:00+00:00||Backlog|demo5; 2026-01-23T12:00:00+00:00|Backlog|To Do|demo1; 2026-02-03T12:00:00+00:00|To Do|Doing|demo2,5,Sprint 42,Infra,false,https://wiki.example.com/specs/1076,,Nadia Haddad,Avery Brooks,https://wiki.example.com/runbooks/data,CC-4160
83,OpenAPI spec generation from DRF serializers,Owned by the Data team. Break anything larger than five points into separate cards.,Doing,Data,low,,Bug,,4,2026-02-11T12:00:00+00:00,demo5,2026-02-28T12:00:00+00:00,3,2026-02-11T12:00:00+00:00||Backlog|demo5; 2026-02-21T12:00:00+00:00|Backlog|To Do|demo1; 2026-02-28T12:00:00+00:00|To Do|Doing|demo2,5,Next,UI; Infra,false,,2026-04-17,Nadia Haddad,Avery Brooks,https://wiki.example.com/runbooks/data,CC-4160
84,Changelog writing guidelines for contributors,,Doing,Security,medium,demo2,Improve,2026-04-26,3,2026-02-01T12:00:00+00:00,demo2,2026-02-17T12:00:00+00:00,3,2026-02-01T12:00:00+00:00||Backlog|demo2; 2026-02-11T12:00:00+00:00|Backlog|To Do|demo3; 2026-02-17T12:00:00+00:00|To Do|Doing|demo4,1,Sprint 41,UI; Auth,false,https://wiki.example.com/specs/1117,,Owen Gallagher,Priya Raman,https://wiki.example.com/runbooks/security,CC-4170
85,Drag preview ghost image polish for Safari,Owned by the Platform team. Break anything larger than five points into separate cards.,Doing,Platform,urgent,demo4,"Bug, Tech Debt",,3,2026-02-09T12:00:00+00:00,demo4,2026-02-26T12:00:00+00:00,5,2026-02-09T12:00:00+00:00||Backlog|demo4; 2026-02-15T12:00:00+00:00|Backlog|To Do|demo5; 2026-02-17T12:00:00+00:00|To Do|Backlog|demo1; 2026-02-21T12:00:00+00:00|Backlog|To Do|demo2; 2026-02-26T12:00:00+00:00|To Do|Doing|demo3,5,Sprint 42,UI; Auth,false,https://wiki.example.com/specs/1008,2026-04-09,Sofia Marino,Marcus Hale,https://wiki.example.com/runbooks/platform,CC-4180
86,Background task for stale card due date notifications,Platform work item. Link the merge request once a branch exists; move to Review when it is ready.,Doing,Platform,medium,demo4,Feature,2026-04-24,8,2026-01-11T12:00:00+00:00,demo4,2026-02-02T12:00:00+00:00,5,2026-01-11T12:00:00+00:00||Backlog|demo4; 2026-01-21T12:00:00+00:00|Backlog|To Do|demo5; 2026-01-25T12:00:00+00:00|To Do|Backlog|demo1; 2026-01-27T12:00:00+00:00|Backlog|To Do|demo2; 2026-02-02T12:00:00+00:00|To Do|Doing|demo3,2,Sprint 43,Database,false,,,Sofia Marino,Marcus Hale,https://wiki.example.com/runbooks/platform,CC-4180
87,Pull-to-refresh on board view,,Doing,Documentation,medium,demo1,Improve,,7,2026-01-04T12:00:00+00:00,demo1,2026-01-27T12:00:00+00:00,5,2026-01-04T12:00:00+00:00||Backlog|demo1; 2026-01-12T12:00:00+00:00|Backlog|To Do|demo2; 2026-01-18T12:00:00+00:00|To Do|Backlog|demo3; 2026-01-20T12:00:00+00:00|Backlog|To Do|demo4; 2026-01-27T12:00:00+00:00|To Do|Doing|demo5,13,Sprint 43,Infra,false,,2026-03-11,Tariq Aziz,Elena Petrova,https://wiki.example.com/runbooks/documentation,CC-4190
88,Redesign empty state illustrations,,Doing,Documentation,high,demo1,"Feature, Tech Debt",,4,2026-01-13T12:00:00+00:00,demo1,2026-02-10T12:00:00+00:00,3,2026-01-13T12:00:00+00:00||Backlog|demo1; 2026-01-30T12:00:00+00:00|Backlog|To Do|demo2; 2026-02-10T12:00:00+00:00|To Do|Doing|demo3,8,Sprint 41,Database,false,,2026-03-12,Tariq Aziz,Elena Petrova,https://wiki.example.com/runbooks/documentation,CC-4190
89,Chaos engineering: simulate WebSocket disconnects,Documentation work item. Link the merge request once a branch exists; move to Review when it is ready.,Doing,Documentation,high,demo1,Improve,2026-03-18,3,2026-02-07T12:00:00+00:00,demo1,2026-02-25T12:00:00+00:00,3,2026-02-07T12:00:00+00:00||Backlog|demo1; 2026-02-18T12:00:00+00:00|Backlog|To Do|demo2; 2026-02-25T12:00:00+00:00|To Do|Doing|demo3,5,Sprint 43,API,false,https://wiki.example.com/specs/1069,,Tariq Aziz,Elena Petrova,https://wiki.example.com/runbooks/documentation,CC-4190
90,Rate limit bypass investigation on auth endpoints,Documentation work item. Link the merge request once a branch exists; move to Review when it is ready.,Doing,Documentation,low,demo1,"Blocked, Bug",2026-04-08,7,2025-12-12T12:00:00+00:00,demo1,2026-02-03T12:00:00+00:00,5,2025-12-12T12:00:00+00:00||Backlog|demo1; 2025-12-24T12:00:00+00:00|Backlog|To Do|demo2; 2026-01-08T12:00:00+00:00|To Do|Backlog|demo3; 2026-01-21T12:00:00+00:00|Backlog|To Do|demo4; 2026-02-03T12:00:00+00:00|To Do|Doing|demo5,5,Next,UI; Database,true,,,Tariq Aziz,Elena Petrova,https://wiki.example.com/runbooks/documentation,CC-4190
91,API versioning header support for v2 endpoints,,Review,Frontend,low,demo3,"Blocked, Bug",2026-02-22,5,2026-01-07T12:00:00+00:00,demo3,2026-02-05T12:00:00+00:00,6,2026-01-07T12:00:00+00:00||Backlog|demo3; 2026-01-15T12:00:00+00:00|Backlog|To Do|demo4; 2026-01-22T12:00:00+00:00|To Do|Doing|demo5; 2026-01-28T12:00:00+00:00|Doing|To Do|demo1; 2026-02-03T12:00:00+00:00|To Do|Doing|demo2; 2026-02-05T12:00:00+00:00|Doing|Review|demo3,2,Sprint 43,Infra,true,,2026-04-12,Priya Raman,Owen Gallagher,https://wiki.example.com/runbooks/frontend,CC-4100
92,A/B test framework for onboarding flow experiments,,Review,Backend,high,,"Tech Debt, Bug",2026-02-14,8,2026-01-29T12:00:00+00:00,demo5,2026-02-21T12:00:00+00:00,4,2026-01-29T12:00:00+00:00||Backlog|demo5; 2026-02-12T12:00:00+00:00|Backlog|To Do|demo1; 2026-02-18T12:00:00+00:00|To Do|Doing|demo2; 2026-02-21T12:00:00+00:00|Doing|Review|demo3,1,Sprint 43,Auth,true,https://wiki.example.com/specs/1081,,Marcus Hale,Sofia Marino,https://wiki.example.com/runbooks/backend,CC-4110
93,Rate limit middleware per-user token bucket,,Review,DevOps,medium,demo4,Tech Debt,,3,2026-01-17T12:00:00+00:00,demo4,2026-02-15T12:00:00+00:00,4,2026-01-17T12:00:00+00:00||Backlog|demo4; 2026-01-25T12:00:00+00:00|Backlog|To Do|demo5; 2026-02-05T12:00:00+00:00|To Do|Doing|demo1; 2026-02-15T12:00:00+00:00|Doing|Review|demo2,3,Next,UI; Database,true,https://wiki.example.com/specs/1023,2026-03-09,Kwame Mensah,Mei Lin,https://wiki.example.com/runbooks/devops,CC-4130
94,Database backup verification cron job,DevOps work item. Link the merge request once a branch exists; move to Review when it is ready.,Review,DevOps,high,demo4,Bug,2026-04-13,4,2026-01-02T12:00:00+00:00,demo4,2026-02-02T12:00:00+00:00,3,2026-01-02T12:00:00+00:00||Backlog|demo4; 2026-01-21T12:00:00+00:00|Backlog|To Do|demo5; 2026-02-02T12:00:00+00:00|To Do|Review|demo1,3,Next,Infra,false,https://wiki.example.com/specs/1043,,Kwame Mensah,Mei Lin,https://wiki.example.com/runbooks/devops,CC-4130
95,Real-time dashboard for card throughput metrics,,Review,DevOps,high,demo4,Bug,2026-04-21,2,2026-02-01T12:00:00+00:00,demo4,2026-02-24T12:00:00+00:00,6,2026-02-01T12:00:00+00:00||Backlog|demo4; 2026-02-07T12:00:00+00:00|Backlog|To Do|demo5; 2026-02-11T12:00:00+00:00|To Do|Backlog|demo1; 2026-02-16T12:00:00+00:00|Backlog|To Do|demo2; 2026-02-21T12:00:00+00:00|To Do|Doing|demo3; 2026-02-24T12:00:00+00:00|Doing|Review|demo4,1,Sprint 42,Database,false,,,Kwame Mensah,Mei Lin,https://wiki.example.com/runbooks/devops,CC-4130
96,Audit log tamper detection with hash chaining,,Review,DevOps,high,demo4,,2026-04-13,5,2026-01-11T12:00:00+00:00,demo4,2026-02-11T12:00:00+00:00,4,2026-01-11T12:00:00+00:00||Backlog|demo4; 2026-01-26T12:00:00+00:00|Backlog|To Do|demo5; 2026-02-02T12:00:00+00:00|To Do|Doing|demo1; 2026-02-11T12:00:00+00:00|Doing|Review|demo2,8,Next,Infra,false,,2026-04-19,Kwame Mensah,Mei Lin,https://wiki.example.com/runbooks/devops,CC-4130
97,Penetration test remediation: XSS in card description,,Review,Design,medium,demo1,"Feature, Improve",2026-03-07,7,2025-12-10T12:00:00+00:00,demo1,2026-01-11T12:00:00+00:00,4,2025-12-10T12:00:00+00:00||Backlog|demo1; 2025-12-24T12:00:00+00:00|Backlog|To Do|demo2; 2025-12-27T12:00:00+00:00|To Do|Doing|demo3; 2026-01-11T12:00:00+00:00|Doing|Review|demo4,5,Sprint 41,Database; Infra,false,,2026-04-08,Hana Kobayashi,Jonas Berg,https://wiki.example.com/runbooks/design,CC-4140
98,Regression test for CSV import edge cases,,Review,Data,low,,,2026-04-10,7,2026-01-25T12:00:00+00:00,demo5,2026-02-22T12:00:00+00:00,4,2026-01-25T12:00:00+00:00||Backlog|demo5; 2026-02-07T12:00:00+00:00|Backlog|To Do|demo1; 2026-02-15T12:00:00+00:00|To Do|Doing|demo2; 2026-02-22T12:00:00+00:00|Doing|Review|demo3,2,Sprint 43,API; Database,false,https://wiki.example.com/specs/1066,,Nadia Haddad,Avery Brooks,https://wiki.example.com/runbooks/data,CC-4160
99,API key scope restriction for third-party integrations,Owned by the Data team. Break anything larger than five points into separate cards.,Review,Data,low,,Bug,2026-03-25,7,2026-02-09T12:00:00+00:00,demo5,2026-02-23T12:00:00+00:00,4,2026-02-09T12:00:00+00:00||Backlog|demo5; 2026-02-14T12:00:00+00:00|Backlog|To Do|demo1; 2026-02-17T12:00:00+00:00|To Do|Doing|demo2; 2026-02-23T12:00:00+00:00|Doing|Review|demo3,13,Next,UI,false,,,Nadia Haddad,Avery Brooks,https://wiki.example.com/runbooks/data,CC-4160
100,Admin configuration reference for all env vars,,Review,Data,low,,Improve,2026-02-28,7,2026-02-04T12:00:00+00:00,demo5,2026-02-12T12:00:00+00:00,3,2026-02-04T12:00:00+00:00||Backlog|demo5; 2026-02-08T12:00:00+00:00|Backlog|To Do|demo1; 2026-02-12T12:00:00+00:00|To Do|Review|demo2,8,Sprint 43,UI; Database,false,,2026-03-08,Nadia Haddad,Avery Brooks,https://wiki.example.com/runbooks/data,CC-4160
101,Zero-downtime deployment runbook,,Review,Documentation,low,demo1,Bug,,2,2025-12-11T12:00:00+00:00,demo1,2026-01-11T12:00:00+00:00,4,2025-12-11T12:00:00+00:00||Backlog|demo1; 2025-12-21T12:00:00+00:00|Backlog|To Do|demo2; 2026-01-08T12:00:00+00:00|To Do|Doing|demo3; 2026-01-11T12:00:00+00:00|Doing|Review|demo4,5,Sprint 42,API; Infra,true,,2026-04-23,Tariq Aziz,Elena Petrova,https://wiki.example.com/runbooks/documentation,CC-4190
102,Getting started guide for new self-hosted users,Owned by the Documentation team. Break anything larger than five points into separate cards.,Review,Documentation,high,demo1,"Bug, Blocked",2026-03-12,7,2025-12-25T12:00:00+00:00,demo1,2026-01-21T12:00:00+00:00,4,2025-12-25T12:00:00+00:00||Backlog|demo1; 2026-01-03T12:00:00+00:00|Backlog|To Do|demo2; 2026-01-17T12:00:00+00:00|To Do|Doing|demo3; 2026-01-21T12:00:00+00:00|Doing|Review|demo4,13,Sprint 42,Auth; Infra,false,https://wiki.example.com/specs/1109,2026-04-12,Tariq Aziz,Elena Petrova,https://wiki.example.com/runbooks/documentation,CC-4190
103,Webhook event catalog with payload schemas,,Done,Frontend,high,demo3,"Improve, Tech Debt",,1,2025-12-28T12:00:00+00:00,demo3,2026-01-26T12:00:00+00:00,7,2025-12-28T12:00:00+00:00||Backlog|demo3; 2026-01-02T12:00:00+00:00|Backlog|To Do|demo4; 2026-01-04T12:00:00+00:00|To Do|Backlog|demo5; 2026-01-06T12:00:00+00:00|Backlog|To Do|demo1; 2026-01-09T12:00:00+00:00|To Do|Doing|demo2; 2026-01-17T12:00:00+00:00|Doing|Review|demo3; 2026-01-26T12:00:00+00:00|Review|Done|demo4,8,Sprint 41,API; Database,false,,2026-04-27,Priya Raman,Owen Gallagher,https://wiki.example.com/runbooks/frontend,CC-4100
104,Soft delete for archived boards with 30-day retention,,Done,Backend,urgent,,"Blocked, Improve",2026-03-06,1,2026-01-29T12:00:00+00:00,demo5,2026-02-26T12:00:00+00:00,7,2026-01-29T12:00:00+00:00||Backlog|demo5; 2026-02-06T12:00:00+00:00|Backlog|To Do|demo1; 2026-02-09T12:00:00+00:00|To Do|Doing|demo2; 2026-02-14T12:00:00+00:00|Doing|Review|demo3; 2026-02-19T12:00:00+00:00|Review|Doing|demo4; 2026-02-21T12:00:00+00:00|Doing|Review|demo5; 2026-02-26T12:00:00+00:00|Review|Done|demo1,8,Sprint 42,API; Database,false,https://wiki.example.com/specs/1021,2026-04-16,Marcus Hale,Sofia Marino,https://wiki.example.com/runbooks/backend,CC-4110
105,Card priority badge redesign for color-blind users,Mobile work item. Link the merge request once a branch exists; move to Review when it is ready.,Done,Mobile,medium,demo2,"Feature, Tech Debt",2026-03-15,2,2026-01-19T12:00:00+00:00,demo2,2026-02-14T12:00:00+00:00,6,2026-01-19T12:00:00+00:00||Backlog|demo2; 2026-01-26T12:00:00+00:00|Backlog|To Do|demo3; 2026-01-30T12:00:00+00:00|To Do|Doing|demo4; 2026-02-02T12:00:00+00:00|Doing|Review|demo5; 2026-02-10T12:00:00+00:00|Review|Done|demo1; 2026-02-14T12:00:00+00:00|Done|Done|demo1,1,Sprint 43,Auth,false,,2026-04-25,Elena Petrova,Tariq Aziz,https://wiki.example.com/runbooks/mobile,CC-4120
106,Event bus abstraction for cross-service messaging,Mobile work item. Link the merge request once a branch exists; move to Review when it is ready.,Done,Mobile,medium,demo2,Feature,,6,2025-12-24T12:00:00+00:00,demo2,2026-02-04T12:00:00+00:00,7,2025-12-24T12:00:00+00:00||Backlog|demo2; 2026-01-06T12:00:00+00:00|Backlog|To Do|demo3; 2026-01-11T12:00:00+00:00|To Do|Backlog|demo4; 2026-01-18T12:00:00+00:00|Backlog|To Do|demo5; 2026-01-20T12:00:00+00:00|To Do|Doing|demo1; 2026-01-26T12:00:00+00:00|Doing|Review|demo2; 2026-02-04T12:00:00+00:00|Review|Done|demo3,13,Next,UI; Infra,false,https://wiki.example.com/specs/1102,,Elena Petrova,Tariq Aziz,https://wiki.example.com/runbooks/mobile,CC-4120
107,Optimistic update for card weight field,,Done,DevOps,high,demo4,Bug,,5,2025-12-11T12:00:00+00:00,demo4,2026-01-16T12:00:00+00:00,4,2025-12-11T12:00:00+00:00||Backlog|demo4; 2026-01-02T12:00:00+00:00|Backlog|To Do|demo5; 2026-01-12T12:00:00+00:00|To Do|Review|demo1; 2026-01-16T12:00:00+00:00|Review|Done|demo2,3,Sprint 42,Auth,false,,2026-04-17,Kwame Mensah,Mei Lin,https://wiki.example.com/runbooks/devops,CC-4130
108,Load testing board view with 1000 cards using k6,Owned by the DevOps team. Break anything larger than five points into separate cards.,Done,DevOps,urgent,demo4,"Improve, Bug",,3,2025-12-14T12:00:00+00:00,demo4,2026-02-08T12:00:00+00:00,5,2025-12-14T12:00:00+00:00||Backlog|demo4; 2025-12-30T12:00:00+00:00|Backlog|To Do|demo5; 2026-01-13T12:00:00+00:00|To Do|Doing|demo1; 2026-01-24T12:00:00+00:00|Doing|Review|demo2; 2026-02-08T12:00:00+00:00|Review|Done|demo3,2,Sprint 41,UI; Infra,false,https://wiki.example.com/specs/1063,2026-03-14,Kwame Mensah,Mei Lin,https://wiki.example.com/runbooks/devops,CC-4130
109,Data catalog documentation for analytics tables,,Done,DevOps,high,demo4,"Tech Debt, Feature",2026-04-12,2,2026-01-16T12:00:00+00:00,demo4,2026-02-15T12:00:00+00:00,5,2026-01-16T12:00:00+00:00||Backlog|demo4; 2026-01-24T12:00:00+00:00|Backlog|To Do|demo5; 2026-01-31T12:00:00+00:00|To Do|Doing|demo1; 2026-02-06T12:00:00+00:00|Doing|Review|demo2; 2026-02-15T12:00:00+00:00|Review|Done|demo3,2,Next,Database; Auth,false,,,Kwame Mensah,Mei Lin,https://wiki.example.com/runbooks/devops,CC-4130
110,Landscape mode layout for tablets,Owned by the Design team. Break anything larger than five points into separate cards.,Done,Design,low,demo1,,2026-03-28,2,2026-02-10T12:00:00+00:00,demo1,2026-02-28T12:00:00+00:00,5,2026-02-10T12:00:00+00:00||Backlog|demo1; 2026-02-17T12:00:00+00:00|Backlog|Doing|demo2; 2026-02-23T12:00:00+00:00|Doing|Review|demo3; 2026-02-25T12:00:00+00:00|Review|Done|demo4; 2026-02-28T12:00:00+00:00|Done|Done|demo4,5,Sprint 43,UI,false,https://wiki.example.com/specs/1034,2026-03-12,Hana Kobayashi,Jonas Berg,https://wiki.example.com/runbooks/design,CC-4140
111,Log aggregation: ship to Loki instead of CloudWatch,Design work item. Link the merge request once a branch exists; move to Review when it is ready.,Done,Design,medium,demo1,"Improve, Feature",2026-03-05,1,2026-01-30T12:00:00+00:00,demo1,2026-03-01T12:00:00+00:00,6,2026-01-30T12:00:00+00:00||Backlog|demo1; 2026-02-11T12:00:00+00:00|Backlog|To Do|demo2; 2026-02-16T12:00:00+00:00|To Do|Doing|demo3; 2026-02-20T12:00:00+00:00|Doing|Review|demo4; 2026-02-22T12:00:00+00:00|Review|Done|demo5; 2026-03-01T12:00:00+00:00|Done|Done|demo5,2,Sprint 42,API; Auth,false,,,Hana Kobayashi,Jonas Berg,https://wiki.example.com/runbooks/design,CC-4140
112,N+1 fix on /api/boards/ list endpoint,,Done,QA,low,demo3,"Bug, Feature",2026-04-25,6,2026-01-01T12:00:00+00:00,demo3,2026-01-30T12:00:00+00:00,5,2026-01-01T12:00:00+00:00||Backlog|demo3; 2026-01-16T12:00:00+00:00|Backlog|To Do|demo4; 2026-01-21T12:00:00+00:00|To Do|Doing|demo5; 2026-01-23T12:00:00+00:00|Doing|Review|demo1; 2026-01-30T12:00:00+00:00|Review|Done|demo2,3,Sprint 43,UI; Auth,false,,,Lucas Ferreira,Isabel Ortiz,https://wiki.example.com/runbooks/qa,CC-4150
113,Shared TypeScript SDK for API consumers,Data work item. Link the merge request once a branch exists; move to Review when it is ready.,Done,Data,medium,,,,1,2025-12-14T12:00:00+00:00,demo5,2026-02-04T12:00:00+00:00,8,2025-12-14T12:00:00+00:00||Backlog|demo5; 2025-12-22T12:00:00+00:00|Backlog|To Do|demo1; 2025-12-30T12:00:00+00:00|To Do|Backlog|demo2; 2026-01-08T12:00:00+00:00|Backlog|To Do|demo3; 2026-01-15T12:00:00+00:00|To Do|Doing|demo4; 2026-01-20T12:00:00+00:00|Doing|Review|demo5; 2026-01-28T12:00:00+00:00|Review|Done|demo1; 2026-02-04T12:00:00+00:00|Done|Done|demo1,2,Sprint 43,Database; Auth,false,,,Nadia Haddad,Avery Brooks,https://wiki.example.com/runbooks/data,CC-4160
114,Card movement audit trail compression for old records,,Done,Security,medium,demo2,,2026-04-07,8,2026-01-31T12:00:00+00:00,demo2,2026-03-03T12:00:00+00:00,6,2026-01-31T12:00:00+00:00||Backlog|demo2; 2026-02-10T12:00:00+00:00|Backlog|To Do|demo3; 2026-02-15T12:00:00+00:00|To Do|Doing|demo4; 2026-02-20T12:00:00+00:00|Doing|Review|demo5; 2026-02-26T12:00:00+00:00|Review|Done|demo1; 2026-03-03T12:00:00+00:00|Done|Done|demo1,8,Sprint 42,UI; Infra,true,,2026-03-14,Owen Gallagher,Priya Raman,https://wiki.example.com/runbooks/security,CC-4170
115,CDN cache invalidation automation on deploy,,Done,Security,medium,demo2,Improve,2026-04-01,3,2025-12-14T12:00:00+00:00,demo2,2026-01-26T12:00:00+00:00,5,2025-12-14T12:00:00+00:00||Backlog|demo2; 2026-01-02T12:00:00+00:00|Backlog|To Do|demo3; 2026-01-10T12:00:00+00:00|To Do|Doing|demo4; 2026-01-15T12:00:00+00:00|Doing|Review|demo5; 2026-01-26T12:00:00+00:00|Review|Done|demo1,5,Sprint 41,UI; Auth,false,https://wiki.example.com/specs/1047,,Owen Gallagher,Priya Raman,https://wiki.example.com/runbooks/security,CC-4170
116,Internal CLI tool for seed data generation,,Done,Security,high,demo2,Feature,2026-04-28,5,2026-01-30T12:00:00+00:00,demo2,2026-02-17T12:00:00+00:00,4,2026-01-30T12:00:00+00:00||Backlog|demo2; 2026-02-05T12:00:00+00:00|Backlog|To Do|demo3; 2026-02-12T12:00:00+00:00|To Do|Review|demo4; 2026-02-17T12:00:00+00:00|Review|Done|demo5,2,Sprint 42,Infra,false,,2026-04-20,Owen Gallagher,Priya Raman,https://wiki.example.com/runbooks/security,CC-4170
117,Monorepo migration feasibility study,Security work item. Link the merge request once a branch exists; move to Review when it is ready.,Done,Security,low,demo2,"Tech Debt, Bug",2026-04-21,7,2026-01-02T12:00:00+00:00,demo2,2026-02-08T12:00:00+00:00,6,2026-01-02T12:00:00+00:00||Backlog|demo2; 2026-01-16T12:00:00+00:00|Backlog|To Do|demo3; 2026-01-18T12:00:00+00:00|To Do|Doing|demo4; 2026-01-28T12:00:00+00:00|Doing|Review|demo5; 2026-02-02T12:00:00+00:00|Review|Done|demo1; 2026-02-08T12:00:00+00:00|Done|Done|demo1,1,Sprint 43,API; Infra,true,,2026-04-07,Owen Gallagher,Priya Raman,https://wiki.example.com/runbooks/security,CC-4170
118,Biometric authentication for app unlock,,Done,Platform,high,demo4,,2026-02-28,2,2026-01-30T12:00:00+00:00,demo4,2026-02-26T12:00:00+00:00,5,2026-01-30T12:00:00+00:00||Backlog|demo4; 2026-02-09T12:00:00+00:00|Backlog|To Do|demo5; 2026-02-15T12:00:00+00:00|To Do|Doing|demo1; 2026-02-20T12:00:00+00:00|Doing|Review|demo2; 2026-02-26T12:00:00+00:00|Review|Done|demo3,8,Sprint 43,API,false,https://wiki.example.com/specs/1028,,Sofia Marino,Marcus Hale,https://wiki.example.com/runbooks/platform,CC-4180
119,Weekly email digest: board health scorecard,Owned by the Platform team. Break anything larger than five points into separate cards.,Done,Platform,high,demo4,,2026-02-25,4,2026-01-20T12:00:00+00:00,demo4,2026-02-12T12:00:00+00:00,4,2026-01-20T12:00:00+00:00||Backlog|demo4; 2026-01-29T12:00:00+00:00|Backlog|Doing|demo5; 2026-02-04T12:00:00+00:00|Doing|Review|demo1; 2026-02-12T12:00:00+00:00|Review|Done|demo2,8,Sprint 41,API; Database,false,https://wiki.example.com/specs/1078,2026-04-21,Sofia Marino,Marcus Hale,https://wiki.example.com/runbooks/platform,CC-4180
120,"Security headers audit: HSTS, CSP, X-Frame-Options",,Done,Platform,medium,demo4,"Blocked, Bug",2026-03-16,4,2026-01-16T12:00:00+00:00,demo4,2026-02-21T12:00:00+00:00,6,2026-01-16T12:00:00+00:00||Backlog|demo4; 2026-01-29T12:00:00+00:00|Backlog|To Do|demo5; 2026-02-02T12:00:00+00:00|To Do|Doing|demo1; 2026-02-11T12:00:00+00:00|Doing|Review|demo2; 2026-02-15T12:00:00+00:00|Review|Done|demo3; 2026-02-21T12:00:00+00:00|Done|Done|demo3,3,Next,Database,true,https://wiki.example.com/specs/1088,2026-04-17,Sofia Marino,Marcus Hale,https://wiki.example.com/runbooks/platform,CC-4180
