Card ID,Title,Description,Column,Swimlane,Priority,Assignee,Labels,Due Date,Weight,Created At,Created By,Last Moved At,Movement Count,Movement History,Custom: Story points,Custom: Issue type,Custom: Release,Custom: Environments,Custom: Needs migration,Custom: Spec,Custom: Target date,Swimlane Custom: Tech lead,Swimlane Custom: On-call,Swimlane Custom: Runbook,Swimlane Custom: Cost center
1,Keyboard shortcut cheat sheet overlay,,Backlog,Web App,low,demo4,Improvement,2026-04-24,7,2026-01-31T12:00:00+00:00,demo4,2026-01-31T12:00:00+00:00,1,2026-01-31T12:00:00+00:00||Backlog|demo4,1,Story,1.9,Staging; Production,true,,2026-03-25,Elena Petrova,Tariq Aziz,https://wiki.example.com/runbooks/web-app,CC-5200
2,Dashboards for p95 latency by endpoint,,Backlog,Web App,medium,,,2026-02-24,4,2026-01-17T12:00:00+00:00,demo5,2026-01-17T12:00:00+00:00,1,2026-01-17T12:00:00+00:00||Backlog|demo5,13,Chore,2.0,Dev; Staging; Production,false,,,Elena Petrova,Tariq Aziz,https://wiki.example.com/runbooks/web-app,CC-5200
3,Fix card drag ghost image flicker in Safari,Owned by the Mobile squad. Split anything bigger than eight points before it enters Ready.,Backlog,Mobile,urgent,demo1,Tech Debt,2026-02-14,2,2025-12-20T12:00:00+00:00,demo1,2025-12-20T12:00:00+00:00,1,2025-12-20T12:00:00+00:00||Backlog|demo1,13,Chore,Unscheduled,Dev; Production,false,https://wiki.example.com/specs/1001,,Kwame Mensah,Mei Lin,https://wiki.example.com/runbooks/mobile,CC-5210
4,Document the idempotency key header,"Mobile squad work item. Link the merge request once a branch exists, and move it to Review only when CI is green.",Backlog,Mobile,low,,"Feature, Bug",,3,2026-01-17T12:00:00+00:00,demo5,2026-01-17T12:00:00+00:00,1,2026-01-17T12:00:00+00:00||Backlog|demo5,1,Story,Unscheduled,Dev; Staging,false,,,Kwame Mensah,Mei Lin,https://wiki.example.com/runbooks/mobile,CC-5210
5,Inline editing for card titles on the board,"API squad work item. Link the merge request once a branch exists, and move it to Review only when CI is green.",Backlog,API,high,demo3,"Bug, Blocked",,5,2026-01-15T12:00:00+00:00,demo3,2026-01-15T12:00:00+00:00,1,2026-01-15T12:00:00+00:00||Backlog|demo3,5,Spike,Unscheduled,Dev; Production,false,,2026-03-12,Hana Kobayashi,Jonas Berg,https://wiki.example.com/runbooks/api,CC-5220
6,Fix keyboard covering the comment box on small phones,Owned by the API squad. Split anything bigger than eight points before it enters Ready.,Backlog,API,high,,"Blocked, Bug",,4,2026-02-03T12:00:00+00:00,demo5,2026-02-03T12:00:00+00:00,1,2026-02-03T12:00:00+00:00||Backlog|demo5,2,Story,1.9,Dev,false,,2026-04-12,Hana Kobayashi,Jonas Berg,https://wiki.example.com/runbooks/api,CC-5220
7,Add an updated_since filter to the card list,"API squad work item. Link the merge request once a branch exists, and move it to Review only when CI is green.",Backlog,API,high,demo1,"Blocked, Improvement",,5,2026-02-04T12:00:00+00:00,demo1,2026-02-04T12:00:00+00:00,1,2026-02-04T12:00:00+00:00||Backlog|demo1,1,Story,Unscheduled,Dev; Staging,false,,,Hana Kobayashi,Jonas Berg,https://wiki.example.com/runbooks/api,CC-5220
8,Replace hand-rolled retry loops with one helper,,Backlog,API,medium,demo2,"Blocked, Improvement",2026-03-08,7,2026-02-07T12:00:00+00:00,demo2,2026-02-07T12:00:00+00:00,1,2026-02-07T12:00:00+00:00||Backlog|demo2,1,Chore,2.0,Dev,false,https://wiki.example.com/specs/1034,2026-04-18,Hana Kobayashi,Jonas Berg,https://wiki.example.com/runbooks/api,CC-5220
9,Push notification for cards assigned to me,,Backlog,Platform,medium,demo1,"Bug, Feature",2026-02-23,3,2026-01-11T12:00:00+00:00,demo1,2026-01-11T12:00:00+00:00,1,2026-01-11T12:00:00+00:00||Backlog|demo1,1,Spike,2.0,Dev; Staging,false,https://wiki.example.com/specs/1011,2026-03-18,Lucas Ferreira,Isabel Ortiz,https://wiki.example.com/runbooks/platform,CC-5230
10,Crash reporting with source maps for release builds,"Platform squad work item. Link the merge request once a branch exists, and move it to Review only when CI is green.",Backlog,Platform,low,demo2,"Hotfix, Blocked",2026-03-01,6,2026-01-03T12:00:00+00:00,demo2,2026-01-03T12:00:00+00:00,1,2026-01-03T12:00:00+00:00||Backlog|demo2,8,Story,1.9,Staging; Production,false,,2026-03-29,Lucas Ferreira,Isabel Ortiz,https://wiki.example.com/runbooks/platform,CC-5230
11,Bulk archive endpoint for finished cards,,Backlog,Platform,high,demo3,,2026-03-17,4,2026-01-25T12:00:00+00:00,demo3,2026-01-25T12:00:00+00:00,1,2026-01-25T12:00:00+00:00||Backlog|demo3,1,Spike,1.8,Dev; Staging; Production,false,,2026-03-17,Lucas Ferreira,Isabel Ortiz,https://wiki.example.com/runbooks/platform,CC-5230
12,Reduce initial bundle size below 250 KB,Owned by the Infrastructure squad. Split anything bigger than eight points before it enters Ready.,Backlog,Infrastructure,high,demo2,,,1,2026-01-04T12:00:00+00:00,demo2,2026-01-04T12:00:00+00:00,1,2026-01-04T12:00:00+00:00||Backlog|demo2,8,Story,1.8,Dev; Staging,true,,2026-03-12,Nadia Haddad,Avery Brooks,https://wiki.example.com/runbooks/infrastructure,CC-5240
13,Autoscale workers on job latency instead of CPU,"Infrastructure squad work item. Link the merge request once a branch exists, and move it to Review only when CI is green.",Backlog,Infrastructure,high,demo2,,2026-03-25,7,2025-12-22T12:00:00+00:00,demo2,2025-12-22T12:00:00+00:00,1,2025-12-22T12:00:00+00:00||Backlog|demo2,8,Bug,1.8,Staging,true,https://wiki.example.com/specs/1044,2026-04-06,Nadia Haddad,Avery Brooks,https://wiki.example.com/runbooks/infrastructure,CC-5240
14,Swipe to move a card to the next column,"Quality squad work item. Link the merge request once a branch exists, and move it to Review only when CI is green.",Backlog,Quality,urgent,,Feature,,2,2025-12-13T12:00:00+00:00,demo5,2025-12-13T12:00:00+00:00,1,2025-12-13T12:00:00+00:00||Backlog|demo5,13,Bug,1.9,Staging; Production,false,,,Owen Gallagher,Priya Raman,https://wiki.example.com/runbooks/quality,CC-5250
15,Fix N+1 query on the board summary endpoint,"Quality squad work item. Link the merge request once a branch exists, and move it to Review only when CI is green.",Backlog,Quality,high,demo1,,2026-03-23,8,2026-02-01T12:00:00+00:00,demo1,2026-02-01T12:00:00+00:00,1,2026-02-01T12:00:00+00:00||Backlog|demo1,13,Spike,1.8,Dev; Production,false,,,Owen Gallagher,Priya Raman,https://wiki.example.com/runbooks/quality,CC-5250
16,Terraform module for the staging environment,Owned by the Quality squad. Split anything bigger than eight points before it enters Ready.,Backlog,Quality,high,demo4,Feature,2026-03-24,4,2026-01-28T12:00:00+00:00,demo4,2026-01-28T12:00:00+00:00,1,2026-01-28T12:00:00+00:00||Backlog|demo4,2,Chore,2.0,Dev; Staging,false,,2026-04-13,Owen Gallagher,Priya Raman,https://wiki.example.com/runbooks/quality,CC-5250
17,SOC 2 evidence collection for access reviews,,Backlog,Quality,high,demo2,Improvement,2026-04-12,6,2026-01-05T12:00:00+00:00,demo2,2026-01-05T12:00:00+00:00,1,2026-01-05T12:00:00+00:00||Backlog|demo2,13,Bug,Unscheduled,Staging; Production,false,https://wiki.example.com/specs/1069,2026-04-20,Owen Gallagher,Priya Raman,https://wiki.example.com/runbooks/quality,CC-5250
18,Nightly database backup restore drill,,Backlog,Security,medium,demo1,"Tech Debt, Improvement",,7,2025-12-28T12:00:00+00:00,demo1,2025-12-28T12:00:00+00:00,1,2025-12-28T12:00:00+00:00||Backlog|demo1,5,Chore,2.0,Dev,true,,,Sofia Marino,Marcus Hale,https://wiki.example.com/runbooks/security,CC-5260
19,Style guide for release notes,Owned by the Security squad. Split anything bigger than eight points before it enters Ready.,Backlog,Security,medium,,"Feature, Blocked",2026-03-20,7,2026-02-08T12:00:00+00:00,demo5,2026-02-08T12:00:00+00:00,1,2026-02-08T12:00:00+00:00||Backlog|demo5,8,Bug,1.8,Production,false,https://wiki.example.com/specs/1078,,Sofia Marino,Marcus Hale,https://wiki.example.com/runbooks/security,CC-5260
20,Fix focus loss after closing the card modal,Owned by the Developer Docs squad. Split anything bigger than eight points before it enters Ready.,Backlog,Developer Docs,medium,demo3,Tech Debt,2026-03-02,8,2025-12-14T12:00:00+00:00,demo3,2025-12-14T12:00:00+00:00,1,2025-12-14T12:00:00+00:00||Backlog|demo3,3,Spike,1.9,Dev; Staging; Production,false,,2026-03-18,Tariq Aziz,Elena Petrova,https://wiki.example.com/runbooks/developer-docs,CC-5270
21,Move container builds to the new runner pool,,Backlog,Developer Docs,medium,demo3,Bug,,2,2025-12-20T12:00:00+00:00,demo3,2025-12-20T12:00:00+00:00,1,2025-12-20T12:00:00+00:00||Backlog|demo3,5,Story,1.9,Production,false,https://wiki.example.com/specs/1047,2026-04-29,Tariq Aziz,Elena Petrova,https://wiki.example.com/runbooks/developer-docs,CC-5270
22,Contributor guide: running the test suite locally,,Backlog,Developer Docs,high,demo2,Bug,,1,2026-02-01T12:00:00+00:00,demo2,2026-02-01T12:00:00+00:00,1,2026-02-01T12:00:00+00:00||Backlog|demo2,5,Spike,Unscheduled,Staging,false,https://wiki.example.com/specs/1079,2026-04-05,Tariq Aziz,Elena Petrova,https://wiki.example.com/runbooks/developer-docs,CC-5270
23,Feature flag service with percentage rollouts,Owned by the Web App squad. Split anything bigger than eight points before it enters Ready.,Ready,Web App,medium,demo3,,2026-03-21,4,2026-01-25T12:00:00+00:00,demo3,2026-02-01T12:00:00+00:00,2,2026-01-25T12:00:00+00:00||Backlog|demo3; 2026-02-01T12:00:00+00:00|Backlog|Ready|demo4,2,Chore,Unscheduled,Dev; Staging; Production,false,https://wiki.example.com/specs/1032,,Elena Petrova,Tariq Aziz,https://wiki.example.com/runbooks/web-app,CC-5200
24,Cache dependencies between CI pipeline runs,,Ready,Web App,high,demo4,Bug,2026-04-28,2,2025-12-15T12:00:00+00:00,demo4,2026-01-05T12:00:00+00:00,2,2025-12-15T12:00:00+00:00||Backlog|demo4; 2026-01-05T12:00:00+00:00|Backlog|Ready|demo5,3,Chore,Unscheduled,Dev; Staging; Production,false,,,Elena Petrova,Tariq Aziz,https://wiki.example.com/runbooks/web-app,CC-5200
25,Release checklist automation,Owned by the Web App squad. Split anything bigger than eight points before it enters Ready.,Ready,Web App,high,demo1,Improvement,2026-02-14,4,2026-01-01T12:00:00+00:00,demo1,2026-01-14T12:00:00+00:00,2,2026-01-01T12:00:00+00:00||Backlog|demo1; 2026-01-14T12:00:00+00:00|Backlog|Ready|demo2,1,Chore,2.0,Staging; Production,false,https://wiki.example.com/specs/1056,2026-03-13,Elena Petrova,Tariq Aziz,https://wiki.example.com/runbooks/web-app,CC-5200
26,Add CSP headers to the web app,,Ready,Quality,medium,demo1,Blocked,2026-04-01,3,2026-01-27T12:00:00+00:00,demo1,2026-02-05T12:00:00+00:00,2,2026-01-27T12:00:00+00:00||Backlog|demo1; 2026-02-05T12:00:00+00:00|Backlog|Ready|demo2,1,Chore,2.0,Dev; Production,false,,,Owen Gallagher,Priya Raman,https://wiki.example.com/runbooks/quality,CC-5250
27,Architecture overview diagram refresh,Owned by the Quality squad. Split anything bigger than eight points before it enters Ready.,Ready,Quality,medium,demo3,Blocked,2026-02-26,5,2025-12-12T12:00:00+00:00,demo3,2026-01-01T12:00:00+00:00,2,2025-12-12T12:00:00+00:00||Backlog|demo3; 2026-01-01T12:00:00+00:00|Backlog|Ready|demo4,8,Bug,2.0,Dev,false,,2026-04-27,Owen Gallagher,Priya Raman,https://wiki.example.com/runbooks/quality,CC-5250
28,Structured logging format across services,Owned by the Security squad. Split anything bigger than eight points before it enters Ready.,Ready,Security,urgent,,Blocked,,3,2025-12-25T12:00:00+00:00,demo5,2026-01-15T12:00:00+00:00,2,2025-12-25T12:00:00+00:00||Backlog|demo5; 2026-01-15T12:00:00+00:00|Backlog|Ready|demo1,13,Spike,2.0,Staging,false,,2026-04-15,Sofia Marino,Marcus Hale,https://wiki.example.com/runbooks/security,CC-5260
29,Contract tests between the web app and the API,Owned by the Security squad. Split anything bigger than eight points before it enters Ready.,Ready,Security,medium,demo2,Bug,,7,2025-12-11T12:00:00+00:00,demo2,2025-12-27T12:00:00+00:00,2,2025-12-11T12:00:00+00:00||Backlog|demo2; 2025-12-27T12:00:00+00:00|Backlog|Ready|demo3,3,Spike,Unscheduled,Dev; Staging; Production,false,,2026-04-20,Sofia Marino,Marcus Hale,https://wiki.example.com/runbooks/security,CC-5260
30,Tablet layout for the board view,"Developer Docs squad work item. Link the merge request once a branch exists, and move it to Review only when CI is green.",Ready,Developer Docs,medium,demo4,Improvement,,3,2026-02-03T12:00:00+00:00,demo4,2026-02-16T12:00:00+00:00,2,2026-02-03T12:00:00+00:00||Backlog|demo4; 2026-02-16T12:00:00+00:00|Backlog|Ready|demo5,13,Chore,1.9,Dev,false,https://wiki.example.com/specs/1015,,Tariq Aziz,Elena Petrova,https://wiki.example.com/runbooks/developer-docs,CC-5270
31,Webhook retry with exponential backoff,,Ready,Developer Docs,urgent,,"Blocked, Tech Debt",2026-04-22,2,2026-02-10T12:00:00+00:00,demo5,2026-02-21T12:00:00+00:00,2,2026-02-10T12:00:00+00:00||Backlog|demo5; 2026-02-21T12:00:00+00:00|Backlog|Ready|demo1,1,Story,1.8,Dev; Staging; Production,false,,,Tariq Aziz,Elena Petrova,https://wiki.example.com/runbooks/developer-docs,CC-5270
32,Background job dashboard for stuck tasks,,Ready,Developer Docs,urgent,demo2,,2026-03-02,2,2026-02-13T12:00:00+00:00,demo2,2026-02-21T12:00:00+00:00,2,2026-02-13T12:00:00+00:00||Backlog|demo2; 2026-02-21T12:00:00+00:00|Backlog|Ready|demo3,2,Spike,Unscheduled,Dev; Production,false,,,Tariq Aziz,Elena Petrova,https://wiki.example.com/runbooks/developer-docs,CC-5270
33,Test data factory for multi-board scenarios,,Ready,Developer Docs,urgent,demo4,,2026-03-10,6,2026-01-27T12:00:00+00:00,demo4,2026-02-10T12:00:00+00:00,2,2026-01-27T12:00:00+00:00||Backlog|demo4; 2026-02-10T12:00:00+00:00|Backlog|Ready|demo5,5,Chore,2.0,Dev; Staging,false,https://wiki.example.com/specs/1055,,Tariq Aziz,Elena Petrova,https://wiki.example.com/runbooks/developer-docs,CC-5270
34,Quickstart: your first webhook in five minutes,"Developer Docs squad work item. Link the merge request once a branch exists, and move it to Review only when CI is green.",Ready,Developer Docs,low,demo1,"Improvement, Tech Debt",,1,2026-01-16T12:00:00+00:00,demo1,2026-02-02T12:00:00+00:00,2,2026-01-16T12:00:00+00:00||Backlog|demo1; 2026-02-02T12:00:00+00:00|Backlog|Ready|demo2,5,Spike,2.0,Staging; Production,false,,2026-03-12,Tariq Aziz,Elena Petrova,https://wiki.example.com/runbooks/developer-docs,CC-5270
35,Upgrade React Native to the current stable release,,In Progress,Web App,medium,demo1,Tech Debt,,3,2026-01-23T12:00:00+00:00,demo1,2026-01-31T12:00:00+00:00,3,2026-01-23T12:00:00+00:00||Backlog|demo1; 2026-01-29T12:00:00+00:00|Backlog|Ready|demo2; 2026-01-31T12:00:00+00:00|Ready|In Progress|demo3,8,Story,1.8,Dev; Staging; Production,false,,,Elena Petrova,Tariq Aziz,https://wiki.example.com/runbooks/web-app,CC-5200
36,Return 410 Gone for the retired v0 endpoints,,In Progress,Web App,high,demo2,"Improvement, Feature",2026-04-19,8,2025-12-27T12:00:00+00:00,demo2,2026-01-21T12:00:00+00:00,3,2025-12-27T12:00:00+00:00||Backlog|demo2; 2026-01-11T12:00:00+00:00|Backlog|Ready|demo3; 2026-01-21T12:00:00+00:00|Ready|In Progress|demo4,3,Bug,1.8,Dev,false,https://wiki.example.com/specs/1024,,Elena Petrova,Tariq Aziz,https://wiki.example.com/runbooks/web-app,CC-5200
37,Virtualize long columns to keep scrolling smooth,,In Progress,Mobile,medium,demo2,Tech Debt,2026-03-31,3,2026-01-15T12:00:00+00:00,demo2,2026-01-30T12:00:00+00:00,3,2026-01-15T12:00:00+00:00||Backlog|demo2; 2026-01-20T12:00:00+00:00|Backlog|Ready|demo3; 2026-01-30T12:00:00+00:00|Ready|In Progress|demo4,8,Bug,1.9,Staging; Production,false,https://wiki.example.com/specs/1009,,Kwame Mensah,Mei Lin,https://wiki.example.com/runbooks/mobile,CC-5210
38,Share a card link from the native share sheet,Owned by the Mobile squad. Split anything bigger than eight points before it enters Ready.,In Progress,Mobile,low,demo3,"Improvement, Hotfix",2026-02-19,5,2026-02-12T12:00:00+00:00,demo3,2026-02-23T12:00:00+00:00,3,2026-02-12T12:00:00+00:00||Backlog|demo3; 2026-02-21T12:00:00+00:00|Backlog|Ready|demo4; 2026-02-23T12:00:00+00:00|Ready|In Progress|demo5,8,Spike,Unscheduled,Dev; Staging,false,,,Kwame Mensah,Mei Lin,https://wiki.example.com/runbooks/mobile,CC-5210
39,Blue-green deploy for the API tier,Owned by the Mobile squad. Split anything bigger than eight points before it enters Ready.,In Progress,Mobile,medium,demo1,"Tech Debt, Bug",,5,2026-01-20T12:00:00+00:00,demo1,2026-02-14T12:00:00+00:00,5,2026-01-20T12:00:00+00:00||Backlog|demo1; 2026-01-30T12:00:00+00:00|Backlog|Ready|demo2; 2026-02-05T12:00:00+00:00|Ready|Backlog|demo3; 2026-02-10T12:00:00+00:00|Backlog|Ready|demo4; 2026-02-14T12:00:00+00:00|Ready|In Progress|demo5,5,Bug,Unscheduled,Dev; Production,false,,2026-04-13,Kwame Mensah,Mei Lin,https://wiki.example.com/runbooks/mobile,CC-5210
40,Quarantine and fix the five flakiest end-to-end tests,Owned by the API squad. Split anything bigger than eight points before it enters Ready.,In Progress,API,medium,demo4,"Improvement, Bug",,3,2026-01-24T12:00:00+00:00,demo4,2026-02-18T12:00:00+00:00,5,2026-01-24T12:00:00+00:00||Backlog|demo4; 2026-02-05T12:00:00+00:00|Backlog|Ready|demo5; 2026-02-13T12:00:00+00:00|Ready|Backlog|demo1; 2026-02-15T12:00:00+00:00|Backlog|Ready|demo2; 2026-02-18T12:00:00+00:00|Ready|In Progress|demo3,1,Spike,1.9,Dev,true,,2026-03-30,Hana Kobayashi,Jonas Berg,https://wiki.example.com/runbooks/api,CC-5220
41,Threat model for the new sharing feature,Owned by the API squad. Split anything bigger than eight points before it enters Ready.,In Progress,API,high,demo1,,2026-03-27,3,2026-01-02T12:00:00+00:00,demo1,2026-01-28T12:00:00+00:00,3,2026-01-02T12:00:00+00:00||Backlog|demo1; 2026-01-17T12:00:00+00:00|Backlog|Ready|demo2; 2026-01-28T12:00:00+00:00|Ready|In Progress|demo3,5,Spike,1.8,Dev; Staging; Production,false,,,Hana Kobayashi,Jonas Berg,https://wiki.example.com/runbooks/api,CC-5220
42,Rotate database credentials without downtime,"Platform squad work item. Link the merge request once a branch exists, and move it to Review only when CI is green.",In Progress,Platform,medium,,,2026-02-24,7,2026-01-05T12:00:00+00:00,demo5,2026-01-19T12:00:00+00:00,3,2026-01-05T12:00:00+00:00||Backlog|demo5; 2026-01-10T12:00:00+00:00|Backlog|Ready|demo1; 2026-01-19T12:00:00+00:00|Ready|In Progress|demo2,8,Chore,1.8,Dev; Staging; Production,false,https://wiki.example.com/specs/1043,2026-03-28,Lucas Ferreira,Isabel Ortiz,https://wiki.example.com/runbooks/platform,CC-5230
43,Smoke test suite that gates every deploy,,In Progress,Platform,urgent,demo1,"Improvement, Bug",2026-03-01,8,2025-12-24T12:00:00+00:00,demo1,2026-01-28T12:00:00+00:00,3,2025-12-24T12:00:00+00:00||Backlog|demo1; 2026-01-09T12:00:00+00:00|Backlog|Ready|demo2; 2026-01-28T12:00:00+00:00|Ready|In Progress|demo3,13,Story,1.8,Dev; Staging,false,https://wiki.example.com/specs/1051,,Lucas Ferreira,Isabel Ortiz,https://wiki.example.com/runbooks/platform,CC-5230
44,Raise backend coverage on the import path,"Platform squad work item. Link the merge request once a branch exists, and move it to Review only when CI is green.",In Progress,Platform,medium,demo2,"Bug, Improvement",2026-03-09,1,2026-01-31T12:00:00+00:00,demo2,2026-02-22T12:00:00+00:00,5,2026-01-31T12:00:00+00:00||Backlog|demo2; 2026-02-12T12:00:00+00:00|Backlog|Ready|demo3; 2026-02-14T12:00:00+00:00|Ready|Backlog|demo4; 2026-02-20T12:00:00+00:00|Backlog|Ready|demo5; 2026-02-22T12:00:00+00:00|Ready|In Progress|demo1,2,Story,1.9,Production,false,https://wiki.example.com/specs/1059,2026-03-22,Lucas Ferreira,Isabel Ortiz,https://wiki.example.com/runbooks/platform,CC-5230
45,Troubleshooting page for common import errors,,In Progress,Platform,high,demo4,"Feature, Blocked",2026-03-25,2,2026-01-01T12:00:00+00:00,demo4,2026-01-16T12:00:00+00:00,3,2026-01-01T12:00:00+00:00||Backlog|demo4; 2026-01-13T12:00:00+00:00|Backlog|Ready|demo5; 2026-01-16T12:00:00+00:00|Ready|In Progress|demo1,13,Spike,Unscheduled,Staging,false,,2026-03-17,Lucas Ferreira,Isabel Ortiz,https://wiki.example.com/runbooks/platform,CC-5230
46,Fix crash when opening a card with a deleted label,Owned by the Infrastructure squad. Split anything bigger than eight points before it enters Ready.,In Progress,Infrastructure,medium,demo3,,2026-03-19,2,2026-01-02T12:00:00+00:00,demo3,2026-01-23T12:00:00+00:00,3,2026-01-02T12:00:00+00:00||Backlog|demo3; 2026-01-08T12:00:00+00:00|Backlog|Ready|demo4; 2026-01-23T12:00:00+00:00|Ready|In Progress|demo5,3,Chore,1.8,Dev; Production,false,,,Nadia Haddad,Avery Brooks,https://wiki.example.com/runbooks/infrastructure,CC-5240
47,Local development seed command for new engineers,Owned by the Infrastructure squad. Split anything bigger than eight points before it enters Ready.,In Progress,Infrastructure,high,demo1,"Blocked, Hotfix",2026-03-16,7,2025-12-23T12:00:00+00:00,demo1,2026-01-28T12:00:00+00:00,5,2025-12-23T12:00:00+00:00||Backlog|demo1; 2026-01-08T12:00:00+00:00|Backlog|Ready|demo2; 2026-01-15T12:00:00+00:00|Ready|Backlog|demo3; 2026-01-17T12:00:00+00:00|Backlog|Ready|demo4; 2026-01-28T12:00:00+00:00|Ready|In Progress|demo5,1,Spike,2.0,Production,false,,,Nadia Haddad,Avery Brooks,https://wiki.example.com/runbooks/infrastructure,CC-5240
48,Add curl examples to every endpoint page,,In Progress,Infrastructure,low,demo1,"Feature, Bug",2026-03-26,7,2026-01-07T12:00:00+00:00,demo1,2026-01-30T12:00:00+00:00,5,2026-01-07T12:00:00+00:00||Backlog|demo1; 2026-01-16T12:00:00+00:00|Backlog|Ready|demo2; 2026-01-18T12:00:00+00:00|Ready|Backlog|demo3; 2026-01-25T12:00:00+00:00|Backlog|Ready|demo4; 2026-01-30T12:00:00+00:00|Ready|In Progress|demo5,5,Chore,1.9,Dev; Staging; Production,false,,,Nadia Haddad,Avery Brooks,https://wiki.example.com/runbooks/infrastructure,CC-5240
49,Empty state for boards with no swimlanes,,In Progress,Quality,medium,demo4,"Tech Debt, Blocked",2026-03-30,8,2026-01-11T12:00:00+00:00,demo4,2026-01-26T12:00:00+00:00,3,2026-01-11T12:00:00+00:00||Backlog|demo4; 2026-01-18T12:00:00+00:00|Backlog|Ready|demo5; 2026-01-26T12:00:00+00:00|Ready|In Progress|demo1,3,Chore,2.0,Dev,false,,,Owen Gallagher,Priya Raman,https://wiki.example.com/runbooks/quality,CC-5250
50,Deprecation headers on legacy query parameters,,In Progress,Quality,high,demo2,Bug,2026-02-14,2,2025-12-27T12:00:00+00:00,demo2,2026-01-19T12:00:00+00:00,3,2025-12-27T12:00:00+00:00||Backlog|demo2; 2026-01-17T12:00:00+00:00|Backlog|Ready|demo3; 2026-01-19T12:00:00+00:00|Ready|In Progress|demo4,2,Chore,1.8,Dev; Staging; Production,false,,2026-03-12,Owen Gallagher,Priya Raman,https://wiki.example.com/runbooks/quality,CC-5250
51,Deprecate the legacy event bus adapter,,In Progress,Quality,medium,demo3,Feature,2026-03-13,2,2026-01-21T12:00:00+00:00,demo3,2026-02-14T12:00:00+00:00,5,2026-01-21T12:00:00+00:00||Backlog|demo3; 2026-02-02T12:00:00+00:00|Backlog|Ready|demo4; 2026-02-04T12:00:00+00:00|Ready|Backlog|demo5; 2026-02-06T12:00:00+00:00|Backlog|Ready|demo1; 2026-02-14T12:00:00+00:00|Ready|In Progress|demo2,8,Bug,1.8,Dev; Staging; Production,false,https://wiki.example.com/specs/1037,2026-04-27,Owen Gallagher,Priya Raman,https://wiki.example.com/runbooks/quality,CC-5250
52,Biometric unlock for the saved session,,In Progress,Security,high,demo2,Bug,,7,2026-01-18T12:00:00+00:00,demo2,2026-02-13T12:00:00+00:00,5,2026-01-18T12:00:00+00:00||Backlog|demo2; 2026-01-24T12:00:00+00:00|Backlog|Ready|demo3; 2026-02-02T12:00:00+00:00|Ready|Backlog|demo4; 2026-02-05T12:00:00+00:00|Backlog|Ready|demo5; 2026-02-13T12:00:00+00:00|Ready|In Progress|demo1,3,Chore,1.9,Dev; Staging; Production,true,,,Sofia Marino,Marcus Hale,https://wiki.example.com/runbooks/security,CC-5260
53,Document the pagination change in the API reference,Owned by the Security squad. Split anything bigger than eight points before it enters Ready.,In Progress,Security,low,demo4,"Feature, Bug",2026-02-28,2,2026-02-04T12:00:00+00:00,demo4,2026-02-17T12:00:00+00:00,3,2026-02-04T12:00:00+00:00||Backlog|demo4; 2026-02-11T12:00:00+00:00|Backlog|Ready|demo5; 2026-02-17T12:00:00+00:00|Ready|In Progress|demo1,8,Story,Unscheduled,Dev; Staging,false,,,Sofia Marino,Marcus Hale,https://wiki.example.com/runbooks/security,CC-5260
54,Typed client SDK generated from the OpenAPI schema,,In Progress,Developer Docs,high,demo1,"Feature, Hotfix",,3,2025-12-27T12:00:00+00:00,demo1,2026-02-03T12:00:00+00:00,5,2025-12-27T12:00:00+00:00||Backlog|demo1; 2026-01-05T12:00:00+00:00|Backlog|Ready|demo2; 2026-01-18T12:00:00+00:00|Ready|Backlog|demo3; 2026-01-28T12:00:00+00:00|Backlog|Ready|demo4; 2026-02-03T12:00:00+00:00|Ready|In Progress|demo5,5,Bug,1.9,Dev; Production,false,,,Tariq Aziz,Elena Petrova,https://wiki.example.com/runbooks/developer-docs,CC-5270
55,Penetration test findings: triage and assign,,In Progress,Developer Docs,high,,"Feature, Hotfix",2026-04-28,1,2026-02-01T12:00:00+00:00,demo5,2026-02-26T12:00:00+00:00,3,2026-02-01T12:00:00+00:00||Backlog|demo5; 2026-02-16T12:00:00+00:00|Backlog|Ready|demo1; 2026-02-26T12:00:00+00:00|Ready|In Progress|demo2,13,Chore,Unscheduled,Dev,true,https://wiki.example.com/specs/1063,2026-04-03,Tariq Aziz,Elena Petrova,https://wiki.example.com/runbooks/developer-docs,CC-5270
56,Changelog entries for the last three releases,Owned by the Web App squad. Split anything bigger than eight points before it enters Ready.,In Review,Web App,low,demo3,Feature,2026-02-16,1,2026-02-10T12:00:00+00:00,demo3,2026-02-24T12:00:00+00:00,4,2026-02-10T12:00:00+00:00||Backlog|demo3; 2026-02-18T12:00:00+00:00|Backlog|Ready|demo4; 2026-02-21T12:00:00+00:00|Ready|In Progress|demo5; 2026-02-24T12:00:00+00:00|In Progress|In Review|demo1,3,Story,1.9,Dev; Staging; Production,false,,,Elena Petrova,Tariq Aziz,https://wiki.example.com/runbooks/web-app,CC-5200
57,Centralize error codes in one registry,,In Review,Mobile,low,,"Improvement, Bug",2026-02-27,4,2025-12-23T12:00:00+00:00,demo5,2026-01-20T12:00:00+00:00,3,2025-12-23T12:00:00+00:00||Backlog|demo5; 2026-01-07T12:00:00+00:00|Backlog|Ready|demo1; 2026-01-20T12:00:00+00:00|Ready|In Review|demo2,8,Story,1.9,Dev; Staging; Production,false,,2026-03-13,Kwame Mensah,Mei Lin,https://wiki.example.com/runbooks/mobile,CC-5210
58,Runbook for failing over the primary database,"Mobile squad work item. Link the merge request once a branch exists, and move it to Review only when CI is green.",In Review,Mobile,medium,demo2,Improvement,,6,2026-01-31T12:00:00+00:00,demo2,2026-02-23T12:00:00+00:00,6,2026-01-31T12:00:00+00:00||Backlog|demo2; 2026-02-07T12:00:00+00:00|Backlog|Ready|demo3; 2026-02-09T12:00:00+00:00|Ready|In Progress|demo4; 2026-02-14T12:00:00+00:00|In Progress|Ready|demo5; 2026-02-18T12:00:00+00:00|Ready|In Progress|demo1; 2026-02-23T12:00:00+00:00|In Progress|In Review|demo2,1,Bug,1.9,Dev; Production,false,,2026-04-23,Kwame Mensah,Mei Lin,https://wiki.example.com/runbooks/mobile,CC-5210
59,Accessibility audit of the card modal,,In Review,Mobile,urgent,demo3,"Feature, Tech Debt",,6,2026-01-14T12:00:00+00:00,demo3,2026-02-15T12:00:00+00:00,3,2026-01-14T12:00:00+00:00||Backlog|demo3; 2026-01-31T12:00:00+00:00|Backlog|In Progress|demo4; 2026-02-15T12:00:00+00:00|In Progress|In Review|demo5,1,Chore,1.9,Dev; Staging,true,,,Kwame Mensah,Mei Lin,https://wiki.example.com/runbooks/mobile,CC-5210
60,Secrets scanning in pre-commit and CI,,In Review,Mobile,low,demo4,Feature,,7,2025-12-22T12:00:00+00:00,demo4,2026-01-16T12:00:00+00:00,3,2025-12-22T12:00:00+00:00||Backlog|demo4; 2026-01-02T12:00:00+00:00|Backlog|In Progress|demo5; 2026-01-16T12:00:00+00:00|In Progress|In Review|demo1,3,Bug,1.8,Dev; Staging; Production,false,https://wiki.example.com/specs/1065,2026-03-31,Kwame Mensah,Mei Lin,https://wiki.example.com/runbooks/mobile,CC-5210
61,Offline queue for card edits on flaky connections,Owned by the API squad. Split anything bigger than eight points before it enters Ready.,In Review,API,urgent,demo4,"Improvement, Hotfix",,2,2026-02-04T12:00:00+00:00,demo4,2026-02-17T12:00:00+00:00,3,2026-02-04T12:00:00+00:00||Backlog|demo4; 2026-02-11T12:00:00+00:00|Backlog|In Progress|demo5; 2026-02-17T12:00:00+00:00|In Progress|In Review|demo1,2,Chore,1.8,Staging; Production,false,https://wiki.example.com/specs/1010,2026-04-04,Hana Kobayashi,Jonas Berg,https://wiki.example.com/runbooks/api,CC-5220
62,Migration guide for the retired v0 endpoints,,In Review,API,medium,demo2,Hotfix,2026-04-29,5,2025-12-11T12:00:00+00:00,demo2,2026-01-07T12:00:00+00:00,3,2025-12-11T12:00:00+00:00||Backlog|demo2; 2025-12-26T12:00:00+00:00|Backlog|In Progress|demo3; 2026-01-07T12:00:00+00:00|In Progress|In Review|demo4,5,Bug,1.8,Staging; Production,false,https://wiki.example.com/specs/1074,2026-04-23,Hana Kobayashi,Jonas Berg,https://wiki.example.com/runbooks/api,CC-5220
63,Audit log writer shared by every service,"Platform squad work item. Link the merge request once a branch exists, and move it to Review only when CI is green.",In Review,Platform,low,demo4,Improvement,,3,2025-12-29T12:00:00+00:00,demo4,2026-01-28T12:00:00+00:00,6,2025-12-29T12:00:00+00:00||Backlog|demo4; 2026-01-05T12:00:00+00:00|Backlog|Ready|demo5; 2026-01-15T12:00:00+00:00|Ready|Backlog|demo1; 2026-01-17T12:00:00+00:00|Backlog|Ready|demo2; 2026-01-26T12:00:00+00:00|Ready|In Progress|demo3; 2026-01-28T12:00:00+00:00|In Progress|In Review|demo4,13,Bug,Unscheduled,Dev; Staging; Production,false,https://wiki.example.com/specs/1035,2026-03-21,Lucas Ferreira,Isabel Ortiz,https://wiki.example.com/runbooks/platform,CC-5230
64,Audit API tokens older than one year,,In Review,Platform,high,demo3,"Blocked, Feature",2026-04-03,3,2026-01-29T12:00:00+00:00,demo3,2026-02-18T12:00:00+00:00,4,2026-01-29T12:00:00+00:00||Backlog|demo3; 2026-02-05T12:00:00+00:00|Backlog|Ready|demo4; 2026-02-10T12:00:00+00:00|Ready|In Progress|demo5; 2026-02-18T12:00:00+00:00|In Progress|In Review|demo1,1,Spike,2.0,Dev; Staging; Production,false,https://wiki.example.com/specs/1067,,Lucas Ferreira,Isabel Ortiz,https://wiki.example.com/runbooks/platform,CC-5230
65,Fix timezone handling in due date filters,,In Review,Infrastructure,medium,,Improvement,2026-04-16,3,2026-01-22T12:00:00+00:00,demo5,2026-02-14T12:00:00+00:00,4,2026-01-22T12:00:00+00:00||Backlog|demo5; 2026-02-05T12:00:00+00:00|Backlog|Ready|demo1; 2026-02-07T12:00:00+00:00|Ready|In Progress|demo2; 2026-02-14T12:00:00+00:00|In Progress|In Review|demo3,5,Spike,2.0,Production,false,https://wiki.example.com/specs/1028,,Nadia Haddad,Avery Brooks,https://wiki.example.com/runbooks/infrastructure,CC-5240
66,Visual regression checks for the board view,Owned by the Infrastructure squad. Split anything bigger than eight points before it enters Ready.,In Review,Infrastructure,medium,demo3,Improvement,2026-04-25,1,2026-01-21T12:00:00+00:00,demo3,2026-02-15T12:00:00+00:00,6,2026-01-21T12:00:00+00:00||Backlog|demo3; 2026-01-28T12:00:00+00:00|Backlog|Ready|demo4; 2026-02-02T12:00:00+00:00|Ready|Backlog|demo5; 2026-02-06T12:00:00+00:00|Backlog|Ready|demo1; 2026-02-11T12:00:00+00:00|Ready|In Progress|demo2; 2026-02-15T12:00:00+00:00|In Progress|In Review|demo3,5,Chore,2.0,Dev; Staging; Production,false,https://wiki.example.com/specs/1052,2026-04-21,Nadia Haddad,Avery Brooks,https://wiki.example.com/runbooks/infrastructure,CC-5240
67,Upgrade the dependency flagged by the weekly scan,,In Review,Infrastructure,medium,demo4,,2026-03-30,6,2026-01-19T12:00:00+00:00,demo4,2026-02-05T12:00:00+00:00,3,2026-01-19T12:00:00+00:00||Backlog|demo4; 2026-01-31T12:00:00+00:00|Backlog|In Progress|demo5; 2026-02-05T12:00:00+00:00|In Progress|In Review|demo1,13,Spike,Unscheduled,Staging; Production,false,,,Nadia Haddad,Avery Brooks,https://wiki.example.com/runbooks/infrastructure,CC-5240
68,Fix IDOR on the attachment download route,,In Review,Infrastructure,urgent,,,2026-03-18,3,2025-12-28T12:00:00+00:00,demo5,2026-01-10T12:00:00+00:00,4,2025-12-28T12:00:00+00:00||Backlog|demo5; 2026-01-05T12:00:00+00:00|Backlog|Ready|demo1; 2026-01-07T12:00:00+00:00|Ready|In Progress|demo2; 2026-01-10T12:00:00+00:00|In Progress|In Review|demo3,5,Bug,Unscheduled,Dev; Staging; Production,false,,2026-04-23,Nadia Haddad,Avery Brooks,https://wiki.example.com/runbooks/infrastructure,CC-5240
69,Respect reduced-motion preference in drag animations,,In Review,Security,medium,demo1,"Bug, Hotfix",2026-02-24,5,2026-01-07T12:00:00+00:00,demo1,2026-01-26T12:00:00+00:00,6,2026-01-07T12:00:00+00:00||Backlog|demo1; 2026-01-12T12:00:00+00:00|Backlog|Ready|demo2; 2026-01-16T12:00:00+00:00|Ready|In Progress|demo3; 2026-01-18T12:00:00+00:00|In Progress|Ready|demo4; 2026-01-23T12:00:00+00:00|Ready|In Progress|demo5; 2026-01-26T12:00:00+00:00|In Progress|In Review|demo1,5,Spike,1.8,Staging; Production,true,https://wiki.example.com/specs/1006,,Sofia Marino,Marcus Hale,https://wiki.example.com/runbooks/security,CC-5260
70,Extract the shared date picker into the component library,,In Review,Security,low,demo4,Bug,2026-02-23,5,2026-02-08T12:00:00+00:00,demo4,2026-02-24T12:00:00+00:00,4,2026-02-08T12:00:00+00:00||Backlog|demo4; 2026-02-17T12:00:00+00:00|Backlog|Ready|demo5; 2026-02-21T12:00:00+00:00|Ready|In Progress|demo1; 2026-02-24T12:00:00+00:00|In Progress|In Review|demo2,5,Spike,1.8,Staging; Production,false,,2026-04-25,Sofia Marino,Marcus Hale,https://wiki.example.com/runbooks/security,CC-5260
71,Column header collapse remembers its state,"Web App squad work item. Link the merge request once a branch exists, and move it to Review only when CI is green.",Testing,Web App,high,,,2026-02-18,8,2025-12-25T12:00:00+00:00,demo5,2026-01-23T12:00:00+00:00,5,2025-12-25T12:00:00+00:00||Backlog|demo5; 2025-12-30T12:00:00+00:00|Backlog|Ready|demo1; 2026-01-09T12:00:00+00:00|Ready|In Progress|demo2; 2026-01-13T12:00:00+00:00|In Progress|In Review|demo3; 2026-01-23T12:00:00+00:00|In Review|Testing|demo4,2,Story,2.0,Dev,false,https://wiki.example.com/specs/1008,,Elena Petrova,Tariq Aziz,https://wiki.example.com/runbooks/web-app,CC-5200
72,Alert on queue depth before it backs up,"API squad work item. Link the merge request once a branch exists, and move it to Review only when CI is green.",Testing,API,high,demo3,,,5,2026-02-05T12:00:00+00:00,demo3,2026-02-25T12:00:00+00:00,4,2026-02-05T12:00:00+00:00||Backlog|demo3; 2026-02-16T12:00:00+00:00|Backlog|Ready|demo4; 2026-02-19T12:00:00+00:00|Ready|In Review|demo5; 2026-02-25T12:00:00+00:00|In Review|Testing|demo1,5,Spike,Unscheduled,Dev; Production,false,https://wiki.example.com/specs/1042,2026-04-20,Hana Kobayashi,Jonas Berg,https://wiki.example.com/runbooks/api,CC-5220
73,Cursor pagination on the card list endpoint,,Testing,Infrastructure,medium,demo4,Feature,2026-02-28,1,2026-01-23T12:00:00+00:00,demo4,2026-02-11T12:00:00+00:00,5,2026-01-23T12:00:00+00:00||Backlog|demo4; 2026-01-27T12:00:00+00:00|Backlog|Ready|demo5; 2026-02-03T12:00:00+00:00|Ready|In Progress|demo1; 2026-02-06T12:00:00+00:00|In Progress|In Review|demo2; 2026-02-11T12:00:00+00:00|In Review|Testing|demo3,2,Spike,2.0,Dev; Staging; Production,true,,2026-04-26,Nadia Haddad,Avery Brooks,https://wiki.example.com/runbooks/infrastructure,CC-5240
74,Load test the card move endpoint at 500 concurrent users,Owned by the Quality squad. Split anything bigger than eight points before it enters Ready.,Testing,Quality,medium,,Improvement,,4,2026-01-07T12:00:00+00:00,demo5,2026-01-29T12:00:00+00:00,5,2026-01-07T12:00:00+00:00||Backlog|demo5; 2026-01-14T12:00:00+00:00|Backlog|Ready|demo1; 2026-01-17T12:00:00+00:00|Ready|In Progress|demo2; 2026-01-24T12:00:00+00:00|In Progress|In Review|demo3; 2026-01-29T12:00:00+00:00|In Review|Testing|demo4,13,Spike,1.8,Staging; Production,false,https://wiki.example.com/specs/1053,2026-03-29,Owen Gallagher,Priya Raman,https://wiki.example.com/runbooks/quality,CC-5250
75,Idempotency keys for card creation,"Security squad work item. Link the merge request once a branch exists, and move it to Review only when CI is green.",Testing,Security,high,demo3,Tech Debt,,6,2025-12-19T12:00:00+00:00,demo3,2026-02-02T12:00:00+00:00,5,2025-12-19T12:00:00+00:00||Backlog|demo3; 2025-12-25T12:00:00+00:00|Backlog|Ready|demo4; 2026-01-08T12:00:00+00:00|Ready|In Progress|demo5; 2026-01-20T12:00:00+00:00|In Progress|In Review|demo1; 2026-02-02T12:00:00+00:00|In Review|Testing|demo2,2,Spike,1.9,Dev,false,,2026-03-24,Sofia Marino,Marcus Hale,https://wiki.example.com/runbooks/security,CC-5260
76,Session timeout and forced logout after password change,,Done,Web App,medium,demo2,"Bug, Improvement",,8,2026-02-12T12:00:00+00:00,demo2,2026-03-03T12:00:00+00:00,6,2026-02-12T12:00:00+00:00||Backlog|demo2; 2026-02-17T12:00:00+00:00|Backlog|Ready|demo3; 2026-02-19T12:00:00+00:00|Ready|In Review|demo4; 2026-02-21T12:00:00+00:00|In Review|Testing|demo5; 2026-02-25T12:00:00+00:00|Testing|Done|demo1; 2026-03-03T12:00:00+00:00|Done|Done|demo1,5,Bug,1.8,Dev; Staging,false,,2026-04-02,Elena Petrova,Tariq Aziz,https://wiki.example.com/runbooks/web-app,CC-5200
77,Rate limit the invite accept endpoint,"Mobile squad work item. Link the merge request once a branch exists, and move it to Review only when CI is green.",Done,Mobile,medium,demo4,Feature,,1,2026-01-24T12:00:00+00:00,demo4,2026-02-21T12:00:00+00:00,5,2026-01-24T12:00:00+00:00||Backlog|demo4; 2026-02-02T12:00:00+00:00|Backlog|Ready|demo5; 2026-02-07T12:00:00+00:00|Ready|In Review|demo1; 2026-02-13T12:00:00+00:00|In Review|Testing|demo2; 2026-02-21T12:00:00+00:00|Testing|Done|demo3,5,Spike,2.0,Staging,false,,2026-04-04,Kwame Mensah,Mei Lin,https://wiki.example.com/runbooks/mobile,CC-5210
78,Reproduce and triage the intermittent websocket drop,"API squad work item. Link the merge request once a branch exists, and move it to Review only when CI is green.",Done,API,urgent,,Tech Debt,2026-04-11,2,2025-12-30T12:00:00+00:00,demo5,2026-01-23T12:00:00+00:00,5,2025-12-30T12:00:00+00:00||Backlog|demo5; 2026-01-06T12:00:00+00:00|Backlog|Ready|demo1; 2026-01-14T12:00:00+00:00|Ready|In Progress|demo2; 2026-01-19T12:00:00+00:00|In Progress|Testing|demo3; 2026-01-23T12:00:00+00:00|Testing|Done|demo4,13,Bug,Unscheduled,Staging,true,,,Hana Kobayashi,Jonas Berg,https://wiki.example.com/runbooks/api,CC-5220
79,Move board filters into a saveable view,Owned by the Platform squad. Split anything bigger than eight points before it enters Ready.,Done,Platform,high,,"Bug, Blocked",2026-04-05,8,2026-01-23T12:00:00+00:00,demo5,2026-02-25T12:00:00+00:00,8,2026-01-23T12:00:00+00:00||Backlog|demo5; 2026-01-31T12:00:00+00:00|Backlog|Ready|demo1; 2026-02-03T12:00:00+00:00|Ready|In Progress|demo2; 2026-02-08T12:00:00+00:00|In Progress|In Review|demo3; 2026-02-13T12:00:00+00:00|In Review|In Progress|demo4; 2026-02-16T12:00:00+00:00|In Progress|In Review|demo5; 2026-02-21T12:00:00+00:00|In Review|Testing|demo1; 2026-02-25T12:00:00+00:00|Testing|Done|demo2,1,Chore,2.0,Dev; Staging,false,,,Lucas Ferreira,Isabel Ortiz,https://wiki.example.com/runbooks/platform,CC-5230
80,Review file upload limits and allowed types,Owned by the Security squad. Split anything bigger than eight points before it enters Ready.,Done,Security,urgent,demo3,"Bug, Tech Debt",,2,2026-02-08T12:00:00+00:00,demo3,2026-02-28T12:00:00+00:00,6,2026-02-08T12:00:00+00:00||Backlog|demo3; 2026-02-12T12:00:00+00:00|Backlog|Ready|demo4; 2026-02-14T12:00:00+00:00|Ready|In Progress|demo5; 2026-02-19T12:00:00+00:00|In Progress|In Review|demo1; 2026-02-23T12:00:00+00:00|In Review|Testing|demo2; 2026-02-28T12:00:00+00:00|Testing|Done|demo3,5,Spike,Unscheduled,Production,false,,2026-04-16,Sofia Marino,Marcus Hale,https://wiki.example.com/runbooks/security,CC-5260
